Status,Ticket ID,Priority,Source,Topic,Agent Group,Agent Name,Created time,Expected SLA to resolve,Expected SLA to first response,First response time,SLA For first response,Resolution time,SLA For Resolution,Close time,Agent interactions,Survey results,Product group,Support Level,Country,Latitude,Longitude
Closed,1012,Low,Email,Feature request,1st line support,Kristos Westoll,02-01-2023 00:58,04-01-2023 00:58,02-01-2023 01:58,03:17.4,Within SLA,31:51.7,Within SLA,02:59.0,1,3,Custom software development,Tier 1,Republic of Ireland,53.094024,-8.019675
In progress,1013,High,Phone,Product setup,2nd line support,Adolpho Messingham,02-01-2023 07:27,04-01-2023 07:27,02-01-2023 07:29,27:43.2,Within SLA,,SLA Violated,,3,,Other,Tier 2,Italy,43.036776,12.678565
Resolved,1014,Low,Chat,Purchasing and invoicing,1st line support,Bernard Beckley,02-01-2023 06:59,03-01-2023 06:59,02-01-2023 07:01,59:57.5,Within SLA,45:33.0,Within SLA,,2,,Custom software development,Tier 1,Austria,47.6964719,13.3457347
Closed,1015,Medium,Email,Pricing and licensing,1st line support,Connor Danielovitch,03-01-2023 03:09,05-01-2023 03:09,03-01-2023 04:09,09:15.8,SLA Violated,32:35.0,Within SLA,24:54.8,10,4,Ready to use Software,Tier 1,Spain,39.67337,-4.767726
Closed,1016,Low,Email,Product setup,1st line support,Kristos Westoll,03-01-2023 00:03,05-01-2023 00:03,03-01-2023 01:03,08:01.7,Within SLA,03:06.0,Within SLA,05:08.6,1,2,Other,Tier 1,Austria,47.6964719,13.3457347
Closed,1017,Low,Email,Purchasing and invoicing,1st line support,Sheela Cutten,03-01-2023 14:25,05-01-2023 14:25,03-01-2023 15:25,45:14.4,Within SLA,55:56.5,Within SLA,41:07.9,2,2,Ready to use Software,Tier 1,Greece,39.368279,21.863141
Closed,1018,Low,Phone,Product setup,1st line support,Kristos Westoll,03-01-2023 15:32,05-01-2023 15:32,03-01-2023 15:34,34:00.3,Within SLA,51:37.0,Within SLA,52:35.2,2,3,Ready to use Software,Tier 1,Republic of Ireland,53.094024,-8.019675
Resolved,1019,Medium,Chat,Pricing and licensing,2nd line support,Michele Whyatt,03-01-2023 00:38,04-01-2023 00:38,03-01-2023 00:40,39:30.3,Within SLA,47:55.8,SLA Violated,,2,,Training and Consulting Services,Tier 2,Poland,52.536273,19.050639
Resolved,1020,Medium,Chat,Product setup,1st line support,Kristos Westoll,03-01-2023 09:37,04-01-2023 09:37,03-01-2023 09:39,41:55.5,SLA Violated,31:37.9,Within SLA,,6,,Other,Tier 1,Germany,51.165691,10.451526
Closed,1021,Low,Email,Product setup,1st line support,Bernard Beckley,03-01-2023 09:27,05-01-2023 09:27,03-01-2023 10:27,24:48.2,Within SLA,16:32.5,Within SLA,25:29.5,1,4,Training and Consulting Services,Tier 1,Czech Republic,49.8037633,15.4749126
Closed,1024,Medium,Chat,Other,1st line support,Bernard Beckley,03-01-2023 16:41,04-01-2023 16:41,03-01-2023 16:43,43:40.9,SLA Violated,52:18.3,Within SLA,38:58.7,60,5,Custom software development,Tier 1,Czech Republic,49.8037633,15.4749126
Closed,1025,Low,Chat,Bug report,1st line support,Sheela Cutten,03-01-2023 04:50,04-01-2023 04:50,03-01-2023 04:52,50:05.2,Within SLA,17:12.4,SLA Violated,37:59.2,3,3,Custom software development,Tier 1,Poland,52.536273,19.050639
Closed,1026,Low,Chat,Bug report,1st line support,Nicola Wane,04-01-2023 10:49,05-01-2023 10:49,04-01-2023 10:51,50:41.6,Within SLA,37:37.3,Within SLA,53:53.0,2,4,Ready to use Software,Tier 1,Bulgaria,42.7249925,25.4833039
Resolved,1027,Low,Chat,Training request,1st line support,Bernard Beckley,04-01-2023 07:27,05-01-2023 07:27,04-01-2023 07:29,28:51.8,Within SLA,41:40.5,Within SLA,,3,,Training and Consulting Services,Tier 1,United Kingdom,55.378052,-3.435973
Resolved,1028,Low,Chat,Bug report,1st line support,Kristos Westoll,04-01-2023 21:46,05-01-2023 21:46,04-01-2023 21:48,46:51.2,Within SLA,28:20.3,Within SLA,,2,,Ready to use Software,Tier 1,Bulgaria,42.7249925,25.4833039
Closed,1029,Medium,Chat,Feature request,1st line support,Bernard Beckley,04-01-2023 09:12,05-01-2023 09:12,04-01-2023 09:14,13:35.2,Within SLA,45:18.3,Within SLA,18:19.8,60,5,Custom software development,Tier 1,Germany,51.165691,10.451526
Closed,1030,Medium,Chat,Feature request,1st line support,Connor Danielovitch,04-01-2023 19:36,05-01-2023 19:36,04-01-2023 19:38,37:55.7,Within SLA,24:20.0,Within SLA,16:49.1,5,4,Ready to use Software,Tier 1,Germany,51.165691,10.451526
In progress,1031,Low,Email,Feature request,1st line support,Kristos Westoll,04-01-2023 18:08,06-01-2023 18:08,04-01-2023 19:08,13:04.1,Within SLA,,SLA Violated,,4,,Ready to use Software,Tier 1,United Kingdom,55.378052,-3.435973
Resolved,1032,Low,Email,Product setup,2nd line support,Heather Urry,04-01-2023 12:47,06-01-2023 12:47,04-01-2023 13:47,20:44.1,Within SLA,54:03.4,Within SLA,,2,,Other,Tier 2,Germany,51.165691,10.451526
In progress,1034,Low,Chat,Other,1st line support,Connor Danielovitch,04-01-2023 19:06,05-01-2023 19:06,04-01-2023 19:08,07:35.3,Within SLA,,SLA Violated,,9,,Training and Consulting Services,Tier 1,Germany,51.165691,10.451526
In progress,1035,High,Email,Training request,1st line support,Connor Danielovitch,04-01-2023 05:27,06-01-2023 05:27,04-01-2023 06:27,07:00.2,Within SLA,,SLA Violated,,7,,Training and Consulting Services,Tier 1,Germany,51.165691,10.451526
Resolved,1037,Low,Email,Product setup,1st line support,Sheela Cutten,05-01-2023 12:10,07-01-2023 12:10,05-01-2023 13:10,34:20.3,Within SLA,23:15.1,Within SLA,,1,,Custom software development,Tier 1,Poland,52.536273,19.050639
Closed,1038,High,Chat,Other,1st line support,Bernard Beckley,05-01-2023 04:18,06-01-2023 04:18,05-01-2023 04:20,19:42.0,Within SLA,22:17.2,Within SLA,08:53.6,3,3,Other,Tier 1,Italy,43.036776,12.678565
Resolved,1039,Medium,Chat,Purchasing and invoicing,2nd line support,Adolpho Messingham,05-01-2023 05:16,06-01-2023 05:16,05-01-2023 05:18,18:00.5,Within SLA,37:10.8,Within SLA,,3,,Custom software development,Tier 2,Poland,52.536273,19.050639
In progress,1040,High,Chat,Bug report,2nd line support,Heather Urry,05-01-2023 14:30,06-01-2023 14:30,05-01-2023 14:32,31:02.4,Within SLA,,SLA Violated,,6,,Ready to use Software,Tier 2,Poland,52.536273,19.050639
Closed,1041,Low,Chat,Product setup,1st line support,Bernard Beckley,05-01-2023 02:59,06-01-2023 02:59,05-01-2023 03:01,04:27.5,SLA Violated,50:51.2,Within SLA,37:32.1,8,2,Ready to use Software,Tier 1,Germany,51.165691,10.451526
Closed,1043,High,Email,Pricing and licensing,1st line support,Connor Danielovitch,05-01-2023 03:31,07-01-2023 03:31,05-01-2023 04:31,02:05.0,Within SLA,14:14.3,Within SLA,40:33.6,3,5,Custom software development,Tier 1,Italy,43.036776,12.678565
Closed,1044,Low,Chat,Product setup,1st line support,Kristos Westoll,06-01-2023 20:45,07-01-2023 20:45,06-01-2023 20:47,47:41.3,Within SLA,07:32.8,Within SLA,39:58.9,3,2,Custom software development,Tier 1,Italy,43.036776,12.678565
Resolved,1045,Medium,Email,Bug report,1st line support,Kristos Westoll,06-01-2023 20:14,08-01-2023 20:14,06-01-2023 21:14,58:29.8,Within SLA,15:33.4,Within SLA,,4,,Ready to use Software,Tier 1,Slovenia,46.1491664,14.9860106
Resolved,1046,High,Email,Bug report,1st line support,Sheela Cutten,06-01-2023 15:11,08-01-2023 15:11,06-01-2023 16:11,35:55.1,Within SLA,22:47.5,Within SLA,,1,,Custom software development,Tier 1,Poland,52.536273,19.050639
In progress,1047,Low,Email,Pricing and licensing,1st line support,Bernard Beckley,06-01-2023 03:15,08-01-2023 03:15,06-01-2023 04:15,07:57.7,Within SLA,,SLA Violated,,1,,Training and Consulting Services,Tier 1,Greece,39.368279,21.863141
In progress,1048,Low,Chat,Pricing and licensing,1st line support,Bernard Beckley,06-01-2023 23:55,07-01-2023 23:55,06-01-2023 23:57,56:15.2,Within SLA,,SLA Violated,,8,,Ready to use Software,Tier 1,Greece,39.368279,21.863141
Closed,1049,Medium,Chat,Pricing and licensing,1st line support,Sheela Cutten,06-01-2023 12:05,07-01-2023 12:05,06-01-2023 12:07,06:37.3,Within SLA,34:05.3,SLA Violated,40:58.2,3,4,Custom software development,Tier 1,Poland,52.536273,19.050639
Closed,1050,Low,Email,Product setup,1st line support,Nicola Wane,07-01-2023 01:13,09-01-2023 01:13,07-01-2023 02:13,33:11.3,Within SLA,26:02.0,SLA Violated,42:18.5,6,4,Training and Consulting Services,Tier 1,Spain,39.67337,-4.767726
Closed,1054,High,Email,Purchasing and invoicing,2nd line support,Michele Whyatt,07-01-2023 05:28,09-01-2023 05:28,07-01-2023 06:28,09:50.2,Within SLA,30:22.6,Within SLA,18:51.5,2,5,Custom software development,Tier 2,Italy,43.036776,12.678565
Closed,1055,High,Email,Bug report,1st line support,Connor Danielovitch,07-01-2023 18:09,09-01-2023 18:09,07-01-2023 19:09,04:58.1,Within SLA,07:23.2,Within SLA,16:01.0,8,4,Ready to use Software,Tier 1,Republic of Ireland,53.094024,-8.019675
Resolved,1056,Low,Email,Bug report,1st line support,Kristos Westoll,07-01-2023 00:13,09-01-2023 00:13,07-01-2023 01:13,19:13.6,Within SLA,56:19.5,Within SLA,,8,,Custom software development,Tier 1,Germany,51.165691,10.451526
Closed,1057,Medium,Email,Feature request,1st line support,Bernard Beckley,07-01-2023 09:55,09-01-2023 09:55,07-01-2023 10:55,35:51.0,Within SLA,35:54.0,Within SLA,28:09.8,7,5,Ready to use Software,Tier 1,Germany,51.165691,10.451526
In progress,1058,Medium,Email,Pricing and licensing,1st line support,Bernard Beckley,08-01-2023 13:39,10-01-2023 13:39,08-01-2023 14:39,36:27.2,Within SLA,,SLA Violated,,10,,Ready to use Software,Tier 1,France,48.864716,2.349014
In progress,1062,Low,Chat,Pricing and licensing,1st line support,Nicola Wane,08-01-2023 19:35,09-01-2023 19:35,08-01-2023 19:37,36:35.3,Within SLA,,SLA Violated,,60,,Custom software development,Tier 1,Republic of Ireland,53.094024,-8.019675
Closed,1063,Low,Phone,Feature request,1st line support,Kristos Westoll,08-01-2023 04:56,10-01-2023 04:56,08-01-2023 04:58,01:41.5,SLA Violated,51:45.4,Within SLA,26:34.1,2,1,Ready to use Software,Tier 1,United Kingdom,55.378052,-3.435973
Closed,1064,High,Chat,Other,1st line support,Connor Danielovitch,08-01-2023 10:58,09-01-2023 10:58,08-01-2023 11:00,59:35.8,Within SLA,42:49.3,Within SLA,07:57.4,5,5,Ready to use Software,Tier 1,United Kingdom,55.378052,-3.435973
Closed,1065,Medium,Chat,Product setup,1st line support,Sheela Cutten,08-01-2023 01:00,09-01-2023 01:00,08-01-2023 01:02,01:24.9,Within SLA,07:23.6,Within SLA,51:41.3,3,3,Ready to use Software,Tier 1,United Kingdom,55.378052,-3.435973
Resolved,1066,Medium,Chat,Product setup,1st line support,Sheela Cutten,09-01-2023 14:16,10-01-2023 14:16,09-01-2023 14:18,17:22.4,Within SLA,21:28.9,Within SLA,,6,,Ready to use Software,Tier 1,Spain,39.67337,-4.767726
Resolved,1067,Low,Email,Product setup,1st line support,Sheela Cutten,09-01-2023 15:09,11-01-2023 15:09,09-01-2023 16:09,37:18.5,Within SLA,02:32.5,Within SLA,,3,,Custom software development,Tier 1,Germany,51.165691,10.451526
Closed,1068,Low,Email,Product setup,1st line support,Kristos Westoll,09-01-2023 14:10,11-01-2023 14:10,09-01-2023 15:10,48:04.2,Within SLA,32:16.9,Within SLA,22:09.1,3,1,Ready to use Software,Tier 1,Greece,39.368279,21.863141
Closed,1069,Medium,Email,Pricing and licensing,2nd line support,Heather Urry,09-01-2023 17:25,11-01-2023 17:25,09-01-2023 18:25,57:41.6,Within SLA,39:05.9,Within SLA,04:12.5,2,5,Custom software development,Tier 2,Poland,52.536273,19.050639
Resolved,1070,High,Email,Pricing and licensing,2nd line support,Adolpho Messingham,09-01-2023 18:55,11-01-2023 18:55,09-01-2023 19:55,32:12.0,Within SLA,10:06.5,SLA Violated,,1,,Custom software development,Tier 2,Germany,51.165691,10.451526
Closed,1071,Medium,Email,Training request,2nd line support,Michele Whyatt,09-01-2023 11:56,11-01-2023 11:56,09-01-2023 12:56,16:08.2,Within SLA,04:07.3,Within SLA,45:03.5,1,4,Training and Consulting Services,Tier 2,Republic of Ireland,53.094024,-8.019675
Closed,1072,High,Email,Feature request,1st line support,Sheela Cutten,09-01-2023 20:14,11-01-2023 20:14,09-01-2023 21:14,29:39.0,Within SLA,44:54.1,Within SLA,24:18.7,1,5,Custom software development,Tier 1,Germany,51.165691,10.451526
Closed,1073,Medium,Email,Pricing and licensing,1st line support,Kristos Westoll,09-01-2023 09:10,11-01-2023 09:10,09-01-2023 10:10,17:01.5,Within SLA,58:19.0,Within SLA,48:08.5,7,3,Ready to use Software,Tier 1,Greece,39.368279,21.863141
Closed,1074,Low,Chat,Pricing and licensing,1st line support,Nicola Wane,09-01-2023 06:50,10-01-2023 06:50,09-01-2023 06:52,54:53.8,SLA Violated,42:49.5,Within SLA,00:44.8,3,4,Ready to use Software,Tier 1,Slovenia,46.1491664,14.9860106
Closed,1075,High,Email,Product setup,1st line support,Kristos Westoll,09-01-2023 21:50,11-01-2023 21:50,09-01-2023 22:50,25:12.1,SLA Violated,54:58.0,Within SLA,36:36.5,5,2,Ready to use Software,Tier 1,Czech Republic,49.8037633,15.4749126
Closed,1076,Low,Phone,Product setup,1st line support,Bernard Beckley,09-01-2023 02:55,11-01-2023 02:55,09-01-2023 02:57,55:31.7,Within SLA,20:44.3,Within SLA,40:46.6,3,5,Ready to use Software,Tier 1,Germany,51.165691,10.451526
Resolved,1077,Low,Email,Pricing and licensing,1st line support,Sheela Cutten,10-01-2023 02:10,12-01-2023 02:10,10-01-2023 03:10,35:28.3,Within SLA,39:27.5,Within SLA,,2,,Ready to use Software,Tier 1,Bulgaria,42.7249925,25.4833039
Closed,1078,Low,Email,Pricing and licensing,1st line support,Sheela Cutten,10-01-2023 13:46,12-01-2023 13:46,10-01-2023 14:46,50:11.6,Within SLA,52:28.5,Within SLA,36:05.3,7,2,Ready to use Software,Tier 1,Germany,51.165691,10.451526
Resolved,1079,Low,Email,Product setup,1st line support,Kristos Westoll,10-01-2023 09:42,12-01-2023 09:42,10-01-2023 10:42,30:03.2,Within SLA,12:10.6,Within SLA,,2,,Other,Tier 1,Germany,51.165691,10.451526
Closed,1080,Low,Chat,Product setup,1st line support,Kristos Westoll,10-01-2023 03:17,11-01-2023 03:17,10-01-2023 03:19,17:37.3,Within SLA,22:15.9,Within SLA,32:23.7,3,3,Training and Consulting Services,Tier 1,Spain,39.67337,-4.767726
In progress,1081,Medium,Chat,Product setup,1st line support,Bernard Beckley,10-01-2023 04:29,11-01-2023 04:29,10-01-2023 04:31,29:36.4,Within SLA,,SLA Violated,,3,,Custom software development,Tier 1,Austria,47.6964719,13.3457347
Closed,1082,Low,Phone,Product setup,1st line support,Connor Danielovitch,10-01-2023 20:59,12-01-2023 20:59,10-01-2023 21:01,00:37.5,Within SLA,31:37.3,Within SLA,16:45.4,5,5,Custom software development,Tier 1,Poland,52.536273,19.050639
Resolved,1083,Low,Phone,Pricing and licensing,1st line support,Sheela Cutten,10-01-2023 23:30,12-01-2023 23:30,10-01-2023 23:32,31:12.5,Within SLA,58:23.9,Within SLA,,1,,Ready to use Software,Tier 1,Poland,52.536273,19.050639
Resolved,1084,Medium,Email,Other,1st line support,Connor Danielovitch,10-01-2023 10:14,12-01-2023 10:14,10-01-2023 11:14,06:44.8,Within SLA,40:17.3,Within SLA,,7,,Other,Tier 1,United Kingdom,55.378052,-3.435973
Closed,1085,High,Chat,Product setup,1st line support,Bernard Beckley,10-01-2023 07:30,11-01-2023 07:30,10-01-2023 07:32,31:47.8,Within SLA,50:31.4,Within SLA,35:29.9,4,5,Ready to use Software,Tier 1,Germany,51.165691,10.451526
Resolved,1086,Medium,Email,Purchasing and invoicing,1st line support,Nicola Wane,10-01-2023 17:16,12-01-2023 17:16,10-01-2023 18:16,44:04.7,Within SLA,22:02.8,Within SLA,,10,,Ready to use Software,Tier 1,Germany,51.165691,10.451526
Closed,1087,Low,Email,Feature request,2nd line support,Adolpho Messingham,11-01-2023 19:17,13-01-2023 19:17,11-01-2023 20:17,18:54.3,Within SLA,05:34.3,Within SLA,15:04.6,8,5,Ready to use Software,Tier 2,Italy,43.036776,12.678565
Closed,1088,Low,Chat,Purchasing and invoicing,1st line support,Nicola Wane,11-01-2023 11:24,12-01-2023 11:24,11-01-2023 11:26,25:37.1,Within SLA,49:43.3,Within SLA,59:59.6,8,4,Training and Consulting Services,Tier 1,Spain,39.67337,-4.767726
Resolved,1090,Low,Chat,Feature request,1st line support,Bernard Beckley,11-01-2023 00:49,12-01-2023 00:49,11-01-2023 00:51,50:15.7,Within SLA,39:13.2,Within SLA,,4,,Ready to use Software,Tier 1,Italy,43.036776,12.678565
Resolved,1092,Medium,Chat,Pricing and licensing,1st line support,Bernard Beckley,11-01-2023 12:31,12-01-2023 12:31,11-01-2023 12:33,31:53.2,Within SLA,24:21.0,Within SLA,,3,,Custom software development,Tier 1,Germany,51.165691,10.451526
Resolved,1093,Low,Email,Product setup,1st line support,Sheela Cutten,11-01-2023 13:45,13-01-2023 13:45,11-01-2023 14:45,12:45.3,Within SLA,00:02.1,Within SLA,,8,,Custom software development,Tier 1,United Kingdom,55.378052,-3.435973
Resolved,1094,Low,Chat,Purchasing and invoicing,1st line support,Connor Danielovitch,11-01-2023 04:04,12-01-2023 04:04,11-01-2023 04:06,05:35.5,Within SLA,03:32.4,Within SLA,,6,,Ready to use Software,Tier 1,Czech Republic,49.8037633,15.4749126
Closed,1095,Low,Chat,Feature request,1st line support,Kristos Westoll,11-01-2023 13:40,12-01-2023 13:40,11-01-2023 13:42,43:27.5,SLA Violated,43:28.7,SLA Violated,44:41.6,3,1,Custom software development,Tier 1,Czech Republic,49.8037633,15.4749126
Closed,1097,Low,Email,Product setup,1st line support,Bernard Beckley,11-01-2023 05:29,13-01-2023 05:29,11-01-2023 06:29,04:13.8,Within SLA,24:42.2,Within SLA,48:08.0,1,1,Ready to use Software,Tier 1,Austria,47.6964719,13.3457347
In progress,1098,Medium,Chat,Other,1st line support,Bernard Beckley,12-01-2023 12:18,13-01-2023 12:18,12-01-2023 12:20,19:18.6,Within SLA,,SLA Violated,,6,,Ready to use Software,Tier 1,Poland,52.536273,19.050639
Resolved,1100,Medium,Email,Feature request,2nd line support,Heather Urry,12-01-2023 22:40,14-01-2023 22:40,12-01-2023 23:40,47:08.6,Within SLA,58:22.7,Within SLA,,7,,Custom software development,Tier 2,Italy,43.036776,12.678565
Resolved,1101,High,Chat,Bug report,1st line support,Sheela Cutten,13-01-2023 15:00,14-01-2023 15:00,13-01-2023 15:02,00:36.4,Within SLA,58:00.3,Within SLA,,60,,Ready to use Software,Tier 1,Austria,47.6964719,13.3457347
Resolved,1102,Low,Chat,Other,2nd line support,Michele Whyatt,13-01-2023 15:16,14-01-2023 15:16,13-01-2023 15:18,17:30.6,Within SLA,16:38.7,Within SLA,,5,,Ready to use Software,Tier 2,Germany,51.165691,10.451526
Resolved,1103,Medium,Chat,Pricing and licensing,1st line support,Sheela Cutten,13-01-2023 12:58,14-01-2023 12:58,13-01-2023 13:00,59:39.6,Within SLA,19:55.4,Within SLA,,9,,Ready to use Software,Tier 1,Bulgaria,42.7249925,25.4833039
Closed,1104,Low,Email,Feature request,1st line support,Connor Danielovitch,13-01-2023 13:30,15-01-2023 13:30,13-01-2023 14:30,37:07.1,Within SLA,50:56.7,Within SLA,50:09.6,3,5,Other,Tier 1,Italy,43.036776,12.678565
Closed,1105,Low,Chat,Feature request,1st line support,Kristos Westoll,13-01-2023 06:47,14-01-2023 06:47,13-01-2023 06:49,49:35.6,Within SLA,11:25.4,Within SLA,41:08.9,7,3,Other,Tier 1,Italy,43.036776,12.678565
In progress,1106,Low,Chat,Other,1st line support,Connor Danielovitch,13-01-2023 23:18,14-01-2023 23:18,13-01-2023 23:20,20:43.8,Within SLA,,SLA Violated,,3,,Custom software development,Tier 1,Germany,51.165691,10.451526
Closed,1107,Low,Email,Bug report,2nd line support,Michele Whyatt,13-01-2023 11:19,15-01-2023 11:19,13-01-2023 12:19,34:07.8,Within SLA,05:24.5,Within SLA,12:25.4,1,5,Ready to use Software,Tier 2,Republic of Ireland,53.094024,-8.019675
Closed,1108,Low,Email,Purchasing and invoicing,1st line support,Bernard Beckley,13-01-2023 02:10,15-01-2023 02:10,13-01-2023 03:10,28:05.3,SLA Violated,07:24.4,Within SLA,08:35.3,4,4,Ready to use Software,Tier 1,Czech Republic,49.8037633,15.4749126
Closed,1109,High,Chat,Product setup,1st line support,Nicola Wane,13-01-2023 13:38,14-01-2023 13:38,13-01-2023 13:40,38:53.8,Within SLA,29:46.7,Within SLA,36:45.5,3,3,Training and Consulting Services,Tier 1,France,48.864716,2.349014
Closed,1110,High,Email,Product setup,2nd line support,Adolpho Messingham,13-01-2023 21:32,15-01-2023 21:32,13-01-2023 22:32,27:03.3,Within SLA,06:02.2,Within SLA,07:27.6,8,2,Ready to use Software,Tier 2,United Kingdom,55.378052,-3.435973
In progress,1111,Low,Chat,Product setup,1st line support,Sheela Cutten,13-01-2023 02:49,14-01-2023 02:49,13-01-2023 02:51,52:28.0,SLA Violated,,SLA Violated,,9,,Ready to use Software,Tier 1,Spain,39.67337,-4.767726
In progress,1112,Low,Phone,Pricing and licensing,1st line support,Bernard Beckley,13-01-2023 02:22,15-01-2023 02:22,13-01-2023 02:24,23:44.1,Within SLA,,SLA Violated,,2,,Ready to use Software,Tier 1,Republic of Ireland,53.094024,-8.019675
Resolved,1113,Low,Chat,Product setup,1st line support,Bernard Beckley,13-01-2023 01:46,14-01-2023 01:46,13-01-2023 01:48,46:51.4,Within SLA,29:51.9,SLA Violated,,6,,Custom software development,Tier 1,Germany,51.165691,10.451526
Closed,1114,Medium,Email,Product setup,1st line support,Connor Danielovitch,13-01-2023 07:20,15-01-2023 07:20,13-01-2023 08:20,01:51.8,Within SLA,43:44.0,Within SLA,17:21.7,10,5,Other,Tier 1,Poland,52.536273,19.050639
Resolved,1115,Low,Chat,Pricing and licensing,1st line support,Sheela Cutten,13-01-2023 23:22,14-01-2023 23:22,13-01-2023 23:24,22:16.1,Within SLA,14:59.3,Within SLA,,3,,Ready to use Software,Tier 1,Germany,51.165691,10.451526
Resolved,1116,Medium,Phone,Pricing and licensing,1st line support,Nicola Wane,14-01-2023 22:53,16-01-2023 22:53,14-01-2023 22:55,54:39.4,Within SLA,46:00.7,Within SLA,,7,,Training and Consulting Services,Tier 1,United Kingdom,55.378052,-3.435973
Closed,1126,Medium,Phone,Pricing and licensing,1st line support,Kristos Westoll,15-01-2023 13:10,17-01-2023 13:10,15-01-2023 13:12,11:21.9,Within SLA,22:43.9,SLA Violated,15:17.6,3,1,Custom software development,Tier 1,United Kingdom,55.378052,-3.435973
Resolved,1127,High,Email,Product setup,1st line support,Bernard Beckley,15-01-2023 06:08,17-01-2023 06:08,15-01-2023 07:08,47:30.1,Within SLA,23:23.5,Within SLA,,2,,Other,Tier 1,Czech Republic,49.8037633,15.4749126
Closed,1128,Low,Email,Other,1st line support,Bernard Beckley,15-01-2023 10:11,17-01-2023 10:11,15-01-2023 11:11,03:47.8,Within SLA,11:51.2,Within SLA,31:09.4,4,3,Ready to use Software,Tier 1,Germany,51.165691,10.451526
Closed,1129,High,Phone,Pricing and licensing,1st line support,Kristos Westoll,15-01-2023 02:01,17-01-2023 02:01,15-01-2023 02:03,02:21.2,Within SLA,49:44.7,Within SLA,30:05.8,2,5,Custom software development,Tier 1,Slovenia,46.1491664,14.9860106
In progress,1130,Medium,Chat,Product setup,1st line support,Connor Danielovitch,16-01-2023 05:12,17-01-2023 05:12,16-01-2023 05:14,14:35.2,Within SLA,,SLA Violated,,6,,Ready to use Software,Tier 1,Spain,39.67337,-4.767726
Closed,1131,Low,Email,Product setup,1st line support,Sheela Cutten,16-01-2023 20:38,18-01-2023 20:38,16-01-2023 21:38,35:38.9,Within SLA,40:38.7,Within SLA,35:10.4,1,5,Ready to use Software,Tier 1,Czech Republic,49.8037633,15.4749126
Closed,1132,Low,Email,Pricing and licensing,1st line support,Sheela Cutten,16-01-2023 15:44,18-01-2023 15:44,16-01-2023 16:44,39:29.4,Within SLA,05:13.4,Within SLA,45:34.0,9,3,Training and Consulting Services,Tier 1,Austria,47.6964719,13.3457347
Resolved,1133,High,Chat,Product setup,1st line support,Bernard Beckley,16-01-2023 19:19,17-01-2023 19:19,16-01-2023 19:21,19:48.6,Within SLA,08:15.1,Within SLA,,3,,Ready to use Software,Tier 1,Bulgaria,42.7249925,25.4833039
Closed,1134,Low,Chat,Product setup,1st line support,Sheela Cutten,16-01-2023 12:50,17-01-2023 12:50,16-01-2023 12:52,51:00.2,Within SLA,37:43.5,Within SLA,38:43.2,60,5,Custom software development,Tier 1,Spain,39.67337,-4.767726
Resolved,1135,Low,Phone,Bug report,2nd line support,Adolpho Messingham,16-01-2023 14:37,18-01-2023 14:37,16-01-2023 14:39,40:46.7,SLA Violated,04:13.5,Within SLA,,1,,Training and Consulting Services,Tier 2,Poland,52.536273,19.050639
Resolved,1136,Low,Email,Bug report,1st line support,Sheela Cutten,16-01-2023 15:35,18-01-2023 15:35,16-01-2023 16:35,08:01.7,Within SLA,41:21.8,Within SLA,,10,,Ready to use Software,Tier 1,Germany,51.165691,10.451526
Resolved,1137,Low,Email,Feature request,1st line support,Kristos Westoll,16-01-2023 07:57,18-01-2023 07:57,16-01-2023 08:57,11:48.2,Within SLA,08:31.7,Within SLA,,1,,Ready to use Software,Tier 1,Italy,43.036776,12.678565
Resolved,1138,Low,Email,Product setup,2nd line support,Heather Urry,17-01-2023 01:30,19-01-2023 01:30,17-01-2023 02:30,53:20.1,SLA Violated,04:50.1,Within SLA,,1,,Ready to use Software,Tier 2,Spain,39.67337,-4.767726
Closed,1139,Low,Chat,Feature request,1st line support,Nicola Wane,17-01-2023 11:23,18-01-2023 11:23,17-01-2023 11:25,27:11.2,SLA Violated,26:57.2,Within SLA,05:43.7,6,1,Custom software development,Tier 1,Italy,43.036776,12.678565
Resolved,1140,Low,Chat,Purchasing and invoicing,1st line support,Connor Danielovitch,17-01-2023 14:03,18-01-2023 14:03,17-01-2023 14:05,03:47.2,Within SLA,16:17.0,SLA Violated,,6,,Training and Consulting Services,Tier 1,Greece,39.368279,21.863141
Resolved,1141,Low,Chat,Other,1st line support,Nicola Wane,17-01-2023 00:04,18-01-2023 00:04,17-01-2023 00:06,04:29.2,Within SLA,24:11.2,SLA Violated,,3,,Ready to use Software,Tier 1,Germany,51.165691,10.451526
Closed,1142,Low,Email,Pricing and licensing,1st line support,Nicola Wane,17-01-2023 16:42,19-01-2023 16:42,17-01-2023 17:42,00:19.2,Within SLA,31:50.1,Within SLA,25:53.1,5,1,Ready to use Software,Tier 1,Greece,39.368279,21.863141
Resolved,1143,Low,Email,Other,2nd line support,Adolpho Messingham,17-01-2023 23:31,19-01-2023 23:31,18-01-2023 00:31,19:55.0,Within SLA,20:43.1,Within SLA,,2,,Training and Consulting Services,Tier 2,Republic of Ireland,53.094024,-8.019675
Closed,1144,Low,Email,Pricing and licensing,1st line support,Nicola Wane,17-01-2023 23:24,19-01-2023 23:24,18-01-2023 00:24,24:44.9,Within SLA,49:55.2,Within SLA,50:18.5,9,4,Ready to use Software,Tier 1,Republic of Ireland,53.094024,-8.019675
Resolved,1145,Medium,Email,Product setup,1st line support,Nicola Wane,17-01-2023 15:52,19-01-2023 15:52,17-01-2023 16:52,29:17.4,Within SLA,55:59.1,Within SLA,,1,,Ready to use Software,Tier 1,France,48.864716,2.349014
Closed,1146,Low,Email,Pricing and licensing,2nd line support,Adolpho Messingham,18-01-2023 02:02,20-01-2023 02:02,18-01-2023 03:02,41:38.0,Within SLA,13:39.4,Within SLA,16:40.9,8,3,Ready to use Software,Tier 2,Italy,43.036776,12.678565
Closed,1147,Low,Email,Product setup,1st line support,Sheela Cutten,18-01-2023 10:59,20-01-2023 10:59,18-01-2023 11:59,43:11.4,SLA Violated,48:34.1,Within SLA,10:24.5,1,3,Custom software development,Tier 1,Germany,51.165691,10.451526
Closed,1148,Low,Email,Pricing and licensing,1st line support,Sheela Cutten,18-01-2023 08:59,20-01-2023 08:59,18-01-2023 09:59,18:42.8,Within SLA,42:49.5,Within SLA,37:03.5,4,3,Ready to use Software,Tier 1,Italy,43.036776,12.678565
In progress,1149,Low,Phone,Feature request,1st line support,Sheela Cutten,18-01-2023 02:50,20-01-2023 02:50,18-01-2023 02:52,52:09.0,Within SLA,,SLA Violated,,1,,Custom software development,Tier 1,Italy,43.036776,12.678565
Closed,1150,Low,Email,Purchasing and invoicing,1st line support,Kristos Westoll,18-01-2023 03:19,20-01-2023 03:19,18-01-2023 04:19,37:53.1,Within SLA,11:34.8,Within SLA,52:10.4,3,1,Other,Tier 1,Slovenia,46.1491664,14.9860106
Closed,1151,High,Chat,Product setup,1st line support,Nicola Wane,18-01-2023 06:48,19-01-2023 06:48,18-01-2023 06:50,50:21.6,Within SLA,03:40.9,Within SLA,03:47.6,7,2,Ready to use Software,Tier 1,United Kingdom,55.378052,-3.435973
Closed,1152,Medium,Phone,Pricing and licensing,2nd line support,Adolpho Messingham,18-01-2023 01:34,20-01-2023 01:34,18-01-2023 01:36,56:45.3,SLA Violated,22:04.7,Within SLA,40:20.7,4,3,Ready to use Software,Tier 2,Bulgaria,42.7249925,25.4833039
Closed,1153,Medium,Chat,Purchasing and invoicing,2nd line support,Michele Whyatt,18-01-2023 02:18,19-01-2023 02:18,18-01-2023 02:20,20:37.8,Within SLA,48:35.4,Within SLA,17:08.4,6,4,Ready to use Software,Tier 2,Germany,51.165691,10.451526
Resolved,1154,Low,Email,Pricing and licensing,1st line support,Kristos Westoll,18-01-2023 07:25,20-01-2023 07:25,18-01-2023 08:25,25:00.1,Within SLA,14:33.2,Within SLA,,2,,Other,Tier 1,Italy,43.036776,12.678565
Closed,1155,Medium,Chat,Feature request,2nd line support,Michele Whyatt,18-01-2023 15:27,19-01-2023 15:27,18-01-2023 15:29,27:12.4,Within SLA,11:08.7,Within SLA,33:39.8,6,3,Custom software development,Tier 2,United Kingdom,55.378052,-3.435973
Resolved,1156,Medium,Email,Other,2nd line support,Heather Urry,18-01-2023 04:20,20-01-2023 04:20,18-01-2023 05:20,08:17.7,Within SLA,09:36.7,Within SLA,,1,,Training and Consulting Services,Tier 2,France,48.864716,2.349014
Resolved,1157,Medium,Chat,Product setup,1st line support,Bernard Beckley,18-01-2023 22:25,19-01-2023 22:25,18-01-2023 22:27,26:19.8,Within SLA,42:59.0,Within SLA,,5,,Ready to use Software,Tier 1,Greece,39.368279,21.863141
Closed,1158,Medium,Chat,Product setup,1st line support,Kristos Westoll,18-01-2023 18:08,19-01-2023 18:08,18-01-2023 18:10,09:33.2,Within SLA,55:18.6,Within SLA,41:51.8,3,3,Custom software development,Tier 1,Republic of Ireland,53.094024,-8.019675
Closed,1159,Low,Chat,Product setup,2nd line support,Heather Urry,19-01-2023 19:54,20-01-2023 19:54,19-01-2023 19:56,57:47.9,SLA Violated,53:34.5,Within SLA,55:40.1,6,5,Training and Consulting Services,Tier 2,United Kingdom,55.378052,-3.435973
Resolved,1160,Low,Chat,Pricing and licensing,2nd line support,Michele Whyatt,19-01-2023 09:56,20-01-2023 09:56,19-01-2023 09:58,58:31.8,Within SLA,24:38.9,Within SLA,,60,,Ready to use Software,Tier 2,Italy,43.036776,12.678565
In progress,1161,Low,Email,Purchasing and invoicing,2nd line support,Michele Whyatt,19-01-2023 11:56,21-01-2023 11:56,19-01-2023 12:56,55:03.1,Within SLA,,SLA Violated,,2,,Other,Tier 2,Slovenia,46.1491664,14.9860106
Closed,1162,Medium,Email,Product setup,1st line support,Bernard Beckley,19-01-2023 01:28,21-01-2023 01:28,19-01-2023 02:28,41:57.3,Within SLA,50:02.5,Within SLA,04:00.7,8,5,Training and Consulting Services,Tier 1,France,48.864716,2.349014
Closed,1163,Low,Email,Product setup,1st line support,Kristos Westoll,19-01-2023 02:31,21-01-2023 02:31,19-01-2023 03:31,37:16.1,Within SLA,08:29.8,Within SLA,44:53.2,4,1,Ready to use Software,Tier 1,Germany,51.165691,10.451526
Closed,1164,Low,Chat,Product setup,1st line support,Sheela Cutten,19-01-2023 08:14,20-01-2023 08:14,19-01-2023 08:16,00:36.7,SLA Violated,09:18.8,Within SLA,57:25.5,5,5,Training and Consulting Services,Tier 1,Italy,43.036776,12.678565
Resolved,1165,High,Chat,Product setup,1st line support,Connor Danielovitch,19-01-2023 02:00,20-01-2023 02:00,19-01-2023 02:02,01:24.2,Within SLA,02:44.0,SLA Violated,,4,,Ready to use Software,Tier 1,United Kingdom,55.378052,-3.435973
Closed,1166,Low,Email,Pricing and licensing,1st line support,Bernard Beckley,19-01-2023 16:07,21-01-2023 16:07,19-01-2023 17:07,27:09.2,Within SLA,34:33.9,Within SLA,00:07.4,10,4,Ready to use Software,Tier 1,Poland,52.536273,19.050639
Closed,1167,Low,Chat,Pricing and licensing,1st line support,Kristos Westoll,19-01-2023 04:01,20-01-2023 04:01,19-01-2023 04:03,02:30.3,Within SLA,21:53.1,Within SLA,09:55.5,3,3,Ready to use Software,Tier 1,Italy,43.036776,12.678565
Resolved,1168,High,Email,Other,2nd line support,Michele Whyatt,19-01-2023 18:33,21-01-2023 18:33,19-01-2023 19:33,59:45.5,Within SLA,33:25.7,Within SLA,,5,,Other,Tier 2,Czech Republic,49.8037633,15.4749126
Closed,1169,Medium,Chat,Product setup,1st line support,Nicola Wane,19-01-2023 17:03,20-01-2023 17:03,19-01-2023 17:05,05:38.9,Within SLA,18:49.0,Within SLA,20:49.7,6,4,Custom software development,Tier 1,Poland,52.536273,19.050639
In progress,1170,Medium,Chat,Product setup,1st line support,Bernard Beckley,19-01-2023 02:59,20-01-2023 02:59,19-01-2023 03:01,01:25.5,Within SLA,,SLA Violated,,60,,Ready to use Software,Tier 1,Austria,47.6964719,13.3457347
In progress,1171,High,Email,Feature request,2nd line support,Michele Whyatt,20-01-2023 08:12,22-01-2023 08:12,20-01-2023 09:12,23:09.6,SLA Violated,,SLA Violated,,2,,Other,Tier 2,Germany,51.165691,10.451526
In progress,1172,Low,Email,Purchasing and invoicing,1st line support,Kristos Westoll,20-01-2023 16:02,22-01-2023 16:02,20-01-2023 17:02,31:24.8,Within SLA,,SLA Violated,,6,,Ready to use Software,Tier 1,Germany,51.165691,10.451526
In progress,1173,Low,Email,Product setup,1st line support,Nicola Wane,20-01-2023 18:26,22-01-2023 18:26,20-01-2023 19:26,51:24.3,Within SLA,,SLA Violated,,3,,Ready to use Software,Tier 1,United Kingdom,55.378052,-3.435973
Closed,1174,Low,Email,Product setup,1st line support,Bernard Beckley,20-01-2023 16:12,22-01-2023 16:12,20-01-2023 17:12,41:51.9,Within SLA,59:34.7,Within SLA,39:01.8,2,3,Ready to use Software,Tier 1,Republic of Ireland,53.094024,-8.019675
Closed,1175,Medium,Email,Pricing and licensing,1st line support,Sheela Cutten,20-01-2023 18:26,22-01-2023 18:26,20-01-2023 19:26,47:31.1,Within SLA,12:24.8,SLA Violated,35:19.9,4,5,Other,Tier 1,Greece,39.368279,21.863141
In progress,1176,High,Chat,Bug report,2nd line support,Michele Whyatt,20-01-2023 12:41,21-01-2023 12:41,20-01-2023 12:43,42:08.0,Within SLA,,SLA Violated,,6,,Ready to use Software,Tier 2,Germany,51.165691,10.451526
In progress,1177,Low,Email,Pricing and licensing,1st line support,Kristos Westoll,20-01-2023 07:41,22-01-2023 07:41,20-01-2023 08:41,16:18.2,Within SLA,,SLA Violated,,10,,Ready to use Software,Tier 1,Republic of Ireland,53.094024,-8.019675
Resolved,1178,High,Email,Other,1st line support,Nicola Wane,20-01-2023 09:35,22-01-2023 09:35,20-01-2023 10:35,49:59.6,Within SLA,18:23.1,Within SLA,,1,,Ready to use Software,Tier 1,Bulgaria,42.7249925,25.4833039
Closed,1179,Low,Email,Product setup,2nd line support,Adolpho Messingham,20-01-2023 15:19,22-01-2023 15:19,20-01-2023 16:19,54:48.0,Within SLA,31:25.6,Within SLA,11:32.3,1,5,Custom software development,Tier 2,Slovenia,46.1491664,14.9860106
Resolved,1180,Low,Chat,Purchasing and invoicing,1st line support,Nicola Wane,20-01-2023 08:49,21-01-2023 08:49,20-01-2023 08:51,51:33.7,Within SLA,32:34.3,Within SLA,,2,,Training and Consulting Services,Tier 1,United Kingdom,55.378052,-3.435973
Closed,1181,Low,Email,Training request,1st line support,Bernard Beckley,20-01-2023 11:54,22-01-2023 11:54,20-01-2023 12:54,07:47.0,Within SLA,37:40.2,Within SLA,21:17.6,9,2,Training and Consulting Services,Tier 1,Bulgaria,42.7249925,25.4833039
Closed,1182,High,Chat,Feature request,1st line support,Kristos Westoll,21-01-2023 08:18,22-01-2023 08:18,21-01-2023 08:20,20:16.1,Within SLA,06:33.5,Within SLA,11:19.6,6,4,Ready to use Software,Tier 1,Spain,39.67337,-4.767726
Closed,1183,Low,Email,Purchasing and invoicing,1st line support,Nicola Wane,21-01-2023 07:43,23-01-2023 07:43,21-01-2023 08:43,49:29.1,Within SLA,04:08.2,Within SLA,32:44.7,4,5,Other,Tier 1,United Kingdom,55.378052,-3.435973
Resolved,1184,High,Chat,Pricing and licensing,1st line support,Connor Danielovitch,21-01-2023 17:21,22-01-2023 17:21,21-01-2023 17:23,22:51.4,Within SLA,28:05.2,SLA Violated,,2,,Ready to use Software,Tier 1,Austria,47.6964719,13.3457347
Resolved,1185,Low,Chat,Feature request,1st line support,Sheela Cutten,21-01-2023 11:45,22-01-2023 11:45,21-01-2023 11:47,49:42.7,SLA Violated,21:29.2,Within SLA,,6,,Custom software development,Tier 1,Bulgaria,42.7249925,25.4833039
Closed,1186,Medium,Email,Product setup,1st line support,Connor Danielovitch,21-01-2023 07:09,23-01-2023 07:09,21-01-2023 08:09,45:59.3,Within SLA,53:46.2,Within SLA,58:00.3,1,3,Training and Consulting Services,Tier 1,Greece,39.368279,21.863141
In progress,1198,Medium,Email,Other,1st line support,Sheela Cutten,22-01-2023 08:50,24-01-2023 08:50,22-01-2023 09:50,34:55.1,Within SLA,,SLA Violated,,7,,Ready to use Software,Tier 1,Republic of Ireland,53.094024,-8.019675
Resolved,1199,Low,Chat,Bug report,1st line support,Nicola Wane,22-01-2023 01:57,23-01-2023 01:57,22-01-2023 01:59,57:50.5,Within SLA,33:20.3,Within SLA,,3,,Training and Consulting Services,Tier 1,Czech Republic,49.8037633,15.4749126
Closed,1200,Medium,Email,Feature request,1st line support,Kristos Westoll,22-01-2023 06:50,24-01-2023 06:50,22-01-2023 07:50,08:42.8,Within SLA,52:38.0,Within SLA,12:17.7,1,1,Custom software development,Tier 1,Greece,39.368279,21.863141
Resolved,1201,High,Email,Training request,1st line support,Kristos Westoll,22-01-2023 23:42,24-01-2023 23:42,23-01-2023 00:42,06:47.9,Within SLA,24:55.6,Within SLA,,3,,Training and Consulting Services,Tier 1,Poland,52.536273,19.050639
Resolved,1202,Low,Email,Feature request,1st line support,Kristos Westoll,22-01-2023 13:18,24-01-2023 13:18,22-01-2023 14:18,34:22.2,Within SLA,21:26.4,Within SLA,,1,,Other,Tier 1,United Kingdom,55.378052,-3.435973
Resolved,1203,Medium,Email,Bug report,1st line support,Bernard Beckley,22-01-2023 14:32,24-01-2023 14:32,22-01-2023 15:32,02:55.6,Within SLA,16:58.9,Within SLA,,5,,Custom software development,Tier 1,Poland,52.536273,19.050639
In progress,1204,Low,Email,Purchasing and invoicing,1st line support,Bernard Beckley,23-01-2023 02:36,25-01-2023 02:36,23-01-2023 03:36,15:09.8,Within SLA,,SLA Violated,,9,,Other,Tier 1,Italy,43.036776,12.678565
Resolved,1205,Low,Chat,Product setup,2nd line support,Heather Urry,23-01-2023 04:12,24-01-2023 04:12,23-01-2023 04:14,14:33.6,Within SLA,43:55.6,Within SLA,,6,,Custom software development,Tier 2,Spain,39.67337,-4.767726
Closed,1206,Low,Chat,Product setup,1st line support,Kristos Westoll,23-01-2023 02:29,24-01-2023 02:29,23-01-2023 02:31,30:56.6,Within SLA,11:12.5,Within SLA,46:11.9,6,3,Custom software development,Tier 1,Germany,51.165691,10.451526
In progress,1207,Low,Email,Feature request,1st line support,Kristos Westoll,23-01-2023 20:37,25-01-2023 20:37,23-01-2023 21:37,15:21.6,Within SLA,,SLA Violated,,5,,Ready to use Software,Tier 1,Greece,39.368279,21.863141
Resolved,1208,Low,Email,Product setup,1st line support,Sheela Cutten,23-01-2023 16:44,25-01-2023 16:44,23-01-2023 17:44,36:58.5,SLA Violated,47:18.3,Within SLA,,2,,Ready to use Software,Tier 1,Germany,51.165691,10.451526
Closed,1209,Medium,Chat,Feature request,1st line support,Sheela Cutten,23-01-2023 13:00,24-01-2023 13:00,23-01-2023 13:02,01:49.4,Within SLA,35:26.8,Within SLA,36:50.9,6,5,Ready to use Software,Tier 1,United Kingdom,55.378052,-3.435973
In progress,1210,Low,Email,Other,2nd line support,Michele Whyatt,23-01-2023 06:36,25-01-2023 06:36,23-01-2023 07:36,44:59.9,Within SLA,,SLA Violated,,10,,Custom software development,Tier 2,Germany,51.165691,10.451526
Closed,1211,Low,Email,Purchasing and invoicing,1st line support,Bernard Beckley,24-01-2023 15:26,26-01-2023 15:26,24-01-2023 16:26,20:28.2,Within SLA,08:25.8,Within SLA,09:31.6,7,4,Training and Consulting Services,Tier 1,United Kingdom,55.378052,-3.435973
Closed,1213,High,Email,Other,1st line support,Sheela Cutten,24-01-2023 11:08,26-01-2023 11:08,24-01-2023 12:08,02:51.5,Within SLA,16:23.5,Within SLA,58:30.2,3,5,Other,Tier 1,Poland,52.536273,19.050639
Closed,1214,Low,Chat,Other,1st line support,Sheela Cutten,24-01-2023 07:06,25-01-2023 07:06,24-01-2023 07:08,07:53.4,Within SLA,26:31.6,Within SLA,04:01.0,60,5,Ready to use Software,Tier 1,United Kingdom,55.378052,-3.435973
Resolved,1216,Medium,Email,Product setup,1st line support,Nicola Wane,24-01-2023 21:48,26-01-2023 21:48,24-01-2023 22:48,20:35.9,Within SLA,47:44.2,SLA Violated,,1,,Ready to use Software,Tier 1,Austria,47.6964719,13.3457347
In progress,1217,High,Email,Other,2nd line support,Heather Urry,24-01-2023 16:15,26-01-2023 16:15,24-01-2023 17:15,41:24.3,Within SLA,,SLA Violated,,10,,Other,Tier 2,Republic of Ireland,53.094024,-8.019675
Resolved,1218,Low,Chat,Purchasing and invoicing,1st line support,Kristos Westoll,24-01-2023 12:06,25-01-2023 12:06,24-01-2023 12:08,06:38.2,Within SLA,21:29.8,Within SLA,,6,,Ready to use Software,Tier 1,Czech Republic,49.8037633,15.4749126
Resolved,1219,Low,Email,Purchasing and invoicing,1st line support,Connor Danielovitch,24-01-2023 17:44,26-01-2023 17:44,24-01-2023 18:44,24:02.4,Within SLA,26:42.9,Within SLA,,8,,Ready to use Software,Tier 1,Germany,51.165691,10.451526
Closed,1220,Low,Chat,Feature request,2nd line support,Heather Urry,25-01-2023 15:47,26-01-2023 15:47,25-01-2023 15:49,50:33.3,SLA Violated,23:13.0,Within SLA,08:36.1,4,3,Ready to use Software,Tier 2,Slovenia,46.1491664,14.9860106
Resolved,1221,Medium,Email,Bug report,2nd line support,Heather Urry,25-01-2023 15:29,27-01-2023 15:29,25-01-2023 16:29,19:34.9,SLA Violated,52:45.7,Within SLA,,1,,Custom software development,Tier 2,Greece,39.368279,21.863141
Closed,1222,Medium,Email,Product setup,1st line support,Nicola Wane,25-01-2023 09:37,27-01-2023 09:37,25-01-2023 10:37,50:47.1,Within SLA,23:30.6,Within SLA,13:57.9,1,3,Training and Consulting Services,Tier 1,Czech Republic,49.8037633,15.4749126
Resolved,1223,Medium,Email,Feature request,1st line support,Kristos Westoll,25-01-2023 22:34,27-01-2023 22:34,25-01-2023 23:34,43:08.2,Within SLA,09:09.3,Within SLA,,1,,Other,Tier 1,United Kingdom,55.378052,-3.435973
Closed,1224,Medium,Email,Pricing and licensing,1st line support,Bernard Beckley,25-01-2023 08:08,27-01-2023 08:08,25-01-2023 09:08,57:55.0,Within SLA,08:32.8,Within SLA,24:02.8,1,4,Ready to use Software,Tier 1,Republic of Ireland,53.094024,-8.019675
Resolved,1225,High,Email,Pricing and licensing,1st line support,Connor Danielovitch,25-01-2023 06:10,27-01-2023 06:10,25-01-2023 07:10,44:02.9,Within SLA,27:22.7,Within SLA,,5,,Ready to use Software,Tier 1,Italy,43.036776,12.678565
In progress,1226,Low,Phone,Feature request,1st line support,Sheela Cutten,25-01-2023 11:33,27-01-2023 11:33,25-01-2023 11:35,36:04.2,SLA Violated,,SLA Violated,,1,,Ready to use Software,Tier 1,Greece,39.368279,21.863141
Resolved,1227,Low,Chat,Product setup,1st line support,Sheela Cutten,26-01-2023 08:15,27-01-2023 08:15,26-01-2023 08:17,16:59.6,Within SLA,11:02.1,Within SLA,,7,,Custom software development,Tier 1,Poland,52.536273,19.050639
Closed,1228,Medium,Email,Product setup,1st line support,Kristos Westoll,26-01-2023 22:03,28-01-2023 22:03,26-01-2023 23:03,43:43.8,Within SLA,01:51.4,Within SLA,58:13.1,1,5,Training and Consulting Services,Tier 1,Republic of Ireland,53.094024,-8.019675
Resolved,1229,Low,Email,Pricing and licensing,1st line support,Bernard Beckley,26-01-2023 20:20,28-01-2023 20:20,26-01-2023 21:20,19:17.5,Within SLA,25:16.4,Within SLA,,1,,Ready to use Software,Tier 1,Bulgaria,42.7249925,25.4833039
Resolved,1230,Medium,Email,Purchasing and invoicing,1st line support,Sheela Cutten,26-01-2023 14:36,28-01-2023 14:36,26-01-2023 15:36,25:19.0,Within SLA,46:00.4,Within SLA,,10,,Training and Consulting Services,Tier 1,France,48.864716,2.349014
Closed,1231,Low,Email,Feature request,2nd line support,Heather Urry,26-01-2023 22:13,28-01-2023 22:13,26-01-2023 23:13,19:21.0,Within SLA,28:47.2,Within SLA,38:00.7,6,1,Ready to use Software,Tier 2,Italy,43.036776,12.678565
Resolved,1232,Low,Chat,Product setup,1st line support,Nicola Wane,26-01-2023 16:23,27-01-2023 16:23,26-01-2023 16:25,24:37.0,Within SLA,11:54.0,Within SLA,,2,,Ready to use Software,Tier 1,Italy,43.036776,12.678565
In progress,1233,High,Email,Purchasing and invoicing,2nd line support,Adolpho Messingham,26-01-2023 03:27,28-01-2023 03:27,26-01-2023 04:27,43:57.3,Within SLA,,SLA Violated,,1,,Ready to use Software,Tier 2,Italy,43.036776,12.678565
Closed,1234,High,Email,Product setup,1st line support,Connor Danielovitch,26-01-2023 23:23,28-01-2023 23:23,27-01-2023 00:23,47:55.6,Within SLA,30:36.1,Within SLA,48:24.6,8,3,Custom software development,Tier 1,Germany,51.165691,10.451526
In progress,1235,Medium,Phone,Bug report,1st line support,Nicola Wane,27-01-2023 16:27,29-01-2023 16:27,27-01-2023 16:29,28:57.4,Within SLA,,SLA Violated,,2,,Custom software development,Tier 1,Republic of Ireland,53.094024,-8.019675
Resolved,1236,Medium,Phone,Pricing and licensing,1st line support,Nicola Wane,27-01-2023 02:57,29-01-2023 02:57,27-01-2023 02:59,31:18.2,SLA Violated,10:24.3,Within SLA,,4,,Ready to use Software,Tier 1,France,48.864716,2.349014
Closed,1237,Low,Email,Purchasing and invoicing,1st line support,Nicola Wane,27-01-2023 22:18,29-01-2023 22:18,27-01-2023 23:18,32:55.0,Within SLA,14:18.8,Within SLA,04:29.3,1,4,Other,Tier 1,United Kingdom,55.378052,-3.435973
Closed,1238,Low,Chat,Feature request,1st line support,Nicola Wane,27-01-2023 15:35,28-01-2023 15:35,27-01-2023 15:37,36:34.0,Within SLA,35:09.1,Within SLA,57:07.3,7,4,Ready to use Software,Tier 1,Greece,39.368279,21.863141
Resolved,1239,Medium,Email,Pricing and licensing,1st line support,Kristos Westoll,27-01-2023 21:11,29-01-2023 21:11,27-01-2023 22:11,22:49.0,Within SLA,41:59.1,SLA Violated,,10,,Ready to use Software,Tier 1,United Kingdom,55.378052,-3.435973
In progress,1240,Low,Chat,Pricing and licensing,1st line support,Connor Danielovitch,27-01-2023 06:05,28-01-2023 06:05,27-01-2023 06:07,06:23.4,Within SLA,,SLA Violated,,6,,Custom software development,Tier 1,France,48.864716,2.349014
Resolved,1241,Medium,Chat,Purchasing and invoicing,1st line support,Sheela Cutten,27-01-2023 01:00,28-01-2023 01:00,27-01-2023 01:02,02:04.7,Within SLA,38:39.6,Within SLA,,9,,Ready to use Software,Tier 1,Italy,43.036776,12.678565
Closed,1242,Medium,Phone,Pricing and licensing,2nd line support,Heather Urry,27-01-2023 10:22,29-01-2023 10:22,27-01-2023 10:24,22:54.8,Within SLA,43:17.6,Within SLA,22:05.8,1,2,Ready to use Software,Tier 2,Slovenia,46.1491664,14.9860106
Resolved,1243,Medium,Phone,Pricing and licensing,1st line support,Sheela Cutten,27-01-2023 20:50,29-01-2023 20:50,27-01-2023 20:52,50:56.9,Within SLA,02:39.8,Within SLA,,3,,Training and Consulting Services,Tier 1,Slovenia,46.1491664,14.9860106
Resolved,1244,Low,Email,Product setup,1st line support,Nicola Wane,27-01-2023 08:33,29-01-2023 08:33,27-01-2023 09:33,47:05.1,Within SLA,02:59.9,Within SLA,,4,,Ready to use Software,Tier 1,France,48.864716,2.349014
In progress,1245,Low,Email,Bug report,1st line support,Connor Danielovitch,27-01-2023 21:50,29-01-2023 21:50,27-01-2023 22:50,58:33.0,Within SLA,,SLA Violated,,2,,Ready to use Software,Tier 1,Greece,39.368279,21.863141
Closed,1246,Medium,Email,Pricing and licensing,1st line support,Nicola Wane,27-01-2023 17:51,29-01-2023 17:51,27-01-2023 18:51,37:33.5,Within SLA,33:46.6,Within SLA,01:09.0,6,5,Custom software development,Tier 1,Czech Republic,49.8037633,15.4749126
Closed,1247,High,Chat,Other,1st line support,Connor Danielovitch,28-01-2023 13:39,29-01-2023 13:39,28-01-2023 13:41,40:13.7,Within SLA,08:27.7,Within SLA,45:06.4,3,4,Custom software development,Tier 1,Poland,52.536273,19.050639
Resolved,1248,Low,Email,Product setup,2nd line support,Heather Urry,28-01-2023 20:03,30-01-2023 20:03,28-01-2023 21:03,33:08.3,Within SLA,44:15.7,Within SLA,,3,,Ready to use Software,Tier 2,Republic of Ireland,53.094024,-8.019675
Closed,1254,Low,Chat,Pricing and licensing,1st line support,Sheela Cutten,28-01-2023 12:06,29-01-2023 12:06,28-01-2023 12:08,10:09.2,SLA Violated,28:16.4,Within SLA,42:00.8,4,3,Custom software development,Tier 1,Italy,43.036776,12.678565
Closed,1255,Medium,Phone,Other,2nd line support,Heather Urry,28-01-2023 21:26,30-01-2023 21:26,28-01-2023 21:28,28:27.1,Within SLA,42:41.0,Within SLA,52:43.4,2,3,Ready to use Software,Tier 2,France,48.864716,2.349014
Closed,1256,High,Chat,Pricing and licensing,1st line support,Nicola Wane,29-01-2023 00:51,30-01-2023 00:51,29-01-2023 00:53,54:35.7,SLA Violated,38:25.0,Within SLA,02:01.4,7,3,Custom software development,Tier 1,United Kingdom,55.378052,-3.435973
In progress,1257,Medium,Email,Purchasing and invoicing,1st line support,Nicola Wane,29-01-2023 11:27,31-01-2023 11:27,29-01-2023 12:27,08:48.5,Within SLA,,SLA Violated,,6,,Other,Tier 1,Poland,52.536273,19.050639
Closed,1258,Low,Chat,Product setup,2nd line support,Adolpho Messingham,29-01-2023 07:22,30-01-2023 07:22,29-01-2023 07:24,24:23.3,Within SLA,31:48.6,Within SLA,28:35.2,6,4,Ready to use Software,Tier 2,Austria,47.6964719,13.3457347
Closed,1259,High,Email,Bug report,1st line support,Sheela Cutten,29-01-2023 02:59,31-01-2023 02:59,29-01-2023 03:59,22:30.8,SLA Violated,27:29.2,Within SLA,26:32.5,1,3,Training and Consulting Services,Tier 1,Spain,39.67337,-4.767726
Closed,1260,Low,Phone,Purchasing and invoicing,1st line support,Connor Danielovitch,29-01-2023 20:28,31-01-2023 20:28,29-01-2023 20:30,29:31.3,Within SLA,01:17.6,Within SLA,17:23.8,1,4,Custom software development,Tier 1,Germany,51.165691,10.451526
Resolved,1266,Medium,Email,Pricing and licensing,2nd line support,Michele Whyatt,29-01-2023 22:11,31-01-2023 22:11,29-01-2023 23:11,43:29.8,Within SLA,45:47.6,SLA Violated,,3,,Training and Consulting Services,Tier 2,Austria,47.6964719,13.3457347
Resolved,1267,High,Email,Bug report,1st line support,Kristos Westoll,29-01-2023 05:19,31-01-2023 05:19,29-01-2023 06:19,49:37.9,Within SLA,04:21.5,Within SLA,,7,,Training and Consulting Services,Tier 1,Republic of Ireland,53.094024,-8.019675
Closed,1268,Medium,Email,Product setup,1st line support,Bernard Beckley,30-01-2023 04:04,01-02-2023 04:04,30-01-2023 05:04,35:01.8,Within SLA,12:53.7,Within SLA,23:37.0,10,4,Other,Tier 1,Poland,52.536273,19.050639
Closed,1269,Medium,Chat,Product setup,1st line support,Nicola Wane,30-01-2023 12:20,31-01-2023 12:20,30-01-2023 12:22,21:52.7,Within SLA,18:17.8,Within SLA,17:15.5,7,2,Custom software development,Tier 1,Bulgaria,42.7249925,25.4833039
Resolved,1270,Medium,Email,Feature request,1st line support,Sheela Cutten,30-01-2023 02:02,01-02-2023 02:02,30-01-2023 03:02,52:02.6,Within SLA,39:24.7,Within SLA,,1,,Custom software development,Tier 1,Czech Republic,49.8037633,15.4749126
In progress,1271,Medium,Email,Pricing and licensing,1st line support,Kristos Westoll,30-01-2023 14:51,01-02-2023 14:51,30-01-2023 15:51,54:01.6,Within SLA,,SLA Violated,,10,,Custom software development,Tier 1,Slovenia,46.1491664,14.9860106
Resolved,1272,Low,Chat,Product setup,1st line support,Kristos Westoll,30-01-2023 20:29,31-01-2023 20:29,30-01-2023 20:31,31:02.3,Within SLA,10:57.3,Within SLA,,7,,Other,Tier 1,Germany,51.165691,10.451526
Closed,1273,Low,Chat,Feature request,1st line support,Sheela Cutten,30-01-2023 16:27,31-01-2023 16:27,30-01-2023 16:29,29:32.8,Within SLA,17:00.7,Within SLA,10:43.4,2,4,Custom software development,Tier 1,Italy,43.036776,12.678565
Closed,1274,Low,Email,Pricing and licensing,1st line support,Sheela Cutten,30-01-2023 19:13,01-02-2023 19:13,30-01-2023 20:13,49:40.8,Within SLA,09:58.4,Within SLA,13:53.3,3,5,Custom software development,Tier 1,Poland,52.536273,19.050639
Closed,1275,High,Chat,Product setup,1st line support,Nicola Wane,30-01-2023 03:48,31-01-2023 03:48,30-01-2023 03:50,48:30.9,Within SLA,47:38.8,Within SLA,59:40.1,8,3,Other,Tier 1,United Kingdom,55.378052,-3.435973
In progress,1276,Low,Chat,Product setup,1st line support,Nicola Wane,30-01-2023 16:43,31-01-2023 16:43,30-01-2023 16:45,44:18.4,Within SLA,,SLA Violated,,4,,Training and Consulting Services,Tier 1,Germany,51.165691,10.451526
In progress,1277,Low,Email,Feature request,1st line support,Nicola Wane,31-01-2023 09:59,02-02-2023 09:59,31-01-2023 10:59,08:28.2,SLA Violated,,SLA Violated,,1,,Custom software development,Tier 1,France,48.864716,2.349014
Closed,1278,High,Email,Pricing and licensing,1st line support,Connor Danielovitch,31-01-2023 08:43,02-02-2023 08:43,31-01-2023 09:43,59:04.3,Within SLA,38:55.3,Within SLA,21:59.3,2,3,Custom software development,Tier 1,Slovenia,46.1491664,14.9860106
Closed,1279,High,Chat,Pricing and licensing,1st line support,Connor Danielovitch,31-01-2023 23:25,01-02-2023 23:25,31-01-2023 23:27,29:33.7,SLA Violated,02:17.4,Within SLA,08:21.9,2,4,Custom software development,Tier 1,Italy,43.036776,12.678565
Resolved,1280,Low,Chat,Feature request,1st line support,Sheela Cutten,31-01-2023 12:27,01-02-2023 12:27,31-01-2023 12:29,29:38.6,Within SLA,58:39.8,Within SLA,,6,,Custom software development,Tier 1,Germany,51.165691,10.451526
Resolved,1281,High,Email,Product setup,2nd line support,Heather Urry,31-01-2023 12:56,02-02-2023 12:56,31-01-2023 13:56,16:06.3,Within SLA,02:20.2,Within SLA,,1,,Training and Consulting Services,Tier 2,Republic of Ireland,53.094024,-8.019675
Resolved,1282,Medium,Email,Feature request,1st line support,Nicola Wane,31-01-2023 21:52,02-02-2023 21:52,31-01-2023 22:52,18:47.7,Within SLA,15:35.8,Within SLA,,4,,Custom software development,Tier 1,Bulgaria,42.7249925,25.4833039
Closed,1283,Low,Email,Purchasing and invoicing,1st line support,Connor Danielovitch,01-02-2023 11:03,03-02-2023 11:03,01-02-2023 12:03,18:26.7,Within SLA,17:37.7,Within SLA,12:05.4,8,4,Custom software development,Tier 1,Republic of Ireland,53.094024,-8.019675
Closed,1284,Medium,Email,Product setup,2nd line support,Heather Urry,01-02-2023 10:07,03-02-2023 10:07,01-02-2023 11:07,02:02.0,Within SLA,11:15.3,Within SLA,16:59.1,8,1,Other,Tier 2,Austria,47.6964719,13.3457347
In progress,1285,Low,Phone,Pricing and licensing,2nd line support,Michele Whyatt,01-02-2023 01:05,03-02-2023 01:05,01-02-2023 01:07,06:10.4,Within SLA,,SLA Violated,,2,,Custom software development,Tier 2,United Kingdom,55.378052,-3.435973
Closed,1286,Medium,Email,Feature request,1st line support,Nicola Wane,01-02-2023 12:49,03-02-2023 12:49,01-02-2023 13:49,40:08.3,Within SLA,12:16.1,SLA Violated,04:47.9,10,4,Custom software development,Tier 1,Poland,52.536273,19.050639
Resolved,1287,Low,Chat,Product setup,2nd line support,Adolpho Messingham,01-02-2023 20:49,02-02-2023 20:49,01-02-2023 20:51,50:00.5,Within SLA,34:56.1,SLA Violated,,4,,Custom software development,Tier 2,Germany,51.165691,10.451526
Closed,1288,Medium,Phone,Other,2nd line support,Adolpho Messingham,01-02-2023 19:56,03-02-2023 19:56,01-02-2023 19:58,10:53.8,Within SLA,35:00.9,Within SLA,55:03.3,2,5,Training and Consulting Services,Tier 2,Bulgaria,42.7249925,25.4833039
Closed,1289,Low,Email,Other,1st line support,Connor Danielovitch,01-02-2023 09:34,03-02-2023 09:34,01-02-2023 10:34,03:29.3,Within SLA,28:19.0,Within SLA,35:55.2,3,3,Ready to use Software,Tier 1,Austria,47.6964719,13.3457347
Closed,1291,Medium,Email,Pricing and licensing,1st line support,Connor Danielovitch,01-02-2023 01:23,03-02-2023 01:23,01-02-2023 02:23,04:23.1,SLA Violated,26:37.9,Within SLA,02:34.8,2,4,Other,Tier 1,France,48.864716,2.349014
Closed,1292,Low,Chat,Product setup,1st line support,Kristos Westoll,01-02-2023 08:00,02-02-2023 08:00,01-02-2023 08:02,02:38.1,Within SLA,27:48.5,Within SLA,53:34.6,8,2,Ready to use Software,Tier 1,Republic of Ireland,53.094024,-8.019675
In progress,1294,Low,Email,Feature request,1st line support,Bernard Beckley,02-02-2023 15:20,04-02-2023 15:20,02-02-2023 16:20,44:22.6,Within SLA,,SLA Violated,,4,,Other,Tier 1,Republic of Ireland,53.094024,-8.019675
Resolved,1295,Low,Email,Feature request,1st line support,Connor Danielovitch,02-02-2023 00:08,04-02-2023 00:08,02-02-2023 01:08,44:07.0,Within SLA,25:12.2,Within SLA,,1,,Ready to use Software,Tier 1,Bulgaria,42.7249925,25.4833039
Closed,1296,Medium,Chat,Pricing and licensing,1st line support,Nicola Wane,02-02-2023 02:14,03-02-2023 02:14,02-02-2023 02:16,14:49.8,Within SLA,39:24.1,Within SLA,43:42.8,4,1,Custom software development,Tier 1,Italy,43.036776,12.678565
Closed,1297,Low,Chat,Product setup,1st line support,Sheela Cutten,02-02-2023 23:36,03-02-2023 23:36,02-02-2023 23:38,37:50.7,Within SLA,56:52.6,Within SLA,51:51.6,60,3,Ready to use Software,Tier 1,Czech Republic,49.8037633,15.4749126
Closed,1298,Low,Email,Feature request,1st line support,Connor Danielovitch,02-02-2023 16:29,04-02-2023 16:29,02-02-2023 17:29,16:37.4,Within SLA,41:12.2,Within SLA,55:45.5,8,5,Ready to use Software,Tier 1,Spain,39.67337,-4.767726
Closed,1299,Low,Phone,Feature request,1st line support,Bernard Beckley,02-02-2023 07:41,04-02-2023 07:41,02-02-2023 07:43,43:03.6,Within SLA,33:00.8,Within SLA,51:03.4,2,1,Custom software development,Tier 1,Slovenia,46.1491664,14.9860106
Resolved,1300,Medium,Chat,Pricing and Licensing,1st line support,Bernard Beckley,03-02-2023 14:41,04-02-2023 14:41,03-02-2023 14:43,42:44.9,Within SLA,29:03.8,SLA Violated,,6,,Custom software development,Tier 1,Czech Republic,49.8037633,15.4749126
Closed,1301,Low,Phone,Product setup,1st line support,Connor Danielovitch,03-02-2023 23:09,05-02-2023 23:09,03-02-2023 23:11,09:34.8,Within SLA,59:00.5,Within SLA,06:04.1,1,3,Ready to use Software,Tier 1,Greece,39.368279,21.863141
Resolved,1302,High,Email,Pricing and licensing,1st line support,Sheela Cutten,03-02-2023 20:17,05-02-2023 20:17,03-02-2023 21:17,10:14.2,Within SLA,15:08.4,Within SLA,,3,,Custom software development,Tier 1,Italy,43.036776,12.678565
Resolved,1303,Low,Phone,Product setup,1st line support,Nicola Wane,03-02-2023 18:46,05-02-2023 18:46,03-02-2023 18:48,49:43.0,SLA Violated,03:44.3,Within SLA,,3,,Ready to use Software,Tier 1,Slovenia,46.1491664,14.9860106
Resolved,1304,Medium,Phone,Purchasing and invoicing,1st line support,Sheela Cutten,03-02-2023 19:19,05-02-2023 19:19,03-02-2023 19:21,24:43.0,SLA Violated,43:11.3,Within SLA,,5,,Other,Tier 1,Germany,51.165691,10.451526
Resolved,1305,Low,Email,Purchasing and invoicing,1st line support,Bernard Beckley,03-02-2023 01:50,05-02-2023 01:50,03-02-2023 02:50,11:52.0,Within SLA,17:29.5,Within SLA,,1,,Ready to use Software,Tier 1,Czech Republic,49.8037633,15.4749126
Closed,1306,High,Chat,Bug report,1st line support,Connor Danielovitch,04-02-2023 13:06,05-02-2023 13:06,04-02-2023 13:08,08:10.1,Within SLA,20:57.2,Within SLA,49:11.7,7,5,Training and Consulting Services,Tier 1,United Kingdom,55.378052,-3.435973
Closed,1307,Low,Email,Product setup,1st line support,Kristos Westoll,04-02-2023 22:36,06-02-2023 22:36,04-02-2023 23:36,15:13.7,Within SLA,17:59.7,Within SLA,46:27.3,10,5,Ready to use Software,Tier 1,Republic of Ireland,53.094024,-8.019675
Resolved,1317,High,Email,Feature request,2nd line support,Heather Urry,05-02-2023 00:18,07-02-2023 00:18,05-02-2023 01:18,52:10.2,Within SLA,46:04.5,Within SLA,,3,,Other,Tier 2,Austria,47.6964719,13.3457347
Closed,1318,Low,Email,Pricing and licensing,1st line support,Nicola Wane,05-02-2023 02:31,07-02-2023 02:31,05-02-2023 03:31,30:22.1,Within SLA,16:34.3,Within SLA,21:21.0,2,4,Other,Tier 1,France,48.864716,2.349014
Resolved,1319,Medium,Chat,Bug report,2nd line support,Heather Urry,05-02-2023 05:01,06-02-2023 05:01,05-02-2023 05:03,03:03.5,Within SLA,35:47.9,Within SLA,,4,,Custom software development,Tier 2,Bulgaria,42.7249925,25.4833039
In progress,1321,Low,Email,Pricing and Licensing,1st line support,Kristos Westoll,05-02-2023 05:51,07-02-2023 05:51,05-02-2023 06:51,46:03.1,Within SLA,,SLA Violated,,1,,Custom software development,Tier 1,Republic of Ireland,53.094024,-8.019675
Resolved,1323,Low,Email,Pricing and licensing,1st line support,Nicola Wane,06-02-2023 20:45,08-02-2023 20:45,06-02-2023 21:45,14:22.7,Within SLA,33:15.8,Within SLA,,3,,Ready to use Software,Tier 1,Austria,47.6964719,13.3457347
Resolved,1324,Medium,Email,Pricing and licensing,2nd line support,Michele Whyatt,06-02-2023 08:09,08-02-2023 08:09,06-02-2023 09:09,19:29.8,Within SLA,43:22.9,SLA Violated,,1,,Custom software development,Tier 2,Germany,51.165691,10.451526
Closed,1325,Medium,Email,Purchasing and invoicing,1st line support,Sheela Cutten,06-02-2023 02:27,08-02-2023 02:27,06-02-2023 03:27,56:04.6,Within SLA,55:48.5,Within SLA,27:01.4,5,5,Custom software development,Tier 1,United Kingdom,55.378052,-3.435973
Closed,1326,Medium,Chat,Product setup,1st line support,Kristos Westoll,06-02-2023 08:26,07-02-2023 08:26,06-02-2023 08:28,30:58.1,SLA Violated,57:05.0,Within SLA,14:08.5,4,4,Other,Tier 1,France,48.864716,2.349014
Resolved,1327,High,Chat,Bug report,1st line support,Bernard Beckley,06-02-2023 03:34,07-02-2023 03:34,06-02-2023 03:36,35:39.2,Within SLA,45:49.5,Within SLA,,6,,Ready to use Software,Tier 1,Republic of Ireland,53.094024,-8.019675
In progress,1328,Low,Email,Feature request,1st line support,Connor Danielovitch,06-02-2023 10:53,08-02-2023 10:53,06-02-2023 11:53,49:03.9,Within SLA,,SLA Violated,,1,,Custom software development,Tier 1,Bulgaria,42.7249925,25.4833039
In progress,1329,Medium,Chat,Bug report,1st line support,Bernard Beckley,06-02-2023 12:00,07-02-2023 12:00,06-02-2023 12:02,00:59.7,Within SLA,,SLA Violated,,6,,Ready to use Software,Tier 1,Republic of Ireland,53.094024,-8.019675
Resolved,1330,Low,Email,Purchasing and invoicing,1st line support,Bernard Beckley,06-02-2023 11:37,08-02-2023 11:37,06-02-2023 12:37,58:14.1,Within SLA,23:52.7,Within SLA,,3,,Custom software development,Tier 1,Republic of Ireland,53.094024,-8.019675
Resolved,1331,Medium,Email,Purchasing and invoicing,1st line support,Nicola Wane,07-02-2023 18:37,09-02-2023 18:37,07-02-2023 19:37,30:10.1,SLA Violated,03:13.0,Within SLA,,9,,Other,Tier 1,Slovenia,46.1491664,14.9860106
Resolved,1332,High,Email,Product setup,1st line support,Sheela Cutten,07-02-2023 11:38,09-02-2023 11:38,07-02-2023 12:38,58:33.9,Within SLA,29:06.0,Within SLA,,4,,Training and Consulting Services,Tier 1,Austria,47.6964719,13.3457347
Closed,1333,Medium,Chat,Feature request,1st line support,Sheela Cutten,07-02-2023 11:08,08-02-2023 11:08,07-02-2023 11:10,09:27.8,Within SLA,19:59.7,SLA Violated,38:23.3,6,3,Ready to use Software,Tier 1,Slovenia,46.1491664,14.9860106
Closed,1334,Low,Phone,Product setup,1st line support,Nicola Wane,07-02-2023 01:47,09-02-2023 01:47,07-02-2023 01:49,49:22.3,Within SLA,23:22.6,Within SLA,38:25.5,5,2,Training and Consulting Services,Tier 1,Spain,39.67337,-4.767726
In progress,1335,High,Email,Bug report,1st line support,Sheela Cutten,07-02-2023 04:06,09-02-2023 04:06,07-02-2023 05:06,24:21.9,Within SLA,,SLA Violated,,1,,Custom software development,Tier 1,France,48.864716,2.349014
Closed,1336,Low,Email,Other,1st line support,Connor Danielovitch,07-02-2023 19:03,09-02-2023 19:03,07-02-2023 20:03,33:54.6,Within SLA,23:06.1,Within SLA,58:07.7,2,4,Custom software development,Tier 1,Germany,51.165691,10.451526
Closed,1337,High,Chat,Pricing and licensing,1st line support,Nicola Wane,08-02-2023 04:57,09-02-2023 04:57,08-02-2023 04:59,58:51.6,Within SLA,56:10.0,Within SLA,52:56.5,2,4,Ready to use Software,Tier 1,United Kingdom,55.378052,-3.435973
Closed,1338,Low,Email,Product setup,1st line support,Sheela Cutten,08-02-2023 16:09,10-02-2023 16:09,08-02-2023 17:09,23:15.6,Within SLA,36:43.1,Within SLA,50:04.4,2,3,Training and Consulting Services,Tier 1,United Kingdom,55.378052,-3.435973
Resolved,1339,Low,Email,Pricing and licensing,1st line support,Kristos Westoll,08-02-2023 16:05,10-02-2023 16:05,08-02-2023 17:05,37:25.2,Within SLA,52:49.5,Within SLA,,1,,Training and Consulting Services,Tier 1,Austria,47.6964719,13.3457347
Closed,1340,Low,Phone,Other,2nd line support,Michele Whyatt,08-02-2023 04:38,10-02-2023 04:38,08-02-2023 04:40,39:46.6,Within SLA,39:36.3,Within SLA,20:06.0,3,5,Ready to use Software,Tier 2,Poland,52.536273,19.050639
In progress,1341,Medium,Phone,Pricing and Licensing,1st line support,Kristos Westoll,08-02-2023 13:44,10-02-2023 13:44,08-02-2023 13:46,46:22.0,Within SLA,,SLA Violated,,1,,Custom software development,Tier 1,Poland,52.536273,19.050639
Resolved,1342,Low,Email,Pricing and licensing,2nd line support,Michele Whyatt,09-02-2023 08:50,11-02-2023 08:50,09-02-2023 09:50,22:37.0,Within SLA,49:25.6,Within SLA,,1,,Training and Consulting Services,Tier 2,Slovenia,46.1491664,14.9860106
Resolved,1343,Low,Chat,Pricing and licensing,1st line support,Kristos Westoll,09-02-2023 06:38,10-02-2023 06:38,09-02-2023 06:40,39:32.7,Within SLA,18:45.9,Within SLA,,60,,Ready to use Software,Tier 1,Germany,51.165691,10.451526
In progress,1344,High,Chat,Product setup,1st line support,Sheela Cutten,09-02-2023 07:54,10-02-2023 07:54,09-02-2023 07:56,59:35.7,SLA Violated,,SLA Violated,,4,,Other,Tier 1,Italy,43.036776,12.678565
Resolved,1345,Medium,Email,Product setup,2nd line support,Adolpho Messingham,09-02-2023 19:20,11-02-2023 19:20,09-02-2023 20:20,27:02.1,Within SLA,49:49.0,Within SLA,,2,,Custom software development,Tier 2,Slovenia,46.1491664,14.9860106
In progress,1346,Medium,Chat,Bug report,1st line support,Sheela Cutten,09-02-2023 03:51,10-02-2023 03:51,09-02-2023 03:53,51:46.7,Within SLA,,SLA Violated,,6,,Custom software development,Tier 1,Austria,47.6964719,13.3457347
In progress,1347,Low,Email,Product setup,1st line support,Nicola Wane,09-02-2023 20:42,11-02-2023 20:42,09-02-2023 21:42,34:23.3,Within SLA,,SLA Violated,,9,,Ready to use Software,Tier 1,Italy,43.036776,12.678565
Resolved,1348,High,Email,Bug report,2nd line support,Michele Whyatt,09-02-2023 20:34,11-02-2023 20:34,09-02-2023 21:34,19:12.4,Within SLA,21:06.7,Within SLA,,6,,Training and Consulting Services,Tier 2,Germany,51.165691,10.451526
Resolved,1349,Low,Email,Bug report,1st line support,Sheela Cutten,09-02-2023 03:04,11-02-2023 03:04,09-02-2023 04:04,32:28.5,Within SLA,37:06.9,Within SLA,,5,,Ready to use Software,Tier 1,Greece,39.368279,21.863141
Closed,1350,Low,Email,Feature request,1st line support,Kristos Westoll,09-02-2023 10:01,11-02-2023 10:01,09-02-2023 11:01,55:54.2,Within SLA,23:58.3,Within SLA,32:34.1,10,5,Other,Tier 1,Spain,39.67337,-4.767726
In progress,1351,Medium,Email,Purchasing and invoicing,1st line support,Sheela Cutten,09-02-2023 11:28,11-02-2023 11:28,09-02-2023 12:28,52:03.4,Within SLA,,SLA Violated,,3,,Custom software development,Tier 1,Greece,39.368279,21.863141
In progress,1352,Medium,Email,Product setup,1st line support,Connor Danielovitch,10-02-2023 23:16,12-02-2023 23:16,11-02-2023 00:16,39:28.9,Within SLA,,SLA Violated,,2,,Other,Tier 1,Republic of Ireland,53.094024,-8.019675
Resolved,1353,Low,Phone,Other,1st line support,Connor Danielovitch,10-02-2023 21:21,12-02-2023 21:21,10-02-2023 21:23,22:07.4,Within SLA,27:01.0,Within SLA,,3,,Custom software development,Tier 1,Germany,51.165691,10.451526
Closed,1354,Medium,Email,Other,1st line support,Nicola Wane,10-02-2023 03:56,12-02-2023 03:56,10-02-2023 04:56,01:52.4,Within SLA,35:54.8,SLA Violated,26:39.5,10,5,Ready to use Software,Tier 1,Poland,52.536273,19.050639
Closed,1355,High,Phone,Pricing and licensing,1st line support,Connor Danielovitch,10-02-2023 10:39,12-02-2023 10:39,10-02-2023 10:41,43:14.4,SLA Violated,15:15.6,SLA Violated,33:59.5,2,3,Ready to use Software,Tier 1,United Kingdom,55.378052,-3.435973
Resolved,1356,High,Chat,Pricing and licensing,1st line support,Nicola Wane,10-02-2023 07:48,11-02-2023 07:48,10-02-2023 07:50,49:01.7,Within SLA,46:50.1,Within SLA,,6,,Custom software development,Tier 1,Italy,43.036776,12.678565
Resolved,1357,Low,Email,Product setup,1st line support,Kristos Westoll,11-02-2023 23:15,13-02-2023 23:15,12-02-2023 00:15,10:07.1,Within SLA,12:21.8,Within SLA,,6,,Training and Consulting Services,Tier 1,Spain,39.67337,-4.767726
In progress,1358,Medium,Email,Bug report,1st line support,Nicola Wane,11-02-2023 17:13,13-02-2023 17:13,11-02-2023 18:13,22:15.2,SLA Violated,,SLA Violated,,4,,Custom software development,Tier 1,Italy,43.036776,12.678565
Closed,1359,Medium,Chat,Product setup,1st line support,Bernard Beckley,11-02-2023 23:00,12-02-2023 23:00,11-02-2023 23:02,02:37.0,Within SLA,01:18.2,Within SLA,06:26.7,2,3,Ready to use Software,Tier 1,United Kingdom,55.378052,-3.435973
Resolved,1368,High,Chat,Other,1st line support,Kristos Westoll,12-02-2023 17:55,13-02-2023 17:55,12-02-2023 17:57,00:19.0,SLA Violated,09:38.8,Within SLA,,6,,Other,Tier 1,Spain,39.67337,-4.767726
Closed,1372,Low,Email,Other,1st line support,Nicola Wane,12-02-2023 20:50,14-02-2023 20:50,12-02-2023 21:50,02:24.8,Within SLA,36:09.9,Within SLA,17:43.6,5,3,Training and Consulting Services,Tier 1,United Kingdom,55.378052,-3.435973
Resolved,1373,High,Chat,Product setup,1st line support,Bernard Beckley,12-02-2023 13:46,13-02-2023 13:46,12-02-2023 13:48,47:10.9,Within SLA,21:52.6,Within SLA,,6,,Ready to use Software,Tier 1,Bulgaria,42.7249925,25.4833039
Closed,1374,High,Email,Product setup,1st line support,Sheela Cutten,13-02-2023 16:58,15-02-2023 16:58,13-02-2023 17:58,26:52.4,Within SLA,51:51.9,Within SLA,33:51.1,7,4,Ready to use Software,Tier 1,Greece,39.368279,21.863141
Closed,1375,High,Chat,Feature request,1st line support,Kristos Westoll,13-02-2023 05:54,14-02-2023 05:54,13-02-2023 05:56,54:13.0,Within SLA,43:22.3,Within SLA,20:38.8,8,4,Custom software development,Tier 1,United Kingdom,55.378052,-3.435973
Closed,1376,Medium,Email,Feature request,2nd line support,Heather Urry,13-02-2023 22:00,15-02-2023 22:00,13-02-2023 23:00,38:58.7,Within SLA,30:47.8,Within SLA,45:53.5,1,5,Custom software development,Tier 2,France,48.864716,2.349014
Closed,1377,Medium,Chat,Product setup,1st line support,Kristos Westoll,13-02-2023 15:35,14-02-2023 15:35,13-02-2023 15:37,36:45.1,Within SLA,59:35.1,Within SLA,49:55.0,2,5,Ready to use Software,Tier 1,Austria,47.6964719,13.3457347
In progress,1378,High,Chat,Pricing and licensing,1st line support,Nicola Wane,13-02-2023 11:51,14-02-2023 11:51,13-02-2023 11:53,53:42.3,Within SLA,,SLA Violated,,6,,Other,Tier 1,Germany,51.165691,10.451526
Closed,1379,Low,Email,Product setup,1st line support,Sheela Cutten,14-02-2023 15:59,16-02-2023 15:59,14-02-2023 16:59,11:38.2,Within SLA,20:03.5,Within SLA,54:53.1,3,4,Ready to use Software,Tier 1,Poland,52.536273,19.050639
In progress,1380,Low,Email,Bug report,2nd line support,Adolpho Messingham,14-02-2023 14:37,16-02-2023 14:37,14-02-2023 15:37,28:41.4,Within SLA,,SLA Violated,,2,,Ready to use Software,Tier 2,United Kingdom,55.378052,-3.435973
Closed,1381,Medium,Email,Pricing and licensing,2nd line support,Heather Urry,14-02-2023 13:50,16-02-2023 13:50,14-02-2023 14:50,34:00.2,Within SLA,50:35.7,Within SLA,57:43.7,1,1,Custom software development,Tier 2,Germany,51.165691,10.451526
Resolved,1382,High,Email,Pricing and licensing,1st line support,Connor Danielovitch,14-02-2023 22:46,16-02-2023 22:46,14-02-2023 23:46,57:05.7,SLA Violated,22:07.5,Within SLA,,3,,Other,Tier 1,Greece,39.368279,21.863141
Resolved,1383,Low,Chat,Product setup,1st line support,Kristos Westoll,14-02-2023 05:47,15-02-2023 05:47,14-02-2023 05:49,48:39.3,Within SLA,08:57.2,Within SLA,,7,,Ready to use Software,Tier 1,Bulgaria,42.7249925,25.4833039
Resolved,1384,Low,Phone,Pricing and licensing,1st line support,Kristos Westoll,14-02-2023 15:54,16-02-2023 15:54,14-02-2023 15:56,56:41.7,SLA Violated,39:01.0,Within SLA,,6,,Ready to use Software,Tier 1,Germany,51.165691,10.451526
Closed,1385,Low,Email,Product setup,2nd line support,Michele Whyatt,14-02-2023 10:28,16-02-2023 10:28,14-02-2023 11:28,59:14.2,Within SLA,28:39.9,Within SLA,47:09.5,1,1,Ready to use Software,Tier 2,Austria,47.6964719,13.3457347
Closed,1386,High,Phone,Feature request,2nd line support,Michele Whyatt,14-02-2023 08:24,16-02-2023 08:24,14-02-2023 08:26,27:31.3,SLA Violated,14:24.1,Within SLA,22:15.6,2,1,Other,Tier 2,Italy,43.036776,12.678565
In progress,1387,Medium,Phone,Other,1st line support,Kristos Westoll,15-02-2023 18:19,17-02-2023 18:19,15-02-2023 18:21,19:27.7,Within SLA,,SLA Violated,,2,,Ready to use Software,Tier 1,Poland,52.536273,19.050639
Closed,1388,Low,Email,Pricing and licensing,1st line support,Sheela Cutten,15-02-2023 17:28,17-02-2023 17:28,15-02-2023 18:28,02:57.3,Within SLA,53:44.4,Within SLA,14:46.2,7,5,Ready to use Software,Tier 1,Italy,43.036776,12.678565
Closed,1389,Low,Email,Pricing and licensing,2nd line support,Michele Whyatt,15-02-2023 17:13,17-02-2023 17:13,15-02-2023 18:13,23:53.3,Within SLA,43:11.9,Within SLA,39:07.5,6,1,Custom software development,Tier 2,Greece,39.368279,21.863141
Resolved,1390,High,Email,Product setup,1st line support,Nicola Wane,15-02-2023 02:01,17-02-2023 02:01,15-02-2023 03:01,27:28.3,Within SLA,02:38.2,Within SLA,,10,,Ready to use Software,Tier 1,Poland,52.536273,19.050639
Resolved,1391,Low,Email,Bug report,1st line support,Sheela Cutten,15-02-2023 00:06,17-02-2023 00:06,15-02-2023 01:06,23:29.8,Within SLA,07:33.4,Within SLA,,8,,Ready to use Software,Tier 1,United Kingdom,55.378052,-3.435973
Closed,1392,Low,Email,Pricing and Licensing,1st line support,Bernard Beckley,15-02-2023 12:18,17-02-2023 12:18,15-02-2023 13:18,20:52.8,Within SLA,38:03.4,SLA Violated,56:49.3,5,5,Custom software development,Tier 1,Spain,39.67337,-4.767726
Resolved,1393,High,Phone,Pricing and Licensing,1st line support,Kristos Westoll,15-02-2023 00:29,17-02-2023 00:29,15-02-2023 00:31,29:50.5,Within SLA,52:42.8,Within SLA,,1,,Custom software development,Tier 1,Italy,43.036776,12.678565
Resolved,1394,High,Email,Pricing and licensing,2nd line support,Heather Urry,15-02-2023 16:04,17-02-2023 16:04,15-02-2023 17:04,15:05.6,Within SLA,27:18.8,Within SLA,,1,,Ready to use Software,Tier 2,United Kingdom,55.378052,-3.435973
Closed,1395,Medium,Chat,Product setup,1st line support,Bernard Beckley,15-02-2023 10:04,16-02-2023 10:04,15-02-2023 10:06,05:31.2,Within SLA,21:20.6,Within SLA,09:24.7,6,4,Other,Tier 1,Poland,52.536273,19.050639
Resolved,1396,Low,Email,Purchasing and invoicing,1st line support,Kristos Westoll,15-02-2023 04:35,17-02-2023 04:35,15-02-2023 05:35,58:32.7,SLA Violated,44:22.2,Within SLA,,1,,Ready to use Software,Tier 1,Italy,43.036776,12.678565
Resolved,1397,Low,Email,Product setup,1st line support,Sheela Cutten,16-02-2023 00:26,18-02-2023 00:26,16-02-2023 01:26,55:24.5,Within SLA,30:33.8,Within SLA,,1,,Other,Tier 1,Bulgaria,42.7249925,25.4833039
Closed,1398,High,Email,Feature request,1st line support,Sheela Cutten,16-02-2023 07:38,18-02-2023 07:38,16-02-2023 08:38,18:49.1,Within SLA,32:12.7,Within SLA,43:17.5,9,4,Ready to use Software,Tier 1,Germany,51.165691,10.451526
In progress,1399,Medium,Chat,Pricing and licensing,2nd line support,Michele Whyatt,16-02-2023 12:00,17-02-2023 12:00,16-02-2023 12:02,01:19.9,Within SLA,,SLA Violated,,60,,Custom software development,Tier 2,Poland,52.536273,19.050639
Closed,1400,Medium,Chat,Product setup,1st line support,Nicola Wane,16-02-2023 18:57,17-02-2023 18:57,16-02-2023 18:59,57:38.5,Within SLA,33:58.2,Within SLA,05:47.4,6,4,Training and Consulting Services,Tier 1,Slovenia,46.1491664,14.9860106
Resolved,1401,Low,Email,Product setup,2nd line support,Heather Urry,16-02-2023 06:49,18-02-2023 06:49,16-02-2023 07:49,09:32.6,Within SLA,16:34.2,Within SLA,,1,,Custom software development,Tier 2,Poland,52.536273,19.050639
Resolved,1402,Low,Chat,Product setup,1st line support,Bernard Beckley,17-02-2023 21:06,18-02-2023 21:06,17-02-2023 21:08,11:15.8,SLA Violated,04:40.8,Within SLA,,6,,Training and Consulting Services,Tier 1,Germany,51.165691,10.451526
In progress,1403,Low,Email,Product setup,1st line support,Bernard Beckley,17-02-2023 07:44,19-02-2023 07:44,17-02-2023 08:44,16:24.9,Within SLA,,SLA Violated,,5,,Other,Tier 1,Italy,43.036776,12.678565
Resolved,1404,Low,Email,Product setup,2nd line support,Heather Urry,17-02-2023 15:53,19-02-2023 15:53,17-02-2023 16:53,59:55.9,Within SLA,10:46.6,Within SLA,,4,,Other,Tier 2,Poland,52.536273,19.050639
Resolved,1405,Low,Email,Pricing and licensing,1st line support,Sheela Cutten,17-02-2023 02:42,19-02-2023 02:42,17-02-2023 03:42,25:04.4,Within SLA,14:13.6,Within SLA,,1,,Custom software development,Tier 1,Germany,51.165691,10.451526
In progress,1406,Low,Email,Pricing and licensing,1st line support,Connor Danielovitch,17-02-2023 04:27,19-02-2023 04:27,17-02-2023 05:27,02:23.5,Within SLA,,SLA Violated,,2,,Other,Tier 1,United Kingdom,55.378052,-3.435973
In progress,1407,Medium,Email,Pricing and Licensing,1st line support,Bernard Beckley,17-02-2023 19:44,19-02-2023 19:44,17-02-2023 20:44,25:34.8,SLA Violated,,SLA Violated,,1,,Custom software development,Tier 1,Italy,43.036776,12.678565
Closed,1408,Low,Email,Feature request,1st line support,Kristos Westoll,17-02-2023 03:04,19-02-2023 03:04,17-02-2023 04:04,15:52.6,Within SLA,15:44.0,Within SLA,05:59.9,9,2,Custom software development,Tier 1,Poland,52.536273,19.050639
Resolved,1409,High,Phone,Feature request,2nd line support,Heather Urry,17-02-2023 12:53,19-02-2023 12:53,17-02-2023 12:55,54:46.7,Within SLA,56:51.5,Within SLA,,2,,Ready to use Software,Tier 2,Slovenia,46.1491664,14.9860106
Closed,1410,High,Email,Product setup,2nd line support,Adolpho Messingham,17-02-2023 11:53,19-02-2023 11:53,17-02-2023 12:53,50:04.0,Within SLA,58:47.1,Within SLA,33:49.1,5,5,Other,Tier 2,Republic of Ireland,53.094024,-8.019675
Open,1411,Medium,Email,Pricing and licensing,1st line support,Kristos Westoll,18-02-2023 01:40,20-02-2023 01:40,18-02-2023 02:40,,SLA Violated,,SLA Violated,,,,Ready to use Software,Tier 1,Spain,39.67337,-4.767726
Resolved,1412,High,Email,Feature request,2nd line support,Adolpho Messingham,18-02-2023 01:11,20-02-2023 01:11,18-02-2023 02:11,56:03.3,SLA Violated,16:46.2,SLA Violated,,2,,Ready to use Software,Tier 2,Greece,39.368279,21.863141
Closed,1413,High,Email,Product setup,2nd line support,Heather Urry,18-02-2023 10:17,20-02-2023 10:17,18-02-2023 11:17,00:21.7,SLA Violated,00:00.1,SLA Violated,52:16.9,1,4,Ready to use Software,Tier 2,Austria,47.6964719,13.3457347
Closed,1420,Low,Email,Purchasing and invoicing,1st line support,Bernard Beckley,19-02-2023 00:43,21-02-2023 00:43,19-02-2023 01:43,01:40.5,SLA Violated,53:05.3,Within SLA,28:50.0,10,4,Other,Tier 1,United Kingdom,55.378052,-3.435973
Closed,1421,Medium,Email,Purchasing and invoicing,1st line support,Kristos Westoll,19-02-2023 22:39,21-02-2023 22:39,19-02-2023 23:39,27:31.8,SLA Violated,56:25.0,Within SLA,23:24.9,9,5,Other,Tier 1,Spain,39.67337,-4.767726
Resolved,1422,Medium,Phone,Feature request,1st line support,Connor Danielovitch,19-02-2023 22:29,21-02-2023 22:29,19-02-2023 22:31,32:08.7,SLA Violated,37:04.0,Within SLA,,1,,Other,Tier 1,United Kingdom,55.378052,-3.435973
Open,1423,Low,Email,Feature request,1st line support,Kristos Westoll,19-02-2023 07:26,21-02-2023 07:26,19-02-2023 08:26,,SLA Violated,,SLA Violated,,,,Other,Tier 1,United Kingdom,55.378052,-3.435973
Closed,1424,Low,Phone,Pricing and licensing,1st line support,Bernard Beckley,19-02-2023 00:21,21-02-2023 00:21,19-02-2023 00:23,22:15.2,SLA Violated,58:47.1,Within SLA,24:57.3,2,5,Ready to use Software,Tier 1,Poland,52.536273,19.050639
Closed,1425,Medium,Email,Pricing and licensing,1st line support,Bernard Beckley,19-02-2023 04:46,21-02-2023 04:46,19-02-2023 05:46,50:09.6,SLA Violated,42:07.0,Within SLA,21:08.5,8,1,Custom software development,Tier 1,United Kingdom,55.378052,-3.435973
Resolved,1426,Medium,Phone,Training request,2nd line support,Michele Whyatt,20-02-2023 03:12,22-02-2023 03:12,20-02-2023 03:14,12:05.1,SLA Violated,04:01.7,Within SLA,,6,,Training and Consulting Services,Tier 2,Germany,51.165691,10.451526
Resolved,1427,Medium,Email,Bug report,1st line support,Nicola Wane,20-02-2023 06:04,22-02-2023 06:04,20-02-2023 07:04,39:17.6,SLA Violated,56:36.4,Within SLA,,2,,Ready to use Software,Tier 1,Greece,39.368279,21.863141
Resolved,1428,Medium,Email,Purchasing and invoicing,1st line support,Nicola Wane,20-02-2023 08:22,22-02-2023 08:22,20-02-2023 09:22,19:06.1,SLA Violated,47:22.0,Within SLA,,3,,Other,Tier 1,Czech Republic,49.8037633,15.4749126
Resolved,1429,Low,Email,Feature request,2nd line support,Adolpho Messingham,20-02-2023 17:13,22-02-2023 17:13,20-02-2023 18:13,04:32.4,SLA Violated,04:01.3,Within SLA,,2,,Other,Tier 2,Italy,43.036776,12.678565
Closed,1430,Low,Email,Product setup,1st line support,Nicola Wane,20-02-2023 21:22,22-02-2023 21:22,20-02-2023 22:22,55:55.6,SLA Violated,14:03.6,Within SLA,01:00.6,1,1,Other,Tier 1,Slovenia,46.1491664,14.9860106
Resolved,1431,Low,Chat,Purchasing and invoicing,2nd line support,Heather Urry,20-02-2023 22:01,21-02-2023 22:01,20-02-2023 22:03,04:06.0,SLA Violated,33:21.8,Within SLA,,2,,Custom software development,Tier 2,Germany,51.165691,10.451526
Resolved,1432,Medium,Email,Feature request,1st line support,Bernard Beckley,20-02-2023 02:07,22-02-2023 02:07,20-02-2023 03:07,46:20.4,SLA Violated,37:22.8,Within SLA,,1,,Other,Tier 1,Greece,39.368279,21.863141
Closed,1433,Low,Chat,Pricing and licensing,2nd line support,Heather Urry,20-02-2023 21:27,21-02-2023 21:27,20-02-2023 21:29,29:46.2,SLA Violated,00:53.0,Within SLA,53:01.2,2,5,Ready to use Software,Tier 2,Italy,43.036776,12.678565
In progress,1434,Low,Email,Pricing and licensing,2nd line support,Michele Whyatt,20-02-2023 11:10,22-02-2023 11:10,20-02-2023 12:10,14:31.0,SLA Violated,,SLA Violated,,2,,Training and Consulting Services,Tier 2,Austria,47.6964719,13.3457347
Closed,1435,High,Phone,Product setup,2nd line support,Heather Urry,21-02-2023 19:30,23-02-2023 19:30,21-02-2023 19:32,31:01.5,Within SLA,05:04.6,Within SLA,19:21.1,1,3,Ready to use Software,Tier 2,Italy,43.036776,12.678565
In progress,1436,High,Chat,Product setup,1st line support,Sheela Cutten,21-02-2023 04:21,22-02-2023 04:21,21-02-2023 04:23,23:34.6,Within SLA,,SLA Violated,,4,,Training and Consulting Services,Tier 1,Italy,43.036776,12.678565
In progress,1437,Low,Chat,Pricing and licensing,1st line support,Nicola Wane,21-02-2023 11:56,22-02-2023 11:56,21-02-2023 11:58,57:48.9,Within SLA,,SLA Violated,,6,,Other,Tier 1,Germany,51.165691,10.451526
In progress,1438,High,Email,Other,1st line support,Bernard Beckley,21-02-2023 17:45,23-02-2023 17:45,21-02-2023 18:45,16:19.5,Within SLA,,SLA Violated,,1,,Custom software development,Tier 1,Poland,52.536273,19.050639
Closed,1439,Medium,Email,Pricing and licensing,1st line support,Nicola Wane,21-02-2023 21:30,23-02-2023 21:30,21-02-2023 22:30,08:39.0,Within SLA,59:47.3,Within SLA,43:23.0,2,1,Ready to use Software,Tier 1,Austria,47.6964719,13.3457347
Resolved,1440,Medium,Email,Bug report,1st line support,Kristos Westoll,22-02-2023 01:36,24-02-2023 01:36,22-02-2023 02:36,47:13.9,Within SLA,30:15.1,SLA Violated,,6,,Ready to use Software,Tier 1,Poland,52.536273,19.050639
Resolved,1441,Medium,Chat,Pricing and licensing,1st line support,Connor Danielovitch,22-02-2023 15:41,23-02-2023 15:41,22-02-2023 15:43,43:14.3,Within SLA,55:14.9,Within SLA,,4,,Ready to use Software,Tier 1,Italy,43.036776,12.678565
In progress,1442,Low,Email,Pricing and licensing,1st line support,Kristos Westoll,22-02-2023 16:13,24-02-2023 16:13,22-02-2023 17:13,30:12.1,SLA Violated,,SLA Violated,,2,,Custom software development,Tier 1,Austria,47.6964719,13.3457347
Resolved,1443,Low,Email,Training request,2nd line support,Heather Urry,22-02-2023 03:36,24-02-2023 03:36,22-02-2023 04:36,07:02.7,Within SLA,45:07.5,Within SLA,,1,,Training and Consulting Services,Tier 2,Czech Republic,49.8037633,15.4749126
Resolved,1444,Low,Email,Pricing and licensing,1st line support,Kristos Westoll,22-02-2023 17:31,24-02-2023 17:31,22-02-2023 18:31,07:29.6,Within SLA,15:13.8,Within SLA,,10,,Training and Consulting Services,Tier 1,France,48.864716,2.349014
Closed,1445,Medium,Email,Bug report,2nd line support,Michele Whyatt,23-02-2023 07:34,25-02-2023 07:34,23-02-2023 08:34,27:03.9,Within SLA,24:29.3,Within SLA,38:49.3,10,5,Custom software development,Tier 2,Poland,52.536273,19.050639
In progress,1446,Low,Email,Training request,1st line support,Kristos Westoll,23-02-2023 12:45,25-02-2023 12:45,23-02-2023 13:45,20:10.9,Within SLA,,SLA Violated,,9,,Training and Consulting Services,Tier 1,Germany,51.165691,10.451526
In progress,1447,High,Email,Product setup,1st line support,Bernard Beckley,23-02-2023 01:02,25-02-2023 01:02,23-02-2023 02:02,19:03.3,Within SLA,,SLA Violated,,3,,Ready to use Software,Tier 1,Czech Republic,49.8037633,15.4749126
In progress,1448,Low,Chat,Pricing and Licensing,1st line support,Nicola Wane,23-02-2023 20:11,24-02-2023 20:11,23-02-2023 20:13,12:53.9,Within SLA,,SLA Violated,,6,,Custom software development,Tier 1,Italy,43.036776,12.678565
Closed,1449,High,Chat,Purchasing and invoicing,2nd line support,Adolpho Messingham,24-02-2023 04:39,25-02-2023 04:39,24-02-2023 04:41,43:40.8,SLA Violated,35:49.7,Within SLA,56:24.1,6,3,Ready to use Software,Tier 2,Italy,43.036776,12.678565
Closed,1450,Low,Chat,Bug report,1st line support,Nicola Wane,24-02-2023 09:50,25-02-2023 09:50,24-02-2023 09:52,52:01.6,Within SLA,22:35.2,Within SLA,34:55.8,2,4,Ready to use Software,Tier 1,France,48.864716,2.349014
In progress,1451,High,Email,Purchasing and invoicing,1st line support,Nicola Wane,24-02-2023 09:10,26-02-2023 09:10,24-02-2023 10:10,15:29.7,Within SLA,,SLA Violated,,2,,Training and Consulting Services,Tier 1,France,48.864716,2.349014
In progress,1452,Low,Email,Other,2nd line support,Heather Urry,24-02-2023 04:28,26-02-2023 04:28,24-02-2023 05:28,44:06.4,Within SLA,,SLA Violated,,7,,Custom software development,Tier 2,Austria,47.6964719,13.3457347
Closed,1453,High,Email,Pricing and licensing,1st line support,Nicola Wane,24-02-2023 21:10,26-02-2023 21:10,24-02-2023 22:10,40:03.6,Within SLA,21:21.7,Within SLA,36:41.4,6,1,Custom software development,Tier 1,Germany,51.165691,10.451526
In progress,1454,Low,Email,Pricing and Licensing,1st line support,Nicola Wane,25-02-2023 01:51,27-02-2023 01:51,25-02-2023 02:51,52:32.4,SLA Violated,,SLA Violated,,1,,Custom software development,Tier 1,Germany,51.165691,10.451526
Closed,1455,Medium,Email,Bug report,1st line support,Bernard Beckley,25-02-2023 14:45,27-02-2023 14:45,25-02-2023 15:45,59:47.2,Within SLA,23:28.4,Within SLA,33:05.2,10,5,Ready to use Software,Tier 1,Czech Republic,49.8037633,15.4749126
Closed,1466,High,Email,Product setup,1st line support,Kristos Westoll,26-02-2023 08:44,28-02-2023 08:44,26-02-2023 09:44,44:37.2,Within SLA,27:26.1,Within SLA,09:06.2,10,3,Other,Tier 1,Republic of Ireland,53.094024,-8.019675
Resolved,1467,High,Chat,Other,1st line support,Sheela Cutten,26-02-2023 03:47,27-02-2023 03:47,26-02-2023 03:49,48:18.6,Within SLA,00:10.3,Within SLA,,2,,Ready to use Software,Tier 1,Greece,39.368279,21.863141
Closed,1468,Low,Email,Feature request,1st line support,Kristos Westoll,26-02-2023 21:50,28-02-2023 21:50,26-02-2023 22:50,39:15.0,Within SLA,05:57.1,SLA Violated,04:38.2,1,2,Ready to use Software,Tier 1,Germany,51.165691,10.451526
Closed,1469,High,Phone,Pricing and licensing,1st line support,Sheela Cutten,26-02-2023 18:41,28-02-2023 18:41,26-02-2023 18:43,42:18.6,Within SLA,30:06.3,Within SLA,00:57.7,1,2,Ready to use Software,Tier 1,Czech Republic,49.8037633,15.4749126
Closed,1470,Medium,Chat,Pricing and Licensing,1st line support,Connor Danielovitch,27-02-2023 17:25,28-02-2023 17:25,27-02-2023 17:27,26:15.3,Within SLA,58:26.6,Within SLA,34:29.4,2,5,Custom software development,Tier 1,Slovenia,46.1491664,14.9860106
In progress,1471,Medium,Chat,Pricing and licensing,2nd line support,Michele Whyatt,27-02-2023 02:21,28-02-2023 02:21,27-02-2023 02:23,23:24.4,Within SLA,,SLA Violated,,6,,Custom software development,Tier 2,Germany,51.165691,10.451526
Closed,1472,Medium,Chat,Feature request,1st line support,Kristos Westoll,27-02-2023 15:33,28-02-2023 15:33,27-02-2023 15:35,34:13.0,Within SLA,50:12.1,Within SLA,29:55.5,4,5,Ready to use Software,Tier 1,Greece,39.368279,21.863141
Closed,1473,Medium,Chat,Pricing and licensing,1st line support,Nicola Wane,27-02-2023 22:04,28-02-2023 22:04,27-02-2023 22:06,06:20.0,Within SLA,25:21.8,Within SLA,32:23.8,4,4,Custom software development,Tier 1,Austria,47.6964719,13.3457347
Closed,1474,Low,Chat,Product setup,2nd line support,Adolpho Messingham,28-02-2023 07:57,01-03-2023 07:57,28-02-2023 07:59,00:59.8,SLA Violated,26:45.3,Within SLA,52:38.8,5,4,Ready to use Software,Tier 2,Slovenia,46.1491664,14.9860106
In progress,1475,High,Chat,Bug report,1st line support,Bernard Beckley,28-02-2023 12:00,01-03-2023 12:00,28-02-2023 12:02,00:59.7,Within SLA,,SLA Violated,,6,,Custom software development,Tier 1,Poland,52.536273,19.050639
Resolved,1476,Low,Chat,Pricing and Licensing,1st line support,Kristos Westoll,28-02-2023 22:29,01-03-2023 22:29,28-02-2023 22:31,30:23.9,Within SLA,11:04.4,Within SLA,,8,,Custom software development,Tier 1,Bulgaria,42.7249925,25.4833039
Resolved,1477,Low,Chat,Purchasing and invoicing,1st line support,Sheela Cutten,28-02-2023 18:38,01-03-2023 18:38,28-02-2023 18:40,42:39.7,SLA Violated,58:57.5,Within SLA,,6,,Custom software development,Tier 1,Poland,52.536273,19.050639
Closed,1478,High,Email,Bug report,1st line support,Bernard Beckley,28-02-2023 17:42,02-03-2023 17:42,28-02-2023 18:42,46:03.2,Within SLA,03:44.8,Within SLA,32:18.6,2,4,Custom software development,Tier 1,Czech Republic,49.8037633,15.4749126
In progress,1479,Medium,Phone,Pricing and Licensing,1st line support,Connor Danielovitch,28-02-2023 04:14,02-03-2023 04:14,28-02-2023 04:16,14:38.5,Within SLA,,SLA Violated,,1,,Custom software development,Tier 1,Germany,51.165691,10.451526
Closed,1480,Low,Chat,Other,2nd line support,Michele Whyatt,28-02-2023 10:13,01-03-2023 10:13,28-02-2023 10:15,14:06.7,Within SLA,14:59.0,Within SLA,04:02.0,9,1,Ready to use Software,Tier 2,Poland,52.536273,19.050639
Closed,1481,Low,Phone,Product setup,1st line support,Bernard Beckley,28-02-2023 13:27,02-03-2023 13:27,28-02-2023 13:29,28:03.7,Within SLA,46:06.5,Within SLA,09:46.2,7,5,Other,Tier 1,United Kingdom,55.378052,-3.435973
Closed,1482,Low,Email,Bug report,2nd line support,Michele Whyatt,01-03-2023 22:02,03-03-2023 22:02,01-03-2023 23:02,54:38.7,Within SLA,58:24.1,Within SLA,52:04.4,8,5,Training and Consulting Services,Tier 2,Poland,52.536273,19.050639
Closed,1483,Low,Phone,Product setup,1st line support,Connor Danielovitch,01-03-2023 23:03,03-03-2023 23:03,01-03-2023 23:05,04:44.9,Within SLA,08:18.3,Within SLA,05:13.3,4,4,Ready to use Software,Tier 1,Republic of Ireland,53.094024,-8.019675
Closed,1484,Low,Phone,Purchasing and invoicing,1st line support,Kristos Westoll,01-03-2023 09:33,03-03-2023 09:33,01-03-2023 09:35,36:29.2,SLA Violated,13:29.8,Within SLA,21:46.3,4,4,Ready to use Software,Tier 1,Italy,43.036776,12.678565
Resolved,1485,Low,Email,Product setup,2nd line support,Michele Whyatt,01-03-2023 18:50,03-03-2023 18:50,01-03-2023 19:50,11:19.3,Within SLA,50:25.0,Within SLA,,2,,Custom software development,Tier 2,Italy,43.036776,12.678565
Closed,1486,Low,Email,Product setup,1st line support,Nicola Wane,01-03-2023 06:21,03-03-2023 06:21,01-03-2023 07:21,23:36.8,Within SLA,46:20.7,Within SLA,53:42.2,7,3,Other,Tier 1,Italy,43.036776,12.678565
Closed,1487,Low,Chat,Pricing and licensing,1st line support,Nicola Wane,02-03-2023 23:55,03-03-2023 23:55,02-03-2023 23:57,57:33.6,Within SLA,43:25.9,Within SLA,05:17.8,5,4,Ready to use Software,Tier 1,France,48.864716,2.349014
Resolved,1488,Low,Email,Pricing and licensing,1st line support,Connor Danielovitch,02-03-2023 03:37,04-03-2023 03:37,02-03-2023 04:37,50:04.4,SLA Violated,13:16.2,Within SLA,,1,,Ready to use Software,Tier 1,Spain,39.67337,-4.767726
Closed,1489,High,Phone,Feature request,1st line support,Kristos Westoll,02-03-2023 07:15,04-03-2023 07:15,02-03-2023 07:17,21:51.6,SLA Violated,51:09.6,Within SLA,03:28.7,2,4,Ready to use Software,Tier 1,Germany,51.165691,10.451526
Resolved,1490,Low,Chat,Bug report,2nd line support,Heather Urry,02-03-2023 20:46,03-03-2023 20:46,02-03-2023 20:48,47:32.1,Within SLA,27:26.0,Within SLA,,5,,Ready to use Software,Tier 2,Greece,39.368279,21.863141
Resolved,1491,Low,Chat,Other,2nd line support,Adolpho Messingham,02-03-2023 00:14,03-03-2023 00:14,02-03-2023 00:16,16:06.0,Within SLA,22:49.0,Within SLA,,3,,Custom software development,Tier 2,Bulgaria,42.7249925,25.4833039
Resolved,1492,Low,Email,Feature request,1st line support,Nicola Wane,02-03-2023 12:11,04-03-2023 12:11,02-03-2023 13:11,58:52.2,Within SLA,06:41.2,Within SLA,,1,,Ready to use Software,Tier 1,Italy,43.036776,12.678565
Closed,1493,Low,Email,Product setup,1st line support,Connor Danielovitch,02-03-2023 04:22,04-03-2023 04:22,02-03-2023 05:22,34:46.2,Within SLA,18:32.6,Within SLA,38:47.3,9,5,Ready to use Software,Tier 1,Bulgaria,42.7249925,25.4833039
Closed,1494,Medium,Email,Product setup,1st line support,Bernard Beckley,02-03-2023 15:32,04-03-2023 15:32,02-03-2023 16:32,34:54.1,Within SLA,26:25.7,Within SLA,27:15.8,9,1,Other,Tier 1,United Kingdom,55.378052,-3.435973
In progress,1495,Medium,Chat,Feature request,1st line support,Connor Danielovitch,02-03-2023 17:46,03-03-2023 17:46,02-03-2023 17:48,48:48.4,Within SLA,,SLA Violated,,6,,Ready to use Software,Tier 1,France,48.864716,2.349014
Resolved,1496,Medium,Phone,Feature request,1st line support,Kristos Westoll,02-03-2023 22:28,04-03-2023 22:28,02-03-2023 22:30,30:35.4,SLA Violated,24:19.0,SLA Violated,,1,,Ready to use Software,Tier 1,Slovenia,46.1491664,14.9860106
Resolved,1497,Medium,Chat,Purchasing and invoicing,1st line support,Kristos Westoll,03-03-2023 16:18,04-03-2023 16:18,03-03-2023 16:20,19:41.2,Within SLA,46:45.6,SLA Violated,,6,,Ready to use Software,Tier 1,Slovenia,46.1491664,14.9860106
In progress,1498,Low,Email,Product setup,1st line support,Kristos Westoll,03-03-2023 13:32,05-03-2023 13:32,03-03-2023 14:32,28:06.9,Within SLA,,SLA Violated,,2,,Training and Consulting Services,Tier 1,Poland,52.536273,19.050639
Resolved,1499,Low,Chat,Product setup,1st line support,Kristos Westoll,03-03-2023 21:03,04-03-2023 21:03,03-03-2023 21:05,03:46.0,Within SLA,17:01.5,Within SLA,,8,,Ready to use Software,Tier 1,Spain,39.67337,-4.767726
In progress,1500,Medium,Email,Pricing and licensing,1st line support,Nicola Wane,03-03-2023 06:08,05-03-2023 06:08,03-03-2023 07:08,46:13.7,Within SLA,,SLA Violated,,1,,Custom software development,Tier 1,Greece,39.368279,21.863141
Closed,1501,Low,Email,Purchasing and invoicing,1st line support,Connor Danielovitch,04-03-2023 07:14,06-03-2023 07:14,04-03-2023 08:14,13:36.8,Within SLA,47:21.6,Within SLA,51:38.8,6,3,Custom software development,Tier 1,United Kingdom,55.378052,-3.435973
Resolved,1502,Low,Chat,Other,1st line support,Connor Danielovitch,04-03-2023 18:27,05-03-2023 18:27,04-03-2023 18:29,27:30.2,Within SLA,00:44.6,Within SLA,,60,,Ready to use Software,Tier 1,Greece,39.368279,21.863141
In progress,1503,Low,Email,Other,1st line support,Nicola Wane,04-03-2023 10:20,06-03-2023 10:20,04-03-2023 11:20,18:01.1,SLA Violated,,SLA Violated,,9,,Custom software development,Tier 1,Austria,47.6964719,13.3457347
Resolved,1504,Low,Email,Purchasing and invoicing,1st line support,Nicola Wane,04-03-2023 17:46,06-03-2023 17:46,04-03-2023 18:46,36:48.6,Within SLA,51:13.4,Within SLA,,5,,Other,Tier 1,Poland,52.536273,19.050639
Closed,1512,High,Email,Pricing and licensing,1st line support,Nicola Wane,05-03-2023 15:14,07-03-2023 15:14,05-03-2023 16:14,41:36.4,Within SLA,13:39.1,Within SLA,04:50.5,1,4,Custom software development,Tier 1,Poland,52.536273,19.050639
Closed,1513,Low,Chat,Training request,2nd line support,Adolpho Messingham,05-03-2023 03:42,06-03-2023 03:42,05-03-2023 03:44,43:46.5,Within SLA,06:03.9,Within SLA,00:17.6,6,4,Training and Consulting Services,Tier 2,Greece,39.368279,21.863141
Closed,1514,Low,Email,Feature request,1st line support,Nicola Wane,05-03-2023 07:03,07-03-2023 07:03,05-03-2023 08:03,00:54.7,Within SLA,09:54.0,Within SLA,51:12.6,3,3,Ready to use Software,Tier 1,Austria,47.6964719,13.3457347
Resolved,1515,Low,Email,Feature request,1st line support,Nicola Wane,05-03-2023 04:57,07-03-2023 04:57,05-03-2023 05:57,36:34.5,Within SLA,59:58.5,Within SLA,,2,,Custom software development,Tier 1,Czech Republic,49.8037633,15.4749126
Resolved,1516,Low,Email,Other,1st line support,Kristos Westoll,05-03-2023 07:34,07-03-2023 07:34,05-03-2023 08:34,45:47.2,Within SLA,20:26.7,Within SLA,,2,,Custom software development,Tier 1,Germany,51.165691,10.451526
Closed,1517,Low,Chat,Pricing and licensing,1st line support,Sheela Cutten,06-03-2023 10:44,07-03-2023 10:44,06-03-2023 10:46,45:59.8,Within SLA,26:39.9,SLA Violated,31:41.5,6,4,Ready to use Software,Tier 1,Greece,39.368279,21.863141
Closed,1518,Low,Chat,Feature request,1st line support,Connor Danielovitch,06-03-2023 10:48,07-03-2023 10:48,06-03-2023 10:50,49:22.4,Within SLA,41:58.1,Within SLA,48:58.2,7,4,Ready to use Software,Tier 1,Italy,43.036776,12.678565
Closed,1519,Low,Phone,Pricing and licensing,2nd line support,Heather Urry,06-03-2023 07:01,08-03-2023 07:01,06-03-2023 07:03,03:34.0,Within SLA,51:27.4,Within SLA,05:11.6,4,4,Custom software development,Tier 2,United Kingdom,55.378052,-3.435973
In progress,1520,Low,Chat,Pricing and licensing,1st line support,Bernard Beckley,06-03-2023 21:19,07-03-2023 21:19,06-03-2023 21:21,21:26.2,Within SLA,,SLA Violated,,6,,Custom software development,Tier 1,Bulgaria,42.7249925,25.4833039
In progress,1521,Low,Chat,Pricing and licensing,2nd line support,Heather Urry,06-03-2023 10:20,07-03-2023 10:20,06-03-2023 10:22,23:37.0,SLA Violated,,SLA Violated,,6,,Ready to use Software,Tier 2,Italy,43.036776,12.678565
Closed,1522,Medium,Email,Purchasing and invoicing,1st line support,Bernard Beckley,06-03-2023 06:16,08-03-2023 06:16,06-03-2023 07:16,22:09.5,SLA Violated,24:53.1,Within SLA,17:22.3,8,4,Other,Tier 1,Czech Republic,49.8037633,15.4749126
Closed,1523,High,Chat,Pricing and licensing,1st line support,Sheela Cutten,06-03-2023 12:24,07-03-2023 12:24,06-03-2023 12:26,24:54.4,Within SLA,54:50.7,Within SLA,34:47.6,3,3,Other,Tier 1,Republic of Ireland,53.094024,-8.019675
Closed,1524,Medium,Chat,Feature request,1st line support,Bernard Beckley,06-03-2023 07:24,07-03-2023 07:24,06-03-2023 07:26,25:32.9,Within SLA,09:32.1,Within SLA,28:21.8,4,4,Custom software development,Tier 1,France,48.864716,2.349014
Resolved,1525,High,Email,Pricing and licensing,1st line support,Sheela Cutten,06-03-2023 15:56,08-03-2023 15:56,06-03-2023 16:56,19:03.2,Within SLA,25:54.8,Within SLA,,4,,Ready to use Software,Tier 1,Slovenia,46.1491664,14.9860106
In progress,1526,Medium,Email,Bug report,1st line support,Nicola Wane,06-03-2023 07:21,08-03-2023 07:21,06-03-2023 08:21,57:55.6,Within SLA,,SLA Violated,,2,,Ready to use Software,Tier 1,Italy,43.036776,12.678565
In progress,1527,High,Email,Product setup,2nd line support,Adolpho Messingham,06-03-2023 18:06,08-03-2023 18:06,06-03-2023 19:06,27:13.5,Within SLA,,SLA Violated,,7,,Training and Consulting Services,Tier 2,United Kingdom,55.378052,-3.435973
Resolved,1528,Low,Phone,Pricing and licensing,1st line support,Connor Danielovitch,06-03-2023 04:37,08-03-2023 04:37,06-03-2023 04:39,37:27.3,Within SLA,57:16.0,Within SLA,,3,,Ready to use Software,Tier 1,United Kingdom,55.378052,-3.435973
Closed,1529,Medium,Chat,Feature request,2nd line support,Adolpho Messingham,06-03-2023 04:25,07-03-2023 04:25,06-03-2023 04:27,26:31.2,Within SLA,39:09.3,Within SLA,48:50.4,9,5,Ready to use Software,Tier 2,Germany,51.165691,10.451526
Resolved,1530,Low,Chat,Pricing and licensing,1st line support,Nicola Wane,07-03-2023 13:30,08-03-2023 13:30,07-03-2023 13:32,31:30.0,Within SLA,36:14.4,SLA Violated,,4,,Ready to use Software,Tier 1,Czech Republic,49.8037633,15.4749126
Closed,1531,Low,Phone,Product setup,1st line support,Connor Danielovitch,07-03-2023 21:19,09-03-2023 21:19,07-03-2023 21:21,24:44.8,SLA Violated,59:49.4,Within SLA,58:07.5,1,5,Ready to use Software,Tier 1,Germany,51.165691,10.451526
Resolved,1532,Low,Email,Feature request,1st line support,Kristos Westoll,07-03-2023 05:15,09-03-2023 05:15,07-03-2023 06:15,03:00.2,Within SLA,41:50.8,Within SLA,,1,,Other,Tier 1,United Kingdom,55.378052,-3.435973
Resolved,1533,High,Email,Purchasing and invoicing,1st line support,Sheela Cutten,07-03-2023 23:13,09-03-2023 23:13,08-03-2023 00:13,20:56.0,Within SLA,21:43.6,Within SLA,,9,,Training and Consulting Services,Tier 1,United Kingdom,55.378052,-3.435973
Closed,1534,High,Email,Pricing and licensing,1st line support,Sheela Cutten,07-03-2023 20:40,09-03-2023 20:40,07-03-2023 21:40,03:30.8,Within SLA,36:35.7,Within SLA,22:33.0,1,4,Custom software development,Tier 1,Austria,47.6964719,13.3457347
Resolved,1535,Medium,Email,Feature request,2nd line support,Michele Whyatt,07-03-2023 19:26,09-03-2023 19:26,07-03-2023 20:26,29:49.7,Within SLA,27:17.3,Within SLA,,2,,Other,Tier 2,United Kingdom,55.378052,-3.435973
Resolved,1536,Medium,Email,Product setup,1st line support,Nicola Wane,07-03-2023 02:09,09-03-2023 02:09,07-03-2023 03:09,27:03.0,Within SLA,46:05.5,Within SLA,,5,,Custom software development,Tier 1,Slovenia,46.1491664,14.9860106
Closed,1537,Low,Chat,Product setup,1st line support,Bernard Beckley,08-03-2023 01:02,09-03-2023 01:02,08-03-2023 01:04,03:37.5,Within SLA,54:44.2,Within SLA,24:12.3,5,4,Custom software development,Tier 1,Slovenia,46.1491664,14.9860106
Closed,1538,High,Email,Product setup,1st line support,Nicola Wane,08-03-2023 10:00,10-03-2023 10:00,08-03-2023 11:00,02:00.5,Within SLA,21:32.2,Within SLA,45:17.2,1,5,Training and Consulting Services,Tier 1,Italy,43.036776,12.678565
Resolved,1539,Low,Email,Bug report,2nd line support,Heather Urry,08-03-2023 19:03,10-03-2023 19:03,08-03-2023 20:03,17:35.9,Within SLA,27:56.7,Within SLA,,10,,Ready to use Software,Tier 2,Germany,51.165691,10.451526
Closed,1540,Low,Email,Bug report,2nd line support,Heather Urry,08-03-2023 02:37,10-03-2023 02:37,08-03-2023 03:37,43:28.3,Within SLA,09:20.7,Within SLA,13:59.3,4,3,Training and Consulting Services,Tier 2,Germany,51.165691,10.451526
Resolved,1541,Medium,Chat,Product setup,1st line support,Kristos Westoll,08-03-2023 19:55,09-03-2023 19:55,08-03-2023 19:57,56:12.5,Within SLA,25:39.3,Within SLA,,60,,Ready to use Software,Tier 1,United Kingdom,55.378052,-3.435973
Closed,1542,Low,Chat,Product setup,1st line support,Connor Danielovitch,08-03-2023 06:49,09-03-2023 06:49,08-03-2023 06:51,52:21.0,SLA Violated,05:33.8,SLA Violated,12:53.9,6,4,Ready to use Software,Tier 1,United Kingdom,55.378052,-3.435973
Closed,1543,Medium,Chat,Pricing and licensing,1st line support,Bernard Beckley,08-03-2023 18:53,09-03-2023 18:53,08-03-2023 18:55,54:53.8,Within SLA,18:29.7,SLA Violated,21:07.8,9,4,Training and Consulting Services,Tier 1,Poland,52.536273,19.050639
Closed,1544,Low,Chat,Product setup,1st line support,Connor Danielovitch,08-03-2023 21:01,09-03-2023 21:01,08-03-2023 21:03,02:08.4,Within SLA,28:21.2,Within SLA,19:28.7,6,4,Custom software development,Tier 1,France,48.864716,2.349014
In progress,1545,Low,Chat,Feature request,1st line support,Bernard Beckley,08-03-2023 19:24,09-03-2023 19:24,08-03-2023 19:26,30:31.5,SLA Violated,,SLA Violated,,6,,Custom software development,Tier 1,Bulgaria,42.7249925,25.4833039
In progress,1546,Medium,Chat,Other,2nd line support,Heather Urry,08-03-2023 01:14,09-03-2023 01:14,08-03-2023 01:16,16:09.0,Within SLA,,SLA Violated,,4,,Custom software development,Tier 2,Italy,43.036776,12.678565
Resolved,1547,Low,Email,Other,2nd line support,Adolpho Messingham,08-03-2023 16:10,10-03-2023 16:10,08-03-2023 17:10,01:41.5,Within SLA,07:39.0,Within SLA,,3,,Ready to use Software,Tier 2,Austria,47.6964719,13.3457347
Closed,1548,Medium,Email,Other,1st line support,Nicola Wane,08-03-2023 07:47,10-03-2023 07:47,08-03-2023 08:47,27:01.3,SLA Violated,09:31.2,Within SLA,16:12.6,4,2,Training and Consulting Services,Tier 1,Italy,43.036776,12.678565
In progress,1549,Low,Chat,Purchasing and invoicing,1st line support,Sheela Cutten,08-03-2023 19:22,09-03-2023 19:22,08-03-2023 19:24,22:43.1,Within SLA,,SLA Violated,,9,,Training and Consulting Services,Tier 1,Republic of Ireland,53.094024,-8.019675
Resolved,1550,Low,Chat,Feature request,1st line support,Bernard Beckley,09-03-2023 07:31,10-03-2023 07:31,09-03-2023 07:33,31:46.9,Within SLA,22:37.7,Within SLA,,5,,Ready to use Software,Tier 1,Poland,52.536273,19.050639
Closed,1551,High,Email,Pricing and licensing,1st line support,Kristos Westoll,09-03-2023 18:37,11-03-2023 18:37,09-03-2023 19:37,50:07.1,Within SLA,31:50.2,Within SLA,39:09.5,3,4,Other,Tier 1,Bulgaria,42.7249925,25.4833039
Closed,1552,Low,Email,Pricing and licensing,1st line support,Nicola Wane,09-03-2023 05:24,11-03-2023 05:24,09-03-2023 06:24,07:16.6,Within SLA,09:51.5,Within SLA,01:09.2,2,1,Custom software development,Tier 1,Austria,47.6964719,13.3457347
In progress,1553,Medium,Email,Feature request,1st line support,Connor Danielovitch,09-03-2023 22:52,11-03-2023 22:52,09-03-2023 23:52,53:38.5,Within SLA,,SLA Violated,,2,,Ready to use Software,Tier 1,Italy,43.036776,12.678565
Closed,1556,High,Email,Product setup,1st line support,Bernard Beckley,09-03-2023 20:08,11-03-2023 20:08,09-03-2023 21:08,26:57.1,Within SLA,53:36.6,Within SLA,54:20.6,3,3,Other,Tier 1,United Kingdom,55.378052,-3.435973
Resolved,1557,Medium,Email,Pricing and licensing,1st line support,Sheela Cutten,09-03-2023 01:51,11-03-2023 01:51,09-03-2023 02:51,21:02.3,Within SLA,55:06.0,Within SLA,,3,,Training and Consulting Services,Tier 1,Republic of Ireland,53.094024,-8.019675
Closed,1560,High,Email,Feature request,2nd line support,Michele Whyatt,10-03-2023 04:09,12-03-2023 04:09,10-03-2023 05:09,34:11.3,Within SLA,42:37.4,Within SLA,37:11.5,2,3,Ready to use Software,Tier 2,Austria,47.6964719,13.3457347
Closed,1561,Low,Chat,Feature request,2nd line support,Adolpho Messingham,10-03-2023 17:41,11-03-2023 17:41,10-03-2023 17:43,42:58.9,Within SLA,12:54.0,Within SLA,26:04.3,6,3,Other,Tier 2,United Kingdom,55.378052,-3.435973
In progress,1562,Low,Email,Feature request,2nd line support,Adolpho Messingham,10-03-2023 00:32,12-03-2023 00:32,10-03-2023 01:32,13:09.5,Within SLA,,SLA Violated,,2,,Other,Tier 2,United Kingdom,55.378052,-3.435973
Resolved,1563,Low,Chat,Feature request,1st line support,Sheela Cutten,10-03-2023 00:43,11-03-2023 00:43,10-03-2023 00:45,45:17.7,Within SLA,07:43.3,Within SLA,,3,,Custom software development,Tier 1,Bulgaria,42.7249925,25.4833039
Closed,1565,Medium,Email,Pricing and licensing,1st line support,Bernard Beckley,10-03-2023 06:44,12-03-2023 06:44,10-03-2023 07:44,40:30.3,Within SLA,31:11.1,Within SLA,36:51.3,8,3,Custom software development,Tier 1,United Kingdom,55.378052,-3.435973
In progress,1567,Medium,Email,Other,1st line support,Connor Danielovitch,11-03-2023 22:08,13-03-2023 22:08,11-03-2023 23:08,37:09.7,Within SLA,,SLA Violated,,3,,Ready to use Software,Tier 1,Austria,47.6964719,13.3457347
Resolved,1568,Medium,Email,Product setup,1st line support,Sheela Cutten,11-03-2023 04:34,13-03-2023 04:34,11-03-2023 05:34,02:24.3,Within SLA,49:07.0,Within SLA,,4,,Ready to use Software,Tier 1,Czech Republic,49.8037633,15.4749126
Resolved,1573,Low,Email,Product setup,2nd line support,Heather Urry,11-03-2023 01:06,13-03-2023 01:06,11-03-2023 02:06,50:22.2,Within SLA,53:41.6,Within SLA,,2,,Ready to use Software,Tier 2,United Kingdom,55.378052,-3.435973
Resolved,1574,Medium,Chat,Other,1st line support,Nicola Wane,11-03-2023 15:34,12-03-2023 15:34,11-03-2023 15:36,35:13.8,Within SLA,31:07.0,Within SLA,,6,,Ready to use Software,Tier 1,United Kingdom,55.378052,-3.435973
Resolved,1575,High,Email,Feature request,1st line support,Sheela Cutten,12-03-2023 03:04,14-03-2023 03:04,12-03-2023 04:04,31:01.2,Within SLA,42:24.7,SLA Violated,,3,,Custom software development,Tier 1,Italy,43.036776,12.678565
Resolved,1576,Low,Email,Purchasing and invoicing,2nd line support,Michele Whyatt,12-03-2023 01:00,14-03-2023 01:00,12-03-2023 02:00,46:15.4,Within SLA,29:28.1,Within SLA,,2,,Ready to use Software,Tier 2,Austria,47.6964719,13.3457347
Closed,1577,Medium,Email,Bug report,1st line support,Connor Danielovitch,12-03-2023 19:12,14-03-2023 19:12,12-03-2023 20:12,48:43.3,Within SLA,38:18.0,Within SLA,48:25.5,8,3,Ready to use Software,Tier 1,United Kingdom,55.378052,-3.435973
Closed,1581,Low,Email,Bug report,2nd line support,Michele Whyatt,13-03-2023 15:58,15-03-2023 15:58,13-03-2023 16:58,19:06.6,Within SLA,11:28.3,Within SLA,44:35.5,6,4,Ready to use Software,Tier 2,Bulgaria,42.7249925,25.4833039
Resolved,1582,Low,Phone,Purchasing and invoicing,1st line support,Nicola Wane,13-03-2023 11:05,15-03-2023 11:05,13-03-2023 11:07,05:29.4,Within SLA,34:06.8,Within SLA,,3,,Ready to use Software,Tier 1,Poland,52.536273,19.050639
Closed,1583,Medium,Chat,Training request,1st line support,Kristos Westoll,13-03-2023 05:33,14-03-2023 05:33,13-03-2023 05:35,35:00.5,Within SLA,01:28.1,Within SLA,57:34.1,3,5,Training and Consulting Services,Tier 1,Poland,52.536273,19.050639
In progress,1584,Low,Chat,Feature request,1st line support,Connor Danielovitch,13-03-2023 13:19,14-03-2023 13:19,13-03-2023 13:21,20:29.1,Within SLA,,SLA Violated,,9,,Other,Tier 1,United Kingdom,55.378052,-3.435973
Closed,1585,Low,Email,Product setup,2nd line support,Michele Whyatt,13-03-2023 21:36,15-03-2023 21:36,13-03-2023 22:36,31:54.6,Within SLA,08:44.1,Within SLA,20:17.4,6,2,Training and Consulting Services,Tier 2,Slovenia,46.1491664,14.9860106
Open,1586,Medium,Email,Product setup,1st line support,Nicola Wane,13-03-2023 17:00,15-03-2023 17:00,13-03-2023 18:00,,SLA Violated,,SLA Violated,,,,Ready to use Software,Tier 1,Greece,39.368279,21.863141
Closed,1587,Medium,Email,Pricing and licensing,1st line support,Connor Danielovitch,13-03-2023 08:21,15-03-2023 08:21,13-03-2023 09:21,04:45.7,Within SLA,09:45.3,Within SLA,22:42.7,8,3,Other,Tier 1,United Kingdom,55.378052,-3.435973
Resolved,1588,Low,Chat,Purchasing and invoicing,2nd line support,Heather Urry,13-03-2023 15:59,14-03-2023 15:59,13-03-2023 16:01,00:41.6,Within SLA,19:23.1,SLA Violated,,4,,Ready to use Software,Tier 2,Greece,39.368279,21.863141
Closed,1589,Low,Chat,Feature request,1st line support,Sheela Cutten,13-03-2023 20:46,14-03-2023 20:46,13-03-2023 20:48,47:36.9,Within SLA,57:26.0,Within SLA,58:51.4,8,2,Other,Tier 1,Greece,39.368279,21.863141
In progress,1590,Low,Email,Purchasing and invoicing,1st line support,Nicola Wane,13-03-2023 10:15,15-03-2023 10:15,13-03-2023 11:15,41:31.0,Within SLA,,SLA Violated,,2,,Training and Consulting Services,Tier 1,Czech Republic,49.8037633,15.4749126
Closed,1591,Low,Chat,Feature request,1st line support,Sheela Cutten,13-03-2023 11:05,14-03-2023 11:05,13-03-2023 11:07,06:20.1,Within SLA,27:01.7,Within SLA,06:17.7,6,3,Other,Tier 1,Italy,43.036776,12.678565
In progress,1592,Low,Email,Other,1st line support,Sheela Cutten,13-03-2023 07:20,15-03-2023 07:20,13-03-2023 08:20,03:15.7,Within SLA,,SLA Violated,,5,,Ready to use Software,Tier 1,Slovenia,46.1491664,14.9860106
Resolved,1593,Medium,Email,Product setup,2nd line support,Michele Whyatt,14-03-2023 09:39,16-03-2023 09:39,14-03-2023 10:39,12:45.7,Within SLA,06:00.0,Within SLA,,1,,Ready to use Software,Tier 2,Italy,43.036776,12.678565
Closed,1594,High,Email,Product setup,1st line support,Kristos Westoll,14-03-2023 10:08,16-03-2023 10:08,14-03-2023 11:08,18:39.5,Within SLA,26:38.5,Within SLA,13:27.2,3,5,Custom software development,Tier 1,United Kingdom,55.378052,-3.435973
Resolved,1595,Low,Email,Pricing and licensing,1st line support,Sheela Cutten,14-03-2023 18:42,16-03-2023 18:42,14-03-2023 19:42,30:38.6,Within SLA,46:56.1,Within SLA,,10,,Other,Tier 1,Spain,39.67337,-4.767726
Closed,1596,Low,Chat,Product setup,1st line support,Bernard Beckley,14-03-2023 03:18,15-03-2023 03:18,14-03-2023 03:20,22:14.2,SLA Violated,59:40.2,Within SLA,26:13.6,3,3,Custom software development,Tier 1,Slovenia,46.1491664,14.9860106
Closed,1597,Low,Email,Pricing and licensing,1st line support,Connor Danielovitch,14-03-2023 19:42,16-03-2023 19:42,14-03-2023 20:42,04:44.4,Within SLA,11:48.7,Within SLA,23:48.5,2,5,Training and Consulting Services,Tier 1,Italy,43.036776,12.678565
Closed,1598,Medium,Email,Product setup,1st line support,Kristos Westoll,14-03-2023 12:18,16-03-2023 12:18,14-03-2023 13:18,01:04.3,Within SLA,47:03.4,Within SLA,49:42.0,4,3,Other,Tier 1,Italy,43.036776,12.678565
Closed,1599,Medium,Phone,Product setup,1st line support,Kristos Westoll,14-03-2023 10:19,16-03-2023 10:19,14-03-2023 10:21,21:17.0,SLA Violated,07:00.0,Within SLA,08:14.7,3,1,Custom software development,Tier 1,Bulgaria,42.7249925,25.4833039
Closed,1600,Medium,Email,Other,1st line support,Sheela Cutten,14-03-2023 11:12,16-03-2023 11:12,14-03-2023 12:12,37:39.9,Within SLA,27:17.3,Within SLA,35:41.3,2,4,Training and Consulting Services,Tier 1,United Kingdom,55.378052,-3.435973
Closed,1601,Low,Email,Product setup,1st line support,Sheela Cutten,15-03-2023 00:21,17-03-2023 00:21,15-03-2023 01:21,31:00.7,Within SLA,55:59.2,Within SLA,27:00.8,2,3,Other,Tier 1,Austria,47.6964719,13.3457347
Resolved,1602,High,Email,Feature request,2nd line support,Michele Whyatt,15-03-2023 00:44,17-03-2023 00:44,15-03-2023 01:44,35:42.4,Within SLA,29:40.0,Within SLA,,2,,Ready to use Software,Tier 2,Germany,51.165691,10.451526
Resolved,1603,Medium,Email,Feature request,1st line support,Sheela Cutten,15-03-2023 12:59,17-03-2023 12:59,15-03-2023 13:59,35:21.7,Within SLA,08:16.4,SLA Violated,,10,,Ready to use Software,Tier 1,Poland,52.536273,19.050639
In progress,1604,High,Email,Product setup,1st line support,Sheela Cutten,15-03-2023 03:33,17-03-2023 03:33,15-03-2023 04:33,48:41.2,Within SLA,,SLA Violated,,9,,Custom software development,Tier 1,Poland,52.536273,19.050639
Closed,1605,High,Phone,Product setup,1st line support,Bernard Beckley,15-03-2023 10:58,17-03-2023 10:58,15-03-2023 11:00,04:40.4,SLA Violated,19:16.7,Within SLA,48:12.3,5,3,Custom software development,Tier 1,Poland,52.536273,19.050639
Resolved,1606,High,Chat,Bug report,1st line support,Bernard Beckley,15-03-2023 12:11,16-03-2023 12:11,15-03-2023 12:13,12:32.3,Within SLA,56:25.1,Within SLA,,3,,Custom software development,Tier 1,Italy,43.036776,12.678565
Closed,1607,Low,Email,Pricing and licensing,1st line support,Bernard Beckley,15-03-2023 16:08,17-03-2023 16:08,15-03-2023 17:08,37:57.6,Within SLA,02:37.2,Within SLA,52:29.0,9,2,Custom software development,Tier 1,Germany,51.165691,10.451526
Closed,1608,High,Email,Product setup,1st line support,Nicola Wane,16-03-2023 17:09,18-03-2023 17:09,16-03-2023 18:09,58:35.5,Within SLA,10:52.8,Within SLA,58:33.3,1,1,Ready to use Software,Tier 1,Austria,47.6964719,13.3457347
Resolved,1609,Medium,Chat,Pricing and licensing,1st line support,Sheela Cutten,16-03-2023 20:58,17-03-2023 20:58,16-03-2023 21:00,58:16.8,Within SLA,49:58.1,Within SLA,,6,,Training and Consulting Services,Tier 1,Slovenia,46.1491664,14.9860106
Closed,1610,Low,Chat,Pricing and licensing,1st line support,Kristos Westoll,16-03-2023 04:46,17-03-2023 04:46,16-03-2023 04:48,46:27.8,Within SLA,23:46.6,Within SLA,08:47.9,8,3,Ready to use Software,Tier 1,France,48.864716,2.349014
Closed,1611,High,Email,Purchasing and invoicing,1st line support,Kristos Westoll,16-03-2023 18:51,18-03-2023 18:51,16-03-2023 19:51,21:33.9,Within SLA,58:32.3,Within SLA,20:21.7,9,3,Custom software development,Tier 1,Italy,43.036776,12.678565
Resolved,1612,High,Chat,Bug report,1st line support,Connor Danielovitch,16-03-2023 02:30,17-03-2023 02:30,16-03-2023 02:32,31:43.2,Within SLA,24:10.2,Within SLA,,4,,Custom software development,Tier 1,United Kingdom,55.378052,-3.435973
Closed,1613,Medium,Chat,Product setup,1st line support,Connor Danielovitch,16-03-2023 15:56,17-03-2023 15:56,16-03-2023 15:58,56:36.0,Within SLA,32:42.5,Within SLA,11:35.2,4,4,Ready to use Software,Tier 1,Bulgaria,42.7249925,25.4833039
Resolved,1614,High,Email,Bug report,1st line support,Sheela Cutten,16-03-2023 18:30,18-03-2023 18:30,16-03-2023 19:30,29:31.4,SLA Violated,24:43.7,Within SLA,,2,,Custom software development,Tier 1,France,48.864716,2.349014
Closed,1615,Medium,Email,Training request,1st line support,Connor Danielovitch,16-03-2023 13:15,18-03-2023 13:15,16-03-2023 14:15,16:49.1,Within SLA,06:43.8,Within SLA,32:53.4,1,5,Training and Consulting Services,Tier 1,Italy,43.036776,12.678565
Resolved,1616,Low,Email,Pricing and licensing,1st line support,Sheela Cutten,16-03-2023 06:25,18-03-2023 06:25,16-03-2023 07:25,26:38.5,Within SLA,04:16.8,Within SLA,,1,,Ready to use Software,Tier 1,Austria,47.6964719,13.3457347
Resolved,1617,Medium,Email,Product setup,1st line support,Sheela Cutten,16-03-2023 12:36,18-03-2023 12:36,16-03-2023 13:36,49:57.4,Within SLA,25:32.8,Within SLA,,1,,Ready to use Software,Tier 1,Republic of Ireland,53.094024,-8.019675
Closed,1618,Medium,Email,Product setup,1st line support,Bernard Beckley,17-03-2023 02:32,19-03-2023 02:32,17-03-2023 03:32,00:06.7,Within SLA,02:30.5,SLA Violated,48:54.8,6,5,Ready to use Software,Tier 1,Italy,43.036776,12.678565
Resolved,1619,Low,Email,Product setup,1st line support,Kristos Westoll,17-03-2023 10:58,19-03-2023 10:58,17-03-2023 11:58,04:56.4,Within SLA,12:07.0,SLA Violated,,6,,Other,Tier 1,Austria,47.6964719,13.3457347
Resolved,1626,High,Email,Feature request,1st line support,Nicola Wane,18-03-2023 00:21,20-03-2023 00:21,18-03-2023 01:21,33:52.3,Within SLA,39:42.5,Within SLA,,2,,Ready to use Software,Tier 1,Germany,51.165691,10.451526
Closed,1627,Low,Email,Product setup,1st line support,Sheela Cutten,18-03-2023 06:34,20-03-2023 06:34,18-03-2023 07:34,05:21.1,Within SLA,12:27.7,Within SLA,40:49.1,2,4,Training and Consulting Services,Tier 1,Bulgaria,42.7249925,25.4833039
Resolved,1628,High,Email,Bug report,1st line support,Sheela Cutten,18-03-2023 08:08,20-03-2023 08:08,18-03-2023 09:08,00:07.4,Within SLA,11:32.4,Within SLA,,7,,Ready to use Software,Tier 1,Czech Republic,49.8037633,15.4749126
Closed,1629,Low,Chat,Feature request,1st line support,Bernard Beckley,18-03-2023 23:00,19-03-2023 23:00,18-03-2023 23:02,01:34.0,Within SLA,24:56.3,Within SLA,09:45.8,6,4,Custom software development,Tier 1,Slovenia,46.1491664,14.9860106
Resolved,1630,Low,Phone,Feature request,1st line support,Sheela Cutten,18-03-2023 08:59,20-03-2023 08:59,18-03-2023 09:01,01:39.9,Within SLA,41:59.0,Within SLA,,2,,Ready to use Software,Tier 1,Slovenia,46.1491664,14.9860106
In progress,1631,Low,Phone,Product setup,1st line support,Connor Danielovitch,19-03-2023 18:00,21-03-2023 18:00,19-03-2023 18:02,04:12.9,SLA Violated,,SLA Violated,,1,,Ready to use Software,Tier 1,Poland,52.536273,19.050639
Resolved,1632,Low,Email,Feature request,1st line support,Sheela Cutten,19-03-2023 21:00,21-03-2023 21:00,19-03-2023 22:00,55:47.9,SLA Violated,11:42.1,Within SLA,,2,,Custom software development,Tier 1,Germany,51.165691,10.451526
Closed,1633,High,Email,Purchasing and invoicing,1st line support,Kristos Westoll,19-03-2023 14:00,21-03-2023 14:00,19-03-2023 15:00,44:57.4,Within SLA,31:49.4,Within SLA,20:44.5,4,5,Training and Consulting Services,Tier 1,United Kingdom,55.378052,-3.435973
Closed,1634,Medium,Chat,Other,1st line support,Sheela Cutten,19-03-2023 22:55,20-03-2023 22:55,19-03-2023 22:57,00:30.4,SLA Violated,46:47.2,SLA Violated,25:45.0,6,4,Ready to use Software,Tier 1,Bulgaria,42.7249925,25.4833039
Closed,1635,Medium,Email,Pricing and licensing,1st line support,Sheela Cutten,19-03-2023 22:09,21-03-2023 22:09,19-03-2023 23:09,28:36.9,Within SLA,03:42.5,Within SLA,18:02.0,5,5,Ready to use Software,Tier 1,Greece,39.368279,21.863141
Closed,1636,Low,Chat,Product setup,1st line support,Connor Danielovitch,19-03-2023 22:50,20-03-2023 22:50,19-03-2023 22:52,50:35.1,Within SLA,39:07.0,Within SLA,58:48.7,5,3,Custom software development,Tier 1,Greece,39.368279,21.863141
In progress,1637,Low,Phone,Product setup,1st line support,Connor Danielovitch,19-03-2023 12:53,21-03-2023 12:53,19-03-2023 12:55,59:45.1,SLA Violated,,SLA Violated,,3,,Custom software development,Tier 1,Italy,43.036776,12.678565
Closed,1638,Medium,Email,Feature request,1st line support,Nicola Wane,20-03-2023 13:23,22-03-2023 13:23,20-03-2023 14:23,05:28.1,Within SLA,53:29.4,Within SLA,19:09.2,2,3,Ready to use Software,Tier 1,Poland,52.536273,19.050639
In progress,1639,Low,Email,Feature request,2nd line support,Adolpho Messingham,20-03-2023 19:10,22-03-2023 19:10,20-03-2023 20:10,28:28.1,Within SLA,,SLA Violated,,1,,Other,Tier 2,Germany,51.165691,10.451526
Resolved,1640,High,Phone,Product setup,1st line support,Connor Danielovitch,20-03-2023 07:20,22-03-2023 07:20,20-03-2023 07:22,21:27.2,Within SLA,57:46.3,Within SLA,,3,,Custom software development,Tier 1,Slovenia,46.1491664,14.9860106
Resolved,1641,Medium,Email,Product setup,1st line support,Kristos Westoll,20-03-2023 22:27,22-03-2023 22:27,20-03-2023 23:27,37:30.4,Within SLA,54:25.0,Within SLA,,10,,Other,Tier 1,Slovenia,46.1491664,14.9860106
Closed,1642,Low,Phone,Product setup,2nd line support,Adolpho Messingham,20-03-2023 16:27,22-03-2023 16:27,20-03-2023 16:29,28:37.6,Within SLA,58:27.1,Within SLA,47:51.6,3,2,Training and Consulting Services,Tier 2,United Kingdom,55.378052,-3.435973
Closed,1643,Low,Chat,Product setup,1st line support,Bernard Beckley,20-03-2023 21:49,21-03-2023 21:49,20-03-2023 21:51,49:18.2,Within SLA,09:34.3,Within SLA,31:49.9,6,3,Custom software development,Tier 1,Spain,39.67337,-4.767726
Closed,1644,Low,Email,Feature request,1st line support,Sheela Cutten,20-03-2023 01:25,22-03-2023 01:25,20-03-2023 02:25,23:01.8,Within SLA,04:22.9,Within SLA,14:20.3,2,3,Other,Tier 1,Spain,39.67337,-4.767726
Closed,1645,Medium,Email,Bug report,1st line support,Connor Danielovitch,20-03-2023 18:36,22-03-2023 18:36,20-03-2023 19:36,32:38.9,Within SLA,28:53.3,Within SLA,04:25.2,5,4,Ready to use Software,Tier 1,United Kingdom,55.378052,-3.435973
Closed,1646,Low,Email,Purchasing and invoicing,1st line support,Sheela Cutten,21-03-2023 19:11,23-03-2023 19:11,21-03-2023 20:11,10:44.6,Within SLA,08:32.2,Within SLA,06:59.7,1,3,Custom software development,Tier 1,France,48.864716,2.349014
Closed,1647,Low,Chat,Feature request,2nd line support,Michele Whyatt,21-03-2023 00:03,22-03-2023 00:03,21-03-2023 00:05,03:37.8,Within SLA,27:49.2,Within SLA,08:10.7,6,3,Ready to use Software,Tier 2,Poland,52.536273,19.050639
Closed,1648,High,Phone,Product setup,2nd line support,Heather Urry,21-03-2023 08:43,23-03-2023 08:43,21-03-2023 08:45,43:51.9,Within SLA,07:36.2,SLA Violated,18:22.2,3,4,Ready to use Software,Tier 2,Germany,51.165691,10.451526
Resolved,1649,Low,Chat,Training request,1st line support,Kristos Westoll,21-03-2023 10:42,22-03-2023 10:42,21-03-2023 10:44,44:07.6,SLA Violated,23:14.4,Within SLA,,9,,Training and Consulting Services,Tier 1,Italy,43.036776,12.678565
In progress,1650,Medium,Email,Other,1st line support,Bernard Beckley,22-03-2023 04:26,24-03-2023 04:26,22-03-2023 05:26,00:29.9,Within SLA,,SLA Violated,,2,,Ready to use Software,Tier 1,France,48.864716,2.349014
Resolved,1651,Low,Email,Feature request,1st line support,Bernard Beckley,22-03-2023 00:13,24-03-2023 00:13,22-03-2023 01:13,53:11.2,Within SLA,09:22.8,Within SLA,,6,,Other,Tier 1,Greece,39.368279,21.863141
Closed,1652,Medium,Chat,Feature request,2nd line support,Heather Urry,22-03-2023 05:00,23-03-2023 05:00,22-03-2023 05:02,02:37.5,Within SLA,19:01.9,Within SLA,56:13.9,6,3,Custom software development,Tier 2,Austria,47.6964719,13.3457347
Resolved,1653,Medium,Email,Product setup,1st line support,Nicola Wane,22-03-2023 01:30,24-03-2023 01:30,22-03-2023 02:30,17:00.8,Within SLA,08:56.3,Within SLA,,2,,Training and Consulting Services,Tier 1,Greece,39.368279,21.863141
Closed,1654,High,Email,Product setup,2nd line support,Heather Urry,22-03-2023 07:55,24-03-2023 07:55,22-03-2023 08:55,43:58.0,Within SLA,08:02.7,Within SLA,47:14.0,8,2,Custom software development,Tier 2,United Kingdom,55.378052,-3.435973
Closed,1655,Low,Email,Product setup,1st line support,Connor Danielovitch,22-03-2023 18:21,24-03-2023 18:21,22-03-2023 19:21,06:15.0,SLA Violated,11:34.4,Within SLA,44:24.9,3,4,Custom software development,Tier 1,Slovenia,46.1491664,14.9860106
Closed,1656,Low,Email,Product setup,2nd line support,Adolpho Messingham,23-03-2023 06:03,25-03-2023 06:03,23-03-2023 07:03,50:19.1,Within SLA,52:10.2,SLA Violated,44:59.8,6,5,Ready to use Software,Tier 2,Bulgaria,42.7249925,25.4833039
Closed,1657,Medium,Phone,Bug report,1st line support,Nicola Wane,23-03-2023 13:40,25-03-2023 13:40,23-03-2023 13:42,42:29.4,Within SLA,24:48.3,Within SLA,44:13.5,4,5,Ready to use Software,Tier 1,Spain,39.67337,-4.767726
Closed,1658,High,Email,Other,1st line support,Nicola Wane,23-03-2023 13:58,25-03-2023 13:58,23-03-2023 14:58,27:28.4,Within SLA,50:46.5,Within SLA,57:00.1,1,4,Custom software development,Tier 1,United Kingdom,55.378052,-3.435973
Resolved,1659,Low,Email,Bug report,2nd line support,Adolpho Messingham,23-03-2023 14:27,25-03-2023 14:27,23-03-2023 15:27,26:06.0,Within SLA,18:47.8,Within SLA,,10,,Training and Consulting Services,Tier 2,Greece,39.368279,21.863141
In progress,1660,Low,Email,Feature request,2nd line support,Michele Whyatt,23-03-2023 22:39,25-03-2023 22:39,23-03-2023 23:39,30:12.0,Within SLA,,SLA Violated,,8,,Other,Tier 2,Italy,43.036776,12.678565
Closed,1661,Medium,Chat,Pricing and licensing,1st line support,Bernard Beckley,23-03-2023 05:03,24-03-2023 05:03,23-03-2023 05:05,05:06.3,Within SLA,33:05.9,Within SLA,11:32.0,3,3,Training and Consulting Services,Tier 1,Italy,43.036776,12.678565
Resolved,1665,Medium,Email,Feature request,1st line support,Nicola Wane,24-03-2023 07:33,26-03-2023 07:33,24-03-2023 08:33,02:14.8,Within SLA,21:56.0,Within SLA,,3,,Custom software development,Tier 1,France,48.864716,2.349014
In progress,1666,Medium,Email,Product setup,1st line support,Bernard Beckley,24-03-2023 22:12,26-03-2023 22:12,24-03-2023 23:12,54:22.9,Within SLA,,SLA Violated,,2,,Custom software development,Tier 1,Greece,39.368279,21.863141
Closed,1668,Medium,Email,Purchasing and invoicing,1st line support,Nicola Wane,24-03-2023 04:18,26-03-2023 04:18,24-03-2023 05:18,49:47.5,Within SLA,13:45.0,Within SLA,12:50.2,1,4,Custom software development,Tier 1,Germany,51.165691,10.451526
Closed,1669,Medium,Email,Feature request,1st line support,Nicola Wane,24-03-2023 11:22,26-03-2023 11:22,24-03-2023 12:22,34:26.6,Within SLA,18:36.7,Within SLA,20:03.1,1,5,Ready to use Software,Tier 1,Greece,39.368279,21.863141
Closed,1670,Low,Email,Feature request,1st line support,Kristos Westoll,24-03-2023 20:23,26-03-2023 20:23,24-03-2023 21:23,58:52.7,Within SLA,36:20.7,Within SLA,37:43.1,6,1,Custom software development,Tier 1,Germany,51.165691,10.451526
Closed,1671,High,Email,Purchasing and invoicing,1st line support,Kristos Westoll,24-03-2023 13:35,26-03-2023 13:35,24-03-2023 14:35,45:17.1,SLA Violated,36:52.0,SLA Violated,42:05.7,1,3,Other,Tier 1,Germany,51.165691,10.451526
Closed,1673,High,Chat,Feature request,1st line support,Nicola Wane,24-03-2023 21:33,25-03-2023 21:33,24-03-2023 21:35,35:18.7,Within SLA,43:26.0,Within SLA,01:01.8,4,4,Ready to use Software,Tier 1,France,48.864716,2.349014
Resolved,1674,Medium,Email,Feature request,1st line support,Sheela Cutten,24-03-2023 06:37,26-03-2023 06:37,24-03-2023 07:37,34:25.2,Within SLA,10:41.6,Within SLA,,2,,Ready to use Software,Tier 1,Poland,52.536273,19.050639
Closed,1675,Low,Email,Purchasing and invoicing,1st line support,Nicola Wane,25-03-2023 16:02,27-03-2023 16:02,25-03-2023 17:02,54:19.4,Within SLA,01:07.0,Within SLA,22:17.1,1,5,Training and Consulting Services,Tier 1,Italy,43.036776,12.678565
In progress,1676,Low,Email,Product setup,1st line support,Bernard Beckley,25-03-2023 17:27,27-03-2023 17:27,25-03-2023 18:27,02:38.8,Within SLA,,SLA Violated,,7,,Ready to use Software,Tier 1,Czech Republic,49.8037633,15.4749126
Closed,1677,Low,Email,Product setup,1st line support,Bernard Beckley,25-03-2023 02:51,27-03-2023 02:51,25-03-2023 03:51,46:34.0,Within SLA,21:48.7,Within SLA,42:48.7,4,2,Ready to use Software,Tier 1,United Kingdom,55.378052,-3.435973
Closed,1690,Low,Chat,Bug report,2nd line support,Adolpho Messingham,26-03-2023 13:36,27-03-2023 13:36,26-03-2023 13:38,37:54.8,Within SLA,29:17.5,Within SLA,50:54.2,6,3,Custom software development,Tier 2,Italy,43.036776,12.678565
Resolved,1691,Low,Phone,Other,1st line support,Connor Danielovitch,26-03-2023 01:47,28-03-2023 01:47,26-03-2023 01:49,48:08.2,Within SLA,51:29.7,SLA Violated,,1,,Ready to use Software,Tier 1,Austria,47.6964719,13.3457347
In progress,1692,Low,Email,Pricing and licensing,1st line support,Nicola Wane,27-03-2023 16:55,29-03-2023 16:55,27-03-2023 17:55,24:29.6,Within SLA,,SLA Violated,,10,,Ready to use Software,Tier 1,Germany,51.165691,10.451526
Closed,1693,Medium,Chat,Bug report,1st line support,Bernard Beckley,27-03-2023 09:48,28-03-2023 09:48,27-03-2023 09:50,48:45.4,Within SLA,13:42.2,SLA Violated,55:36.1,7,4,Ready to use Software,Tier 1,Bulgaria,42.7249925,25.4833039
In progress,1694,High,Email,Feature request,1st line support,Sheela Cutten,27-03-2023 19:39,29-03-2023 19:39,27-03-2023 20:39,00:33.7,Within SLA,,SLA Violated,,1,,Ready to use Software,Tier 1,United Kingdom,55.378052,-3.435973
Resolved,1695,Low,Chat,Product setup,1st line support,Nicola Wane,27-03-2023 08:57,28-03-2023 08:57,27-03-2023 08:59,57:46.5,Within SLA,34:19.0,Within SLA,,4,,Custom software development,Tier 1,Republic of Ireland,53.094024,-8.019675
In progress,1696,Low,Phone,Other,1st line support,Sheela Cutten,27-03-2023 14:12,29-03-2023 14:12,27-03-2023 14:14,12:36.9,Within SLA,,SLA Violated,,4,,Other,Tier 1,Austria,47.6964719,13.3457347
In progress,1697,Low,Phone,Product setup,1st line support,Sheela Cutten,28-03-2023 00:41,30-03-2023 00:41,28-03-2023 00:43,44:02.9,SLA Violated,,SLA Violated,,1,,Other,Tier 1,Poland,52.536273,19.050639
Resolved,1698,Low,Chat,Feature request,1st line support,Nicola Wane,28-03-2023 05:44,29-03-2023 05:44,28-03-2023 05:46,44:53.0,Within SLA,29:53.4,Within SLA,,6,,Other,Tier 1,Italy,43.036776,12.678565
Closed,1699,Medium,Email,Product setup,1st line support,Connor Danielovitch,28-03-2023 15:16,30-03-2023 15:16,28-03-2023 16:16,40:03.0,Within SLA,34:11.1,Within SLA,47:19.6,2,4,Training and Consulting Services,Tier 1,Slovenia,46.1491664,14.9860106
Closed,1700,High,Phone,Product setup,1st line support,Sheela Cutten,28-03-2023 16:37,30-03-2023 16:37,28-03-2023 16:39,38:27.5,Within SLA,53:56.5,Within SLA,59:17.0,1,5,Ready to use Software,Tier 1,Czech Republic,49.8037633,15.4749126
In progress,1701,Low,Chat,Feature request,2nd line support,Adolpho Messingham,28-03-2023 20:46,29-03-2023 20:46,28-03-2023 20:48,48:51.7,SLA Violated,,SLA Violated,,6,,Other,Tier 2,Italy,43.036776,12.678565
Resolved,1702,Low,Email,Purchasing and invoicing,1st line support,Nicola Wane,28-03-2023 08:09,30-03-2023 08:09,28-03-2023 09:09,31:54.1,SLA Violated,29:47.5,Within SLA,,6,,Ready to use Software,Tier 1,Greece,39.368279,21.863141
Closed,1703,High,Phone,Feature request,1st line support,Kristos Westoll,29-03-2023 11:10,31-03-2023 11:10,29-03-2023 11:12,11:45.0,Within SLA,09:58.6,Within SLA,55:43.9,1,4,Ready to use Software,Tier 1,Italy,43.036776,12.678565
Resolved,1704,Medium,Email,Product setup,2nd line support,Michele Whyatt,29-03-2023 01:29,31-03-2023 01:29,29-03-2023 02:29,07:19.0,Within SLA,30:05.4,Within SLA,,9,,Training and Consulting Services,Tier 2,Poland,52.536273,19.050639
Closed,1705,Medium,Email,Pricing and licensing,2nd line support,Heather Urry,29-03-2023 03:32,31-03-2023 03:32,29-03-2023 04:32,49:01.3,Within SLA,02:11.8,Within SLA,48:13.8,1,4,Training and Consulting Services,Tier 2,Italy,43.036776,12.678565
In progress,1706,Low,Email,Product setup,1st line support,Sheela Cutten,29-03-2023 17:06,31-03-2023 17:06,29-03-2023 18:06,49:23.2,Within SLA,,SLA Violated,,1,,Ready to use Software,Tier 1,Bulgaria,42.7249925,25.4833039
Resolved,1707,Medium,Chat,Pricing and licensing,1st line support,Sheela Cutten,29-03-2023 08:39,30-03-2023 08:39,29-03-2023 08:41,40:17.4,Within SLA,17:28.9,Within SLA,,6,,Custom software development,Tier 1,France,48.864716,2.349014
Closed,1708,Low,Chat,Other,1st line support,Bernard Beckley,29-03-2023 04:00,30-03-2023 04:00,29-03-2023 04:02,00:06.2,Within SLA,29:25.7,Within SLA,05:12.5,60,4,Custom software development,Tier 1,Czech Republic,49.8037633,15.4749126
In progress,1709,Low,Chat,Training request,2nd line support,Michele Whyatt,29-03-2023 20:14,30-03-2023 20:14,29-03-2023 20:16,16:25.2,Within SLA,,SLA Violated,,6,,Training and Consulting Services,Tier 2,United Kingdom,55.378052,-3.435973
Closed,1710,Low,Email,Product setup,2nd line support,Heather Urry,30-03-2023 18:00,01-04-2023 18:00,30-03-2023 19:00,01:44.5,Within SLA,04:42.5,Within SLA,57:24.2,1,4,Ready to use Software,Tier 2,Poland,52.536273,19.050639
Closed,1711,High,Email,Product setup,2nd line support,Adolpho Messingham,30-03-2023 15:51,01-04-2023 15:51,30-03-2023 16:51,42:28.6,Within SLA,03:40.3,Within SLA,33:53.1,1,4,Ready to use Software,Tier 2,Spain,39.67337,-4.767726
Closed,1712,Low,Email,Feature request,2nd line support,Heather Urry,30-03-2023 13:19,01-04-2023 13:19,30-03-2023 14:19,00:43.2,Within SLA,26:03.5,Within SLA,54:11.2,10,4,Ready to use Software,Tier 2,Italy,43.036776,12.678565
Closed,1713,High,Email,Feature request,2nd line support,Adolpho Messingham,30-03-2023 11:29,01-04-2023 11:29,30-03-2023 12:29,45:25.7,Within SLA,25:10.1,Within SLA,01:00.4,2,4,Ready to use Software,Tier 2,Spain,39.67337,-4.767726
Closed,1714,High,Email,Bug report,2nd line support,Heather Urry,30-03-2023 17:10,01-04-2023 17:10,30-03-2023 18:10,11:07.8,Within SLA,27:16.6,Within SLA,53:18.2,1,1,Ready to use Software,Tier 2,Republic of Ireland,53.094024,-8.019675
Closed,1715,Medium,Email,Pricing and licensing,1st line support,Kristos Westoll,30-03-2023 22:34,01-04-2023 22:34,30-03-2023 23:34,58:41.9,Within SLA,01:01.4,SLA Violated,55:35.1,8,3,Custom software development,Tier 1,Germany,51.165691,10.451526
Closed,1717,Medium,Chat,Other,1st line support,Bernard Beckley,30-03-2023 04:23,31-03-2023 04:23,30-03-2023 04:25,27:13.7,SLA Violated,13:03.4,Within SLA,37:48.6,4,3,Custom software development,Tier 1,Greece,39.368279,21.863141
Resolved,1718,Low,Chat,Pricing and licensing,1st line support,Bernard Beckley,30-03-2023 22:31,31-03-2023 22:31,30-03-2023 22:33,32:50.5,Within SLA,51:54.5,Within SLA,,4,,Ready to use Software,Tier 1,Slovenia,46.1491664,14.9860106
In progress,1719,Low,Chat,Product setup,1st line support,Nicola Wane,30-03-2023 07:13,31-03-2023 07:13,30-03-2023 07:15,13:38.2,Within SLA,,SLA Violated,,7,,Ready to use Software,Tier 1,Slovenia,46.1491664,14.9860106
Resolved,1720,Low,Email,Bug report,1st line support,Nicola Wane,30-03-2023 12:29,01-04-2023 12:29,30-03-2023 13:29,15:57.9,Within SLA,35:36.5,Within SLA,,8,,Ready to use Software,Tier 1,Italy,43.036776,12.678565
Closed,1721,Low,Email,Product setup,1st line support,Sheela Cutten,30-03-2023 15:37,01-04-2023 15:37,30-03-2023 16:37,38:53.6,Within SLA,45:41.1,Within SLA,32:25.2,2,3,Ready to use Software,Tier 1,Slovenia,46.1491664,14.9860106
Resolved,1722,Low,Chat,Feature request,1st line support,Connor Danielovitch,30-03-2023 20:59,31-03-2023 20:59,30-03-2023 21:01,59:37.7,Within SLA,19:55.2,Within SLA,,60,,Custom software development,Tier 1,France,48.864716,2.349014
Closed,1723,Low,Email,Bug report,1st line support,Connor Danielovitch,31-03-2023 04:57,02-04-2023 04:57,31-03-2023 05:57,58:36.6,Within SLA,37:55.3,Within SLA,58:40.3,7,5,Ready to use Software,Tier 1,Germany,51.165691,10.451526
Closed,1725,Low,Email,Purchasing and invoicing,1st line support,Bernard Beckley,31-03-2023 03:10,02-04-2023 03:10,31-03-2023 04:10,53:24.6,Within SLA,45:08.7,SLA Violated,21:19.1,1,4,Custom software development,Tier 1,Greece,39.368279,21.863141
Closed,1726,High,Chat,Feature request,1st line support,Kristos Westoll,31-03-2023 11:40,01-04-2023 11:40,31-03-2023 11:42,41:31.5,Within SLA,33:54.5,Within SLA,53:32.1,8,4,Ready to use Software,Tier 1,Italy,43.036776,12.678565
Resolved,1727,Low,Chat,Feature request,1st line support,Connor Danielovitch,31-03-2023 08:54,01-04-2023 08:54,31-03-2023 08:56,56:24.2,Within SLA,59:42.8,Within SLA,,6,,Ready to use Software,Tier 1,Greece,39.368279,21.863141
Resolved,1728,High,Email,Feature request,2nd line support,Adolpho Messingham,31-03-2023 17:02,02-04-2023 17:02,31-03-2023 18:02,30:19.5,Within SLA,44:39.3,Within SLA,,10,,Ready to use Software,Tier 2,Poland,52.536273,19.050639
In progress,1729,High,Email,Product setup,1st line support,Nicola Wane,31-03-2023 22:38,02-04-2023 22:38,31-03-2023 23:38,59:12.1,Within SLA,,SLA Violated,,1,,Ready to use Software,Tier 1,Bulgaria,42.7249925,25.4833039
In progress,1730,Medium,Chat,Product setup,2nd line support,Adolpho Messingham,01-04-2023 04:42,02-04-2023 04:42,01-04-2023 04:44,44:37.6,Within SLA,,SLA Violated,,7,,Custom software development,Tier 2,Poland,52.536273,19.050639
Resolved,1731,Low,Email,Feature request,1st line support,Sheela Cutten,01-04-2023 19:34,03-04-2023 19:34,01-04-2023 20:34,12:35.4,Within SLA,12:34.4,Within SLA,,2,,Other,Tier 1,Germany,51.165691,10.451526
In progress,1732,Low,Email,Training request,1st line support,Nicola Wane,01-04-2023 19:44,03-04-2023 19:44,01-04-2023 20:44,46:44.2,SLA Violated,,SLA Violated,,6,,Training and Consulting Services,Tier 1,Greece,39.368279,21.863141
Closed,1733,Medium,Email,Pricing and licensing,1st line support,Sheela Cutten,01-04-2023 19:19,03-04-2023 19:19,01-04-2023 20:19,07:01.3,Within SLA,38:27.9,Within SLA,00:48.2,4,2,Other,Tier 1,Slovenia,46.1491664,14.9860106
Closed,1748,Low,Chat,Feature request,2nd line support,Adolpho Messingham,02-04-2023 15:10,03-04-2023 15:10,02-04-2023 15:12,15:53.6,SLA Violated,34:21.8,SLA Violated,40:32.4,6,3,Custom software development,Tier 2,Czech Republic,49.8037633,15.4749126
In progress,1749,Medium,Phone,Purchasing and invoicing,1st line support,Kristos Westoll,02-04-2023 04:44,04-04-2023 04:44,02-04-2023 04:46,45:00.2,Within SLA,,SLA Violated,,1,,Other,Tier 1,Germany,51.165691,10.451526
Resolved,1750,Low,Phone,Pricing and licensing,1st line support,Sheela Cutten,02-04-2023 16:03,04-04-2023 16:03,02-04-2023 16:05,03:59.0,Within SLA,28:20.1,SLA Violated,,4,,Custom software development,Tier 1,Italy,43.036776,12.678565
Resolved,1751,High,Email,Product setup,2nd line support,Adolpho Messingham,02-04-2023 15:53,04-04-2023 15:53,02-04-2023 16:53,17:30.4,Within SLA,13:24.0,Within SLA,,2,,Other,Tier 2,Poland,52.536273,19.050639
Closed,1752,Low,Chat,Pricing and licensing,1st line support,Sheela Cutten,02-04-2023 23:30,03-04-2023 23:30,02-04-2023 23:32,35:25.3,SLA Violated,34:51.3,Within SLA,18:58.2,6,4,Custom software development,Tier 1,Germany,51.165691,10.451526
Closed,1753,Low,Email,Pricing and licensing,2nd line support,Heather Urry,03-04-2023 05:55,05-04-2023 05:55,03-04-2023 06:55,06:33.9,Within SLA,03:04.9,Within SLA,16:42.5,5,4,Ready to use Software,Tier 2,Austria,47.6964719,13.3457347
Closed,1754,Medium,Chat,Bug report,1st line support,Connor Danielovitch,03-04-2023 00:18,04-04-2023 00:18,03-04-2023 00:20,19:47.8,Within SLA,32:50.4,Within SLA,39:23.8,3,5,Ready to use Software,Tier 1,Spain,39.67337,-4.767726
Closed,1755,High,Email,Product setup,1st line support,Sheela Cutten,03-04-2023 04:51,05-04-2023 04:51,03-04-2023 05:51,44:07.6,Within SLA,05:12.0,Within SLA,02:06.7,8,5,Ready to use Software,Tier 1,Poland,52.536273,19.050639
Resolved,1756,Low,Email,Product setup,1st line support,Bernard Beckley,03-04-2023 05:19,05-04-2023 05:19,03-04-2023 06:19,47:52.8,Within SLA,47:28.3,Within SLA,,2,,Other,Tier 1,Germany,51.165691,10.451526
In progress,1757,High,Chat,Product setup,1st line support,Kristos Westoll,03-04-2023 07:05,04-04-2023 07:05,03-04-2023 07:07,05:26.0,Within SLA,,SLA Violated,,7,,Ready to use Software,Tier 1,Austria,47.6964719,13.3457347
Closed,1759,Low,Chat,Feature request,1st line support,Bernard Beckley,03-04-2023 17:17,04-04-2023 17:17,03-04-2023 17:19,18:17.9,Within SLA,06:49.5,Within SLA,50:03.1,6,3,Custom software development,Tier 1,Austria,47.6964719,13.3457347
Closed,1761,Low,Email,Other,1st line support,Sheela Cutten,04-04-2023 13:34,06-04-2023 13:34,04-04-2023 14:34,15:59.9,SLA Violated,47:10.7,Within SLA,45:39.9,2,4,Custom software development,Tier 1,Austria,47.6964719,13.3457347
Closed,1762,Low,Chat,Product setup,1st line support,Kristos Westoll,04-04-2023 22:42,05-04-2023 22:42,04-04-2023 22:44,44:33.3,Within SLA,31:45.5,SLA Violated,42:09.4,6,3,Ready to use Software,Tier 1,France,48.864716,2.349014
Resolved,1763,Low,Chat,Bug report,1st line support,Kristos Westoll,04-04-2023 12:31,05-04-2023 12:31,04-04-2023 12:33,36:46.2,SLA Violated,55:34.2,Within SLA,,6,,Ready to use Software,Tier 1,Poland,52.536273,19.050639
Closed,1764,Low,Chat,Bug report,1st line support,Bernard Beckley,04-04-2023 08:56,05-04-2023 08:56,04-04-2023 08:58,57:43.3,Within SLA,34:43.8,Within SLA,23:00.3,5,4,Training and Consulting Services,Tier 1,Austria,47.6964719,13.3457347
Resolved,1765,Low,Chat,Pricing and licensing,2nd line support,Heather Urry,04-04-2023 11:05,05-04-2023 11:05,04-04-2023 11:07,05:38.3,Within SLA,55:44.0,Within SLA,,6,,Ready to use Software,Tier 2,United Kingdom,55.378052,-3.435973
Closed,1766,Low,Email,Other,2nd line support,Michele Whyatt,05-04-2023 02:02,07-04-2023 02:02,05-04-2023 03:02,51:18.1,Within SLA,47:58.5,Within SLA,37:15.8,1,4,Other,Tier 2,United Kingdom,55.378052,-3.435973
Closed,1767,High,Chat,Product setup,1st line support,Connor Danielovitch,05-04-2023 10:03,06-04-2023 10:03,05-04-2023 10:05,04:28.2,Within SLA,19:05.4,SLA Violated,31:44.1,5,3,Ready to use Software,Tier 1,Poland,52.536273,19.050639
In progress,1768,Low,Chat,Product setup,1st line support,Nicola Wane,05-04-2023 21:15,06-04-2023 21:15,05-04-2023 21:17,16:40.8,Within SLA,,SLA Violated,,8,,Training and Consulting Services,Tier 1,Bulgaria,42.7249925,25.4833039
In progress,1769,Low,Email,Feature request,2nd line support,Heather Urry,05-04-2023 11:07,07-04-2023 11:07,05-04-2023 12:07,37:02.7,Within SLA,,SLA Violated,,3,,Custom software development,Tier 2,Germany,51.165691,10.451526
Open,1770,Medium,Email,Pricing and licensing,1st line support,Nicola Wane,05-04-2023 16:27,07-04-2023 16:27,05-04-2023 17:27,,SLA Violated,,SLA Violated,,,,Ready to use Software,Tier 1,Germany,51.165691,10.451526
Closed,1771,High,Chat,Product setup,1st line support,Connor Danielovitch,05-04-2023 07:14,06-04-2023 07:14,05-04-2023 07:16,15:05.0,Within SLA,39:11.4,Within SLA,50:46.2,4,4,Ready to use Software,Tier 1,Poland,52.536273,19.050639
Closed,1772,Medium,Chat,Feature request,1st line support,Nicola Wane,06-04-2023 03:30,07-04-2023 03:30,06-04-2023 03:32,32:38.3,Within SLA,31:02.6,Within SLA,27:42.0,4,5,Ready to use Software,Tier 1,Germany,51.165691,10.451526
Resolved,1773,High,Email,Pricing and Licensing,1st line support,Sheela Cutten,06-04-2023 17:18,08-04-2023 17:18,06-04-2023 18:18,45:14.5,Within SLA,13:28.1,Within SLA,,8,,Custom software development,Tier 1,Italy,43.036776,12.678565
Closed,1774,Medium,Email,Bug report,2nd line support,Heather Urry,06-04-2023 02:59,08-04-2023 02:59,06-04-2023 03:59,39:49.4,Within SLA,15:49.0,Within SLA,43:23.0,5,4,Custom software development,Tier 2,Slovenia,46.1491664,14.9860106
Closed,1775,Medium,Email,Product setup,1st line support,Connor Danielovitch,06-04-2023 18:15,08-04-2023 18:15,06-04-2023 19:15,00:39.8,Within SLA,58:44.6,Within SLA,33:56.3,2,4,Ready to use Software,Tier 1,Republic of Ireland,53.094024,-8.019675
Closed,1777,Medium,Email,Product setup,1st line support,Sheela Cutten,06-04-2023 04:54,08-04-2023 04:54,06-04-2023 05:54,44:36.8,Within SLA,47:23.2,Within SLA,41:34.7,2,4,Other,Tier 1,Italy,43.036776,12.678565
In progress,1778,Medium,Email,Training request,2nd line support,Heather Urry,06-04-2023 18:43,08-04-2023 18:43,06-04-2023 19:43,34:18.7,Within SLA,,SLA Violated,,4,,Training and Consulting Services,Tier 2,France,48.864716,2.349014
Closed,1779,Medium,Email,Product setup,1st line support,Connor Danielovitch,07-04-2023 02:13,09-04-2023 02:13,07-04-2023 03:13,01:51.8,Within SLA,42:13.2,Within SLA,53:40.7,3,3,Ready to use Software,Tier 1,Bulgaria,42.7249925,25.4833039
Resolved,1780,Low,Chat,Product setup,2nd line support,Adolpho Messingham,07-04-2023 22:19,08-04-2023 22:19,07-04-2023 22:21,24:33.8,SLA Violated,25:33.6,SLA Violated,,4,,Ready to use Software,Tier 2,Germany,51.165691,10.451526
In progress,1782,Low,Email,Pricing and licensing,1st line support,Nicola Wane,07-04-2023 18:21,09-04-2023 18:21,07-04-2023 19:21,39:32.5,Within SLA,,SLA Violated,,1,,Ready to use Software,Tier 1,Germany,51.165691,10.451526
Closed,1783,Medium,Email,Feature request,2nd line support,Heather Urry,07-04-2023 05:02,09-04-2023 05:02,07-04-2023 06:02,18:28.2,Within SLA,08:59.6,Within SLA,00:07.2,1,1,Ready to use Software,Tier 2,Slovenia,46.1491664,14.9860106
Closed,1784,Medium,Email,Product setup,1st line support,Kristos Westoll,07-04-2023 07:46,09-04-2023 07:46,07-04-2023 08:46,03:59.0,Within SLA,08:43.3,Within SLA,41:53.0,2,4,Ready to use Software,Tier 1,Italy,43.036776,12.678565
In progress,1801,High,Phone,Feature request,1st line support,Connor Danielovitch,09-04-2023 11:16,11-04-2023 11:16,09-04-2023 11:18,17:29.5,Within SLA,,SLA Violated,,2,,Custom software development,Tier 1,Poland,52.536273,19.050639
In progress,1802,Low,Chat,Pricing and Licensing,1st line support,Nicola Wane,09-04-2023 18:24,10-04-2023 18:24,09-04-2023 18:26,24:07.4,Within SLA,,SLA Violated,,7,,Custom software development,Tier 1,Greece,39.368279,21.863141
Closed,1803,Low,Email,Other,1st line support,Connor Danielovitch,09-04-2023 01:54,11-04-2023 01:54,09-04-2023 02:54,31:16.1,Within SLA,57:35.7,Within SLA,28:36.3,1,4,Custom software development,Tier 1,Spain,39.67337,-4.767726
In progress,1804,Medium,Chat,Product setup,2nd line support,Michele Whyatt,09-04-2023 17:35,10-04-2023 17:35,09-04-2023 17:37,36:50.9,Within SLA,,SLA Violated,,6,,Ready to use Software,Tier 2,Bulgaria,42.7249925,25.4833039
Resolved,1805,Low,Email,Pricing and licensing,1st line support,Connor Danielovitch,09-04-2023 16:50,11-04-2023 16:50,09-04-2023 17:50,34:55.6,Within SLA,09:15.0,Within SLA,,1,,Ready to use Software,Tier 1,Austria,47.6964719,13.3457347
Closed,1806,Low,Email,Pricing and licensing,1st line support,Kristos Westoll,09-04-2023 01:08,11-04-2023 01:08,09-04-2023 02:08,45:29.3,SLA Violated,28:57.8,Within SLA,14:08.2,4,1,Custom software development,Tier 1,France,48.864716,2.349014
In progress,1807,Medium,Email,Product setup,1st line support,Nicola Wane,10-04-2023 16:07,12-04-2023 16:07,10-04-2023 17:07,39:13.7,Within SLA,,SLA Violated,,10,,Other,Tier 1,France,48.864716,2.349014
Resolved,1808,Low,Chat,Feature request,1st line support,Kristos Westoll,10-04-2023 22:37,11-04-2023 22:37,10-04-2023 22:39,37:48.1,Within SLA,57:15.9,Within SLA,,60,,Ready to use Software,Tier 1,Italy,43.036776,12.678565
Closed,1809,High,Chat,Feature request,1st line support,Nicola Wane,10-04-2023 12:36,11-04-2023 12:36,10-04-2023 12:38,38:22.6,Within SLA,50:51.9,Within SLA,16:29.2,3,4,Ready to use Software,Tier 1,United Kingdom,55.378052,-3.435973
Closed,1810,Medium,Chat,Product setup,1st line support,Sheela Cutten,10-04-2023 12:46,11-04-2023 12:46,10-04-2023 12:48,50:10.9,SLA Violated,11:43.7,Within SLA,06:51.2,3,2,Training and Consulting Services,Tier 1,Bulgaria,42.7249925,25.4833039
Closed,1811,Medium,Email,Pricing and Licensing,1st line support,Kristos Westoll,10-04-2023 16:21,12-04-2023 16:21,10-04-2023 17:21,40:07.2,Within SLA,12:03.0,Within SLA,26:21.6,1,4,Custom software development,Tier 1,Italy,43.036776,12.678565
In progress,1812,High,Phone,Product setup,1st line support,Kristos Westoll,10-04-2023 19:44,12-04-2023 19:44,10-04-2023 19:46,44:18.7,Within SLA,,SLA Violated,,1,,Ready to use Software,Tier 1,United Kingdom,55.378052,-3.435973
In progress,1813,High,Chat,Purchasing and invoicing,2nd line support,Heather Urry,10-04-2023 22:39,11-04-2023 22:39,10-04-2023 22:41,41:25.9,Within SLA,,SLA Violated,,60,,Ready to use Software,Tier 2,Greece,39.368279,21.863141
Closed,1814,Medium,Email,Pricing and licensing,1st line support,Connor Danielovitch,11-04-2023 08:22,13-04-2023 08:22,11-04-2023 09:22,17:03.2,Within SLA,31:22.8,SLA Violated,24:10.6,1,4,Other,Tier 1,Greece,39.368279,21.863141
Closed,1815,Low,Chat,Training request,1st line support,Sheela Cutten,11-04-2023 17:54,12-04-2023 17:54,11-04-2023 17:56,54:44.1,Within SLA,39:36.3,Within SLA,34:42.7,4,5,Training and Consulting Services,Tier 1,Italy,43.036776,12.678565
Closed,1816,Low,Phone,Feature request,1st line support,Bernard Beckley,11-04-2023 01:46,13-04-2023 01:46,11-04-2023 01:48,50:42.8,SLA Violated,46:09.2,Within SLA,50:31.1,5,1,Ready to use Software,Tier 1,Austria,47.6964719,13.3457347
Resolved,1817,Low,Email,Purchasing and invoicing,1st line support,Bernard Beckley,11-04-2023 01:35,13-04-2023 01:35,11-04-2023 02:35,46:52.1,Within SLA,55:17.4,Within SLA,,2,,Ready to use Software,Tier 1,Germany,51.165691,10.451526
Resolved,1818,Low,Chat,Pricing and Licensing,1st line support,Sheela Cutten,11-04-2023 09:01,12-04-2023 09:01,11-04-2023 09:03,01:56.9,Within SLA,41:50.9,Within SLA,,4,,Custom software development,Tier 1,United Kingdom,55.378052,-3.435973
Resolved,1819,Low,Email,Product setup,2nd line support,Heather Urry,11-04-2023 11:17,13-04-2023 11:17,11-04-2023 12:17,43:48.7,Within SLA,01:52.1,Within SLA,,3,,Other,Tier 2,Republic of Ireland,53.094024,-8.019675
Resolved,1820,Low,Email,Other,1st line support,Bernard Beckley,11-04-2023 17:12,13-04-2023 17:12,11-04-2023 18:12,38:03.5,Within SLA,22:46.5,Within SLA,,5,,Ready to use Software,Tier 1,Slovenia,46.1491664,14.9860106
In progress,1821,Low,Email,Feature request,2nd line support,Heather Urry,11-04-2023 17:28,13-04-2023 17:28,11-04-2023 18:28,57:04.2,Within SLA,,SLA Violated,,9,,Custom software development,Tier 2,United Kingdom,55.378052,-3.435973
Closed,1822,Low,Phone,Pricing and licensing,1st line support,Nicola Wane,11-04-2023 17:15,13-04-2023 17:15,11-04-2023 17:17,16:14.1,Within SLA,36:20.2,Within SLA,25:21.6,1,3,Ready to use Software,Tier 1,Italy,43.036776,12.678565
In progress,1823,Medium,Chat,Product setup,1st line support,Bernard Beckley,11-04-2023 07:16,12-04-2023 07:16,11-04-2023 07:18,18:12.1,Within SLA,,SLA Violated,,7,,Other,Tier 1,Italy,43.036776,12.678565
Resolved,1824,Low,Chat,Purchasing and invoicing,1st line support,Kristos Westoll,11-04-2023 00:07,12-04-2023 00:07,11-04-2023 00:09,08:37.2,Within SLA,06:40.5,Within SLA,,4,,Ready to use Software,Tier 1,France,48.864716,2.349014
Closed,1825,Low,Email,Feature request,1st line support,Sheela Cutten,11-04-2023 13:44,13-04-2023 13:44,11-04-2023 14:44,49:27.1,Within SLA,40:00.7,Within SLA,29:04.7,2,4,Ready to use Software,Tier 1,Poland,52.536273,19.050639
Resolved,1826,Low,Chat,Pricing and licensing,2nd line support,Michele Whyatt,12-04-2023 05:24,13-04-2023 05:24,12-04-2023 05:26,24:52.2,Within SLA,26:02.5,Within SLA,,4,,Ready to use Software,Tier 2,Germany,51.165691,10.451526
Resolved,1827,Medium,Email,Pricing and Licensing,1st line support,Connor Danielovitch,12-04-2023 02:54,14-04-2023 02:54,12-04-2023 03:54,25:30.5,SLA Violated,45:59.7,Within SLA,,2,,Custom software development,Tier 1,Italy,43.036776,12.678565
Closed,1828,Low,Phone,Pricing and Licensing,1st line support,Kristos Westoll,12-04-2023 15:36,14-04-2023 15:36,12-04-2023 15:38,36:18.3,Within SLA,19:55.0,SLA Violated,41:54.2,7,4,Custom software development,Tier 1,United Kingdom,55.378052,-3.435973
Resolved,1829,Low,Chat,Feature request,2nd line support,Adolpho Messingham,12-04-2023 23:18,13-04-2023 23:18,12-04-2023 23:20,22:07.1,SLA Violated,38:33.4,SLA Violated,,6,,Ready to use Software,Tier 2,Poland,52.536273,19.050639
Closed,1830,High,Chat,Pricing and licensing,1st line support,Bernard Beckley,12-04-2023 23:28,13-04-2023 23:28,12-04-2023 23:30,29:29.3,Within SLA,22:47.5,SLA Violated,07:14.6,60,5,Ready to use Software,Tier 1,Bulgaria,42.7249925,25.4833039
In progress,1831,Medium,Email,Feature request,1st line support,Nicola Wane,12-04-2023 08:21,14-04-2023 08:21,12-04-2023 09:21,59:02.8,Within SLA,,SLA Violated,,7,,Custom software development,Tier 1,United Kingdom,55.378052,-3.435973
In progress,1832,Medium,Email,Feature request,1st line support,Connor Danielovitch,12-04-2023 08:29,14-04-2023 08:29,12-04-2023 09:29,00:22.9,Within SLA,,SLA Violated,,1,,Custom software development,Tier 1,Italy,43.036776,12.678565
Resolved,1833,High,Email,Product setup,1st line support,Nicola Wane,12-04-2023 14:38,14-04-2023 14:38,12-04-2023 15:38,07:18.4,Within SLA,45:43.1,Within SLA,,1,,Other,Tier 1,Republic of Ireland,53.094024,-8.019675
Resolved,1834,Medium,Email,Purchasing and invoicing,1st line support,Nicola Wane,13-04-2023 18:53,15-04-2023 18:53,13-04-2023 19:53,51:19.6,Within SLA,27:43.2,Within SLA,,1,,Ready to use Software,Tier 1,United Kingdom,55.378052,-3.435973
Closed,1835,Low,Phone,Pricing and licensing,1st line support,Connor Danielovitch,13-04-2023 19:59,15-04-2023 19:59,13-04-2023 20:01,01:13.3,Within SLA,27:18.2,Within SLA,09:15.9,2,5,Training and Consulting Services,Tier 1,United Kingdom,55.378052,-3.435973
Closed,1836,Low,Chat,Product setup,2nd line support,Heather Urry,13-04-2023 22:21,14-04-2023 22:21,13-04-2023 22:23,23:11.2,Within SLA,07:34.0,Within SLA,09:59.0,5,3,Ready to use Software,Tier 2,Czech Republic,49.8037633,15.4749126
Resolved,1838,Low,Chat,Bug report,1st line support,Bernard Beckley,13-04-2023 01:38,14-04-2023 01:38,13-04-2023 01:40,39:04.0,Within SLA,40:36.6,Within SLA,,6,,Custom software development,Tier 1,Poland,52.536273,19.050639
Closed,1839,Low,Email,Training request,1st line support,Nicola Wane,13-04-2023 21:53,15-04-2023 21:53,13-04-2023 22:53,01:38.4,Within SLA,07:40.9,Within SLA,15:10.2,10,5,Training and Consulting Services,Tier 1,Poland,52.536273,19.050639
In progress,1840,Low,Chat,Bug report,1st line support,Sheela Cutten,13-04-2023 00:46,14-04-2023 00:46,13-04-2023 00:48,47:29.8,Within SLA,,SLA Violated,,6,,Custom software development,Tier 1,United Kingdom,55.378052,-3.435973
Closed,1841,Low,Email,Purchasing and invoicing,1st line support,Nicola Wane,13-04-2023 03:49,15-04-2023 03:49,13-04-2023 04:49,51:05.7,Within SLA,03:48.6,Within SLA,35:22.2,6,5,Training and Consulting Services,Tier 1,Slovenia,46.1491664,14.9860106
Closed,1842,Medium,Chat,Pricing and licensing,1st line support,Nicola Wane,14-04-2023 10:24,15-04-2023 10:24,14-04-2023 10:26,25:12.5,Within SLA,53:26.2,Within SLA,06:11.3,6,3,Training and Consulting Services,Tier 1,Spain,39.67337,-4.767726
Resolved,1844,Low,Chat,Feature request,1st line support,Kristos Westoll,14-04-2023 01:08,15-04-2023 01:08,14-04-2023 01:10,08:36.1,Within SLA,44:37.9,SLA Violated,,3,,Custom software development,Tier 1,Greece,39.368279,21.863141
Closed,1845,Medium,Chat,Bug report,1st line support,Kristos Westoll,14-04-2023 13:04,15-04-2023 13:04,14-04-2023 13:06,10:26.9,SLA Violated,01:36.2,Within SLA,11:25.7,60,5,Ready to use Software,Tier 1,Germany,51.165691,10.451526
Closed,1846,Medium,Email,Purchasing and invoicing,2nd line support,Michele Whyatt,15-04-2023 19:19,17-04-2023 19:19,15-04-2023 20:19,25:52.9,Within SLA,26:26.1,Within SLA,58:36.4,5,4,Ready to use Software,Tier 2,Bulgaria,42.7249925,25.4833039
Closed,1847,Medium,Email,Feature request,2nd line support,Adolpho Messingham,15-04-2023 19:16,17-04-2023 19:16,15-04-2023 20:16,58:48.3,Within SLA,55:14.2,Within SLA,10:26.8,1,1,Ready to use Software,Tier 2,Italy,43.036776,12.678565
In progress,1849,High,Chat,Pricing and licensing,1st line support,Connor Danielovitch,15-04-2023 14:20,16-04-2023 14:20,15-04-2023 14:22,23:24.8,SLA Violated,,SLA Violated,,4,,Custom software development,Tier 1,Italy,43.036776,12.678565
Resolved,1858,Low,Chat,Purchasing and invoicing,1st line support,Bernard Beckley,16-04-2023 08:24,17-04-2023 08:24,16-04-2023 08:26,25:45.4,Within SLA,39:02.1,Within SLA,,9,,Ready to use Software,Tier 1,Italy,43.036776,12.678565
In progress,1859,High,Chat,Other,1st line support,Nicola Wane,16-04-2023 21:38,17-04-2023 21:38,16-04-2023 21:40,40:14.4,Within SLA,,SLA Violated,,3,,Custom software development,Tier 1,Bulgaria,42.7249925,25.4833039
Resolved,1860,Medium,Email,Bug report,1st line support,Nicola Wane,16-04-2023 08:37,18-04-2023 08:37,16-04-2023 09:37,12:12.7,Within SLA,42:57.7,SLA Violated,,1,,Custom software development,Tier 1,Germany,51.165691,10.451526
Resolved,1861,Medium,Email,Product setup,1st line support,Bernard Beckley,16-04-2023 08:28,18-04-2023 08:28,16-04-2023 09:28,58:06.6,SLA Violated,51:36.9,Within SLA,,4,,Training and Consulting Services,Tier 1,Czech Republic,49.8037633,15.4749126
Resolved,1862,Medium,Chat,Purchasing and invoicing,2nd line support,Adolpho Messingham,16-04-2023 22:55,17-04-2023 22:55,16-04-2023 22:57,56:49.1,Within SLA,29:33.6,Within SLA,,4,,Training and Consulting Services,Tier 2,Germany,51.165691,10.451526
Closed,1863,High,Email,Purchasing and invoicing,2nd line support,Adolpho Messingham,17-04-2023 15:18,19-04-2023 15:18,17-04-2023 16:18,45:07.4,Within SLA,13:22.0,Within SLA,00:06.3,1,3,Other,Tier 2,Italy,43.036776,12.678565
Closed,1864,Medium,Email,Feature request,1st line support,Bernard Beckley,17-04-2023 16:20,19-04-2023 16:20,17-04-2023 17:20,14:28.6,Within SLA,16:38.5,Within SLA,26:46.5,2,4,Custom software development,Tier 1,Germany,51.165691,10.451526
Closed,1865,Low,Chat,Feature request,2nd line support,Adolpho Messingham,17-04-2023 12:14,18-04-2023 12:14,17-04-2023 12:16,16:25.4,Within SLA,46:34.6,Within SLA,46:28.0,4,4,Custom software development,Tier 2,United Kingdom,55.378052,-3.435973
In progress,1866,Medium,Email,Purchasing and invoicing,1st line support,Connor Danielovitch,17-04-2023 19:02,19-04-2023 19:02,17-04-2023 20:02,19:46.0,SLA Violated,,SLA Violated,,7,,Custom software development,Tier 1,Slovenia,46.1491664,14.9860106
Closed,1867,Medium,Chat,Product setup,1st line support,Kristos Westoll,17-04-2023 15:48,18-04-2023 15:48,17-04-2023 15:50,48:45.5,Within SLA,31:09.6,Within SLA,58:28.0,4,1,Ready to use Software,Tier 1,Poland,52.536273,19.050639
Resolved,1868,Low,Phone,Pricing and licensing,1st line support,Bernard Beckley,17-04-2023 13:01,19-04-2023 13:01,17-04-2023 13:03,01:46.7,Within SLA,28:14.2,SLA Violated,,2,,Custom software development,Tier 1,Austria,47.6964719,13.3457347
Resolved,1869,Medium,Email,Purchasing and invoicing,1st line support,Connor Danielovitch,17-04-2023 04:59,19-04-2023 04:59,17-04-2023 05:59,06:25.4,Within SLA,14:34.1,Within SLA,,2,,Custom software development,Tier 1,Poland,52.536273,19.050639
Closed,1870,High,Email,Product setup,1st line support,Kristos Westoll,18-04-2023 21:47,20-04-2023 21:47,18-04-2023 22:47,51:37.0,Within SLA,04:05.2,Within SLA,48:35.1,8,5,Ready to use Software,Tier 1,Italy,43.036776,12.678565
Closed,1871,Low,Email,Training request,1st line support,Nicola Wane,18-04-2023 17:48,20-04-2023 17:48,18-04-2023 18:48,19:58.9,Within SLA,10:27.5,Within SLA,41:16.4,1,1,Training and Consulting Services,Tier 1,Slovenia,46.1491664,14.9860106
Closed,1872,High,Email,Product setup,2nd line support,Michele Whyatt,18-04-2023 13:56,20-04-2023 13:56,18-04-2023 14:56,25:41.7,Within SLA,06:18.1,Within SLA,58:10.6,3,5,Ready to use Software,Tier 2,Slovenia,46.1491664,14.9860106
Closed,1873,Low,Phone,Feature request,1st line support,Kristos Westoll,18-04-2023 16:22,20-04-2023 16:22,18-04-2023 16:24,23:05.8,Within SLA,22:55.8,Within SLA,02:03.5,5,1,Custom software development,Tier 1,Poland,52.536273,19.050639
In progress,1874,Low,Email,Other,2nd line support,Michele Whyatt,18-04-2023 08:58,20-04-2023 08:58,18-04-2023 09:58,04:16.7,Within SLA,,SLA Violated,,10,,Ready to use Software,Tier 2,Italy,43.036776,12.678565
Resolved,1875,Medium,Chat,Pricing and licensing,2nd line support,Adolpho Messingham,18-04-2023 12:00,19-04-2023 12:00,18-04-2023 12:02,02:08.3,Within SLA,27:12.7,Within SLA,,3,,Ready to use Software,Tier 2,Germany,51.165691,10.451526
Closed,1876,Low,Email,Feature request,1st line support,Kristos Westoll,18-04-2023 18:29,20-04-2023 18:29,18-04-2023 19:29,48:22.1,Within SLA,02:20.8,Within SLA,05:29.8,6,4,Ready to use Software,Tier 1,Poland,52.536273,19.050639
Resolved,1877,Medium,Email,Product setup,1st line support,Kristos Westoll,18-04-2023 17:37,20-04-2023 17:37,18-04-2023 18:37,41:28.3,Within SLA,23:07.9,Within SLA,,5,,Other,Tier 1,Germany,51.165691,10.451526
Closed,1878,Low,Email,Product setup,1st line support,Bernard Beckley,18-04-2023 12:51,20-04-2023 12:51,18-04-2023 13:51,00:28.7,Within SLA,33:18.9,Within SLA,52:50.8,7,4,Ready to use Software,Tier 1,Austria,47.6964719,13.3457347
In progress,1879,Low,Email,Purchasing and invoicing,1st line support,Sheela Cutten,18-04-2023 22:00,20-04-2023 22:00,18-04-2023 23:00,02:30.0,Within SLA,,SLA Violated,,3,,Ready to use Software,Tier 1,Italy,43.036776,12.678565
Resolved,1880,Low,Email,Bug report,1st line support,Kristos Westoll,19-04-2023 13:44,21-04-2023 13:44,19-04-2023 14:44,41:13.2,Within SLA,08:42.5,Within SLA,,1,,Custom software development,Tier 1,Germany,51.165691,10.451526
Resolved,1881,High,Chat,Purchasing and invoicing,1st line support,Bernard Beckley,19-04-2023 22:56,20-04-2023 22:56,19-04-2023 22:58,58:21.5,Within SLA,01:24.1,Within SLA,,6,,Ready to use Software,Tier 1,Italy,43.036776,12.678565
Resolved,1882,Medium,Chat,Feature request,1st line support,Sheela Cutten,19-04-2023 02:54,20-04-2023 02:54,19-04-2023 02:56,59:46.1,SLA Violated,55:56.5,SLA Violated,,4,,Ready to use Software,Tier 1,United Kingdom,55.378052,-3.435973
In progress,1883,Low,Chat,Feature request,1st line support,Connor Danielovitch,19-04-2023 15:12,20-04-2023 15:12,19-04-2023 15:14,14:04.3,Within SLA,,SLA Violated,,4,,Custom software development,Tier 1,Slovenia,46.1491664,14.9860106
Closed,1884,High,Email,Bug report,2nd line support,Heather Urry,19-04-2023 13:35,21-04-2023 13:35,19-04-2023 14:35,51:45.4,SLA Violated,33:08.9,Within SLA,51:49.9,5,3,Custom software development,Tier 2,Spain,39.67337,-4.767726
Closed,1885,Medium,Phone,Other,1st line support,Sheela Cutten,19-04-2023 00:38,21-04-2023 00:38,19-04-2023 00:40,40:54.1,SLA Violated,31:09.4,Within SLA,31:35.9,5,3,Ready to use Software,Tier 1,Italy,43.036776,12.678565
Resolved,1886,Low,Chat,Bug report,2nd line support,Michele Whyatt,19-04-2023 05:03,20-04-2023 05:03,19-04-2023 05:05,04:44.8,Within SLA,54:55.1,Within SLA,,6,,Ready to use Software,Tier 2,France,48.864716,2.349014
Closed,1887,Low,Chat,Pricing and licensing,1st line support,Sheela Cutten,19-04-2023 05:08,20-04-2023 05:08,19-04-2023 05:10,09:56.8,Within SLA,57:06.7,SLA Violated,56:22.7,6,2,Custom software development,Tier 1,Germany,51.165691,10.451526
In progress,1888,Low,Email,Purchasing and invoicing,1st line support,Sheela Cutten,20-04-2023 05:20,22-04-2023 05:20,20-04-2023 06:20,12:17.5,Within SLA,,SLA Violated,,7,,Ready to use Software,Tier 1,Poland,52.536273,19.050639
Closed,1889,Low,Email,Pricing and licensing,1st line support,Nicola Wane,20-04-2023 03:15,22-04-2023 03:15,20-04-2023 04:15,02:37.0,Within SLA,15:12.6,Within SLA,20:29.9,7,1,Custom software development,Tier 1,Italy,43.036776,12.678565
Resolved,1890,High,Email,Purchasing and invoicing,1st line support,Connor Danielovitch,20-04-2023 02:50,22-04-2023 02:50,20-04-2023 03:50,54:32.1,Within SLA,23:22.9,Within SLA,,7,,Ready to use Software,Tier 1,Greece,39.368279,21.863141
Resolved,1891,Low,Email,Pricing and licensing,1st line support,Bernard Beckley,20-04-2023 04:04,22-04-2023 04:04,20-04-2023 05:04,17:18.2,Within SLA,25:31.3,Within SLA,,4,,Other,Tier 1,Germany,51.165691,10.451526
Resolved,1892,Low,Email,Other,1st line support,Sheela Cutten,20-04-2023 10:08,22-04-2023 10:08,20-04-2023 11:08,24:12.6,Within SLA,51:38.0,Within SLA,,8,,Custom software development,Tier 1,Republic of Ireland,53.094024,-8.019675
Closed,1893,Low,Phone,Feature request,1st line support,Sheela Cutten,20-04-2023 08:25,22-04-2023 08:25,20-04-2023 08:27,26:23.0,Within SLA,14:40.5,Within SLA,46:10.0,4,4,Ready to use Software,Tier 1,Slovenia,46.1491664,14.9860106
Resolved,1894,Medium,Chat,Feature request,1st line support,Nicola Wane,20-04-2023 23:58,21-04-2023 23:58,21-04-2023 00:00,58:37.9,Within SLA,53:54.7,SLA Violated,,6,,Other,Tier 1,Germany,51.165691,10.451526
Closed,1895,Low,Email,Product setup,1st line support,Connor Danielovitch,20-04-2023 00:51,22-04-2023 00:51,20-04-2023 01:51,28:01.3,Within SLA,08:58.0,Within SLA,20:52.4,6,3,Other,Tier 1,Republic of Ireland,53.094024,-8.019675
Closed,1896,Low,Email,Other,1st line support,Connor Danielovitch,20-04-2023 19:33,22-04-2023 19:33,20-04-2023 20:33,16:58.1,Within SLA,26:36.9,Within SLA,49:52.7,10,4,Training and Consulting Services,Tier 1,Republic of Ireland,53.094024,-8.019675
Resolved,1897,Medium,Chat,Purchasing and invoicing,1st line support,Nicola Wane,21-04-2023 14:40,22-04-2023 14:40,21-04-2023 14:42,40:48.1,Within SLA,29:32.2,Within SLA,,6,,Training and Consulting Services,Tier 1,Germany,51.165691,10.451526
Resolved,1898,Low,Email,Product setup,2nd line support,Adolpho Messingham,21-04-2023 18:39,23-04-2023 18:39,21-04-2023 19:39,42:07.3,Within SLA,37:36.3,Within SLA,,5,,Custom software development,Tier 2,Germany,51.165691,10.451526
In progress,1899,Low,Email,Purchasing and invoicing,2nd line support,Michele Whyatt,21-04-2023 15:42,23-04-2023 15:42,21-04-2023 16:42,55:25.6,Within SLA,,SLA Violated,,2,,Training and Consulting Services,Tier 2,Italy,43.036776,12.678565
In progress,1900,Low,Email,Other,2nd line support,Adolpho Messingham,21-04-2023 18:14,23-04-2023 18:14,21-04-2023 19:14,56:24.2,Within SLA,,SLA Violated,,7,,Other,Tier 2,Spain,39.67337,-4.767726
Closed,1901,Medium,Email,Feature request,1st line support,Bernard Beckley,21-04-2023 03:00,23-04-2023 03:00,21-04-2023 04:00,19:12.9,Within SLA,33:19.1,Within SLA,31:30.1,1,4,Ready to use Software,Tier 1,Republic of Ireland,53.094024,-8.019675
Resolved,1902,Low,Chat,Product setup,1st line support,Connor Danielovitch,21-04-2023 22:59,22-04-2023 22:59,21-04-2023 23:01,02:53.6,SLA Violated,52:11.4,SLA Violated,,60,,Training and Consulting Services,Tier 1,Germany,51.165691,10.451526
Resolved,1903,High,Phone,Training request,1st line support,Sheela Cutten,21-04-2023 17:29,23-04-2023 17:29,21-04-2023 17:31,34:48.0,SLA Violated,28:01.7,Within SLA,,2,,Training and Consulting Services,Tier 1,Bulgaria,42.7249925,25.4833039
Resolved,1904,Low,Chat,Other,2nd line support,Heather Urry,21-04-2023 06:37,22-04-2023 06:37,21-04-2023 06:39,38:29.2,Within SLA,34:17.3,Within SLA,,8,,Ready to use Software,Tier 2,Spain,39.67337,-4.767726
In progress,1905,Low,Email,Product setup,2nd line support,Michele Whyatt,22-04-2023 22:56,24-04-2023 22:56,22-04-2023 23:56,51:10.0,SLA Violated,,SLA Violated,,9,,Ready to use Software,Tier 2,United Kingdom,55.378052,-3.435973
Closed,1911,High,Email,Product setup,2nd line support,Adolpho Messingham,23-04-2023 06:37,25-04-2023 06:37,23-04-2023 07:37,11:55.1,Within SLA,12:44.2,Within SLA,42:53.4,1,5,Other,Tier 2,Republic of Ireland,53.094024,-8.019675
Resolved,1912,Medium,Chat,Product setup,1st line support,Bernard Beckley,23-04-2023 16:15,24-04-2023 16:15,23-04-2023 16:17,17:46.8,Within SLA,33:04.2,Within SLA,,4,,Other,Tier 1,Germany,51.165691,10.451526
Resolved,1913,Medium,Chat,Other,1st line support,Bernard Beckley,23-04-2023 17:18,24-04-2023 17:18,23-04-2023 17:20,19:40.2,Within SLA,50:46.0,Within SLA,,9,,Training and Consulting Services,Tier 1,Slovenia,46.1491664,14.9860106
Closed,1914,Low,Email,Product setup,1st line support,Nicola Wane,24-04-2023 11:26,26-04-2023 11:26,24-04-2023 12:26,13:04.8,Within SLA,32:01.4,Within SLA,02:44.0,8,1,Ready to use Software,Tier 1,Greece,39.368279,21.863141
In progress,1915,Low,Phone,Product setup,1st line support,Connor Danielovitch,24-04-2023 07:32,26-04-2023 07:32,24-04-2023 07:34,33:15.8,Within SLA,,SLA Violated,,5,,Ready to use Software,Tier 1,Czech Republic,49.8037633,15.4749126
Closed,1916,Low,Email,Product setup,1st line support,Sheela Cutten,24-04-2023 08:29,26-04-2023 08:29,24-04-2023 09:29,30:13.6,Within SLA,55:27.0,Within SLA,09:48.1,2,4,Ready to use Software,Tier 1,United Kingdom,55.378052,-3.435973
Closed,1917,Low,Email,Bug report,1st line support,Connor Danielovitch,24-04-2023 09:05,26-04-2023 09:05,24-04-2023 10:05,46:46.6,Within SLA,12:43.0,Within SLA,40:55.8,5,4,Custom software development,Tier 1,Republic of Ireland,53.094024,-8.019675
Resolved,1918,Medium,Email,Product setup,1st line support,Sheela Cutten,24-04-2023 02:39,26-04-2023 02:39,24-04-2023 03:39,23:36.7,Within SLA,17:47.8,Within SLA,,10,,Ready to use Software,Tier 1,Italy,43.036776,12.678565
In progress,1919,Low,Chat,Other,1st line support,Sheela Cutten,24-04-2023 05:18,25-04-2023 05:18,24-04-2023 05:20,22:48.1,SLA Violated,,SLA Violated,,60,,Other,Tier 1,Germany,51.165691,10.451526
Closed,1920,Medium,Email,Purchasing and invoicing,2nd line support,Adolpho Messingham,24-04-2023 17:08,26-04-2023 17:08,24-04-2023 18:08,16:07.8,Within SLA,33:11.8,Within SLA,56:54.4,6,5,Custom software development,Tier 2,Slovenia,46.1491664,14.9860106
Resolved,1921,Medium,Chat,Other,1st line support,Sheela Cutten,24-04-2023 13:49,25-04-2023 13:49,24-04-2023 13:51,49:54.6,Within SLA,16:37.3,Within SLA,,3,,Ready to use Software,Tier 1,United Kingdom,55.378052,-3.435973
In progress,1922,Low,Email,Feature request,1st line support,Connor Danielovitch,24-04-2023 01:45,26-04-2023 01:45,24-04-2023 02:45,49:11.0,Within SLA,,SLA Violated,,8,,Custom software development,Tier 1,Germany,51.165691,10.451526
Closed,1923,Medium,Chat,Feature request,1st line support,Connor Danielovitch,25-04-2023 19:44,26-04-2023 19:44,25-04-2023 19:46,46:04.9,Within SLA,50:10.1,SLA Violated,22:27.4,6,4,Custom software development,Tier 1,United Kingdom,55.378052,-3.435973
Closed,1924,High,Chat,Pricing and licensing,1st line support,Connor Danielovitch,25-04-2023 21:29,26-04-2023 21:29,25-04-2023 21:31,31:03.5,Within SLA,26:42.6,SLA Violated,26:33.0,4,3,Training and Consulting Services,Tier 1,Austria,47.6964719,13.3457347
Resolved,1925,High,Email,Product setup,2nd line support,Heather Urry,25-04-2023 04:12,27-04-2023 04:12,25-04-2023 05:12,34:16.7,SLA Violated,22:50.1,Within SLA,,8,,Ready to use Software,Tier 2,Poland,52.536273,19.050639
In progress,1927,Low,Chat,Other,2nd line support,Adolpho Messingham,25-04-2023 15:06,26-04-2023 15:06,25-04-2023 15:08,07:02.5,Within SLA,,SLA Violated,,4,,Custom software development,Tier 2,France,48.864716,2.349014
In progress,1928,Medium,Email,Training request,2nd line support,Adolpho Messingham,25-04-2023 00:40,27-04-2023 00:40,25-04-2023 01:40,55:20.0,Within SLA,,SLA Violated,,1,,Training and Consulting Services,Tier 2,United Kingdom,55.378052,-3.435973
Closed,1929,Medium,Email,Other,1st line support,Bernard Beckley,25-04-2023 23:46,27-04-2023 23:46,26-04-2023 00:46,49:39.7,Within SLA,08:07.7,Within SLA,46:32.0,2,1,Other,Tier 1,France,48.864716,2.349014
Closed,1930,Low,Chat,Feature request,1st line support,Kristos Westoll,25-04-2023 16:29,26-04-2023 16:29,25-04-2023 16:31,29:48.0,Within SLA,14:27.5,Within SLA,03:39.8,4,2,Ready to use Software,Tier 1,Italy,43.036776,12.678565
Closed,1931,Low,Email,Bug report,2nd line support,Adolpho Messingham,26-04-2023 03:07,28-04-2023 03:07,26-04-2023 04:07,24:25.4,Within SLA,51:22.6,Within SLA,19:37.9,2,4,Training and Consulting Services,Tier 2,Spain,39.67337,-4.767726
Open,1932,High,Email,Training request,1st line support,Connor Danielovitch,26-04-2023 11:36,28-04-2023 11:36,26-04-2023 12:36,,SLA Violated,,SLA Violated,,,,Training and Consulting Services,Tier 1,Italy,43.036776,12.678565
Closed,1933,Low,Chat,Feature request,2nd line support,Heather Urry,26-04-2023 21:03,27-04-2023 21:03,26-04-2023 21:05,09:02.5,SLA Violated,16:26.7,Within SLA,58:24.2,6,4,Custom software development,Tier 2,United Kingdom,55.378052,-3.435973
Closed,1934,Low,Email,Pricing and Licensing,1st line support,Kristos Westoll,26-04-2023 12:39,28-04-2023 12:39,26-04-2023 13:39,47:26.2,Within SLA,18:01.7,Within SLA,21:47.8,10,2,Custom software development,Tier 1,France,48.864716,2.349014
Closed,1937,Low,Email,Other,1st line support,Kristos Westoll,28-04-2023 04:17,30-04-2023 04:17,28-04-2023 05:17,21:07.0,Within SLA,03:59.1,Within SLA,04:12.2,7,4,Ready to use Software,Tier 1,Italy,43.036776,12.678565
Closed,1938,Medium,Email,Pricing and licensing,2nd line support,Heather Urry,28-04-2023 12:45,30-04-2023 12:45,28-04-2023 13:45,10:12.0,Within SLA,11:05.4,Within SLA,51:18.2,8,5,Ready to use Software,Tier 2,Germany,51.165691,10.451526
In progress,1939,Low,Chat,Other,1st line support,Bernard Beckley,28-04-2023 01:42,29-04-2023 01:42,28-04-2023 01:44,43:46.9,Within SLA,,SLA Violated,,3,,Custom software development,Tier 1,Czech Republic,49.8037633,15.4749126
Closed,1940,Low,Chat,Feature request,1st line support,Connor Danielovitch,28-04-2023 08:54,29-04-2023 08:54,28-04-2023 08:56,58:35.3,SLA Violated,16:42.4,Within SLA,02:21.3,3,4,Ready to use Software,Tier 1,Germany,51.165691,10.451526
Closed,1942,Medium,Email,Other,1st line support,Kristos Westoll,28-04-2023 00:22,30-04-2023 00:22,28-04-2023 01:22,54:02.7,Within SLA,03:58.7,Within SLA,11:46.3,1,4,Ready to use Software,Tier 1,Austria,47.6964719,13.3457347
Resolved,1943,Low,Email,Product setup,1st line support,Kristos Westoll,28-04-2023 23:21,30-04-2023 23:21,29-04-2023 00:21,22:59.3,Within SLA,31:17.2,Within SLA,,9,,Ready to use Software,Tier 1,Italy,43.036776,12.678565
Resolved,1945,Medium,Chat,Feature request,1st line support,Bernard Beckley,29-04-2023 13:16,30-04-2023 13:16,29-04-2023 13:18,17:00.5,Within SLA,55:36.5,Within SLA,,3,,Ready to use Software,Tier 1,Spain,39.67337,-4.767726
Closed,1946,High,Email,Training request,2nd line support,Heather Urry,29-04-2023 09:39,01-05-2023 09:39,29-04-2023 10:39,50:32.8,Within SLA,12:24.5,SLA Violated,30:12.1,3,4,Training and Consulting Services,Tier 2,Italy,43.036776,12.678565
Resolved,1956,Low,Email,Pricing and licensing,1st line support,Connor Danielovitch,29-04-2023 02:53,01-05-2023 02:53,29-04-2023 03:53,52:54.1,Within SLA,39:12.7,Within SLA,,5,,Other,Tier 1,Bulgaria,42.7249925,25.4833039
Resolved,1957,Low,Email,Feature request,1st line support,Nicola Wane,29-04-2023 01:59,01-05-2023 01:59,29-04-2023 02:59,17:20.4,SLA Violated,42:42.5,Within SLA,,3,,Ready to use Software,Tier 1,Slovenia,46.1491664,14.9860106
Resolved,1958,Low,Chat,Product setup,2nd line support,Michele Whyatt,29-04-2023 18:57,30-04-2023 18:57,29-04-2023 18:59,58:57.2,Within SLA,09:44.4,Within SLA,,4,,Other,Tier 2,France,48.864716,2.349014
Closed,1959,Low,Email,Other,1st line support,Nicola Wane,29-04-2023 09:21,01-05-2023 09:21,29-04-2023 10:21,35:19.4,Within SLA,49:53.6,Within SLA,33:29.0,10,2,Other,Tier 1,Czech Republic,49.8037633,15.4749126
Closed,1960,Low,Email,Bug report,1st line support,Kristos Westoll,30-04-2023 04:40,02-05-2023 04:40,30-04-2023 05:40,42:41.6,Within SLA,16:11.1,Within SLA,59:04.0,6,2,Ready to use Software,Tier 1,Poland,52.536273,19.050639
Closed,1961,High,Email,Purchasing and invoicing,1st line support,Kristos Westoll,30-04-2023 11:33,02-05-2023 11:33,30-04-2023 12:33,42:53.5,Within SLA,47:43.3,SLA Violated,15:28.6,1,5,Ready to use Software,Tier 1,Poland,52.536273,19.050639
In progress,1962,Low,Email,Pricing and licensing,1st line support,Bernard Beckley,30-04-2023 19:22,02-05-2023 19:22,30-04-2023 20:22,23:20.0,Within SLA,,SLA Violated,,1,,Custom software development,Tier 1,Germany,51.165691,10.451526
Closed,1963,Medium,Phone,Purchasing and invoicing,2nd line support,Heather Urry,30-04-2023 20:47,02-05-2023 20:47,30-04-2023 20:49,51:49.0,SLA Violated,56:37.6,Within SLA,49:26.7,2,4,Custom software development,Tier 2,Slovenia,46.1491664,14.9860106
Resolved,1964,Low,Email,Bug report,1st line support,Bernard Beckley,30-04-2023 19:57,02-05-2023 19:57,30-04-2023 20:57,23:23.6,Within SLA,27:38.8,Within SLA,,3,,Custom software development,Tier 1,Spain,39.67337,-4.767726
Closed,1965,Medium,Email,Product setup,2nd line support,Adolpho Messingham,30-04-2023 01:00,02-05-2023 01:00,30-04-2023 02:00,42:02.8,Within SLA,23:02.5,Within SLA,24:21.6,10,2,Ready to use Software,Tier 2,Germany,51.165691,10.451526
Closed,1966,High,Chat,Product setup,2nd line support,Heather Urry,30-04-2023 08:01,01-05-2023 08:01,30-04-2023 08:03,02:01.8,Within SLA,47:31.0,Within SLA,08:58.7,9,2,Ready to use Software,Tier 2,Czech Republic,49.8037633,15.4749126
In progress,1974,Medium,Email,Other,1st line support,Bernard Beckley,01-05-2023 03:26,03-05-2023 03:26,01-05-2023 04:26,54:44.6,Within SLA,,SLA Violated,,5,,Custom software development,Tier 1,United Kingdom,55.378052,-3.435973
Resolved,1975,Low,Email,Pricing and licensing,1st line support,Sheela Cutten,01-05-2023 00:15,03-05-2023 00:15,01-05-2023 01:15,32:59.6,Within SLA,29:48.4,Within SLA,,2,,Other,Tier 1,Czech Republic,49.8037633,15.4749126
Closed,1976,Medium,Email,Feature request,1st line support,Kristos Westoll,01-05-2023 17:16,03-05-2023 17:16,01-05-2023 18:16,06:31.4,Within SLA,01:26.2,Within SLA,39:04.9,1,5,Custom software development,Tier 1,Italy,43.036776,12.678565
Closed,1977,Low,Email,Feature request,1st line support,Kristos Westoll,01-05-2023 19:32,03-05-2023 19:32,01-05-2023 20:32,13:54.5,SLA Violated,41:22.6,Within SLA,43:07.5,2,4,Ready to use Software,Tier 1,Poland,52.536273,19.050639
Resolved,1978,Low,Phone,Pricing and licensing,2nd line support,Adolpho Messingham,01-05-2023 14:14,03-05-2023 14:14,01-05-2023 14:16,15:42.2,Within SLA,10:48.7,SLA Violated,,3,,Custom software development,Tier 2,Poland,52.536273,19.050639
Closed,1979,Low,Phone,Purchasing and invoicing,1st line support,Nicola Wane,01-05-2023 21:28,03-05-2023 21:28,01-05-2023 21:30,29:50.0,Within SLA,49:13.7,SLA Violated,51:15.9,1,4,Training and Consulting Services,Tier 1,France,48.864716,2.349014
Closed,1980,Low,Email,Pricing and licensing,2nd line support,Michele Whyatt,01-05-2023 06:56,03-05-2023 06:56,01-05-2023 07:56,10:40.0,Within SLA,53:28.4,Within SLA,19:11.2,8,3,Ready to use Software,Tier 2,Austria,47.6964719,13.3457347
Resolved,1981,Low,Email,Product setup,1st line support,Kristos Westoll,01-05-2023 08:53,03-05-2023 08:53,01-05-2023 09:53,50:19.6,Within SLA,25:44.1,Within SLA,,6,,Custom software development,Tier 1,Italy,43.036776,12.678565
Closed,1982,Low,Phone,Purchasing and invoicing,1st line support,Kristos Westoll,01-05-2023 18:01,03-05-2023 18:01,01-05-2023 18:03,03:40.2,Within SLA,36:28.1,Within SLA,20:09.6,7,4,Ready to use Software,Tier 1,Germany,51.165691,10.451526
In progress,1983,Low,Chat,Product setup,2nd line support,Michele Whyatt,01-05-2023 16:05,02-05-2023 16:05,01-05-2023 16:07,06:25.8,Within SLA,,SLA Violated,,60,,Custom software development,Tier 2,Republic of Ireland,53.094024,-8.019675
In progress,1984,Low,Chat,Feature request,1st line support,Connor Danielovitch,01-05-2023 10:53,02-05-2023 10:53,01-05-2023 10:55,59:27.4,SLA Violated,,SLA Violated,,4,,Custom software development,Tier 1,Czech Republic,49.8037633,15.4749126
Resolved,1985,Medium,Email,Training request,1st line support,Nicola Wane,02-05-2023 10:43,04-05-2023 10:43,02-05-2023 11:43,21:03.0,Within SLA,39:01.7,Within SLA,,9,,Training and Consulting Services,Tier 1,France,48.864716,2.349014
Closed,1986,Low,Email,Pricing and licensing,1st line support,Sheela Cutten,02-05-2023 23:45,04-05-2023 23:45,03-05-2023 00:45,25:13.7,Within SLA,32:27.5,Within SLA,30:13.0,3,4,Training and Consulting Services,Tier 1,Republic of Ireland,53.094024,-8.019675
Closed,1987,Medium,Email,Product setup,2nd line support,Michele Whyatt,02-05-2023 08:46,04-05-2023 08:46,02-05-2023 09:46,11:44.2,Within SLA,31:52.8,SLA Violated,47:00.8,1,5,Custom software development,Tier 2,Czech Republic,49.8037633,15.4749126
Resolved,1988,Low,Chat,Purchasing and invoicing,2nd line support,Heather Urry,02-05-2023 15:29,03-05-2023 15:29,02-05-2023 15:31,31:05.4,Within SLA,10:46.8,Within SLA,,4,,Other,Tier 2,Greece,39.368279,21.863141
In progress,1989,High,Phone,Pricing and licensing,1st line support,Bernard Beckley,02-05-2023 17:56,04-05-2023 17:56,02-05-2023 17:58,58:19.8,Within SLA,,SLA Violated,,2,,Custom software development,Tier 1,United Kingdom,55.378052,-3.435973
Resolved,1990,Low,Email,Purchasing and invoicing,2nd line support,Adolpho Messingham,02-05-2023 04:01,04-05-2023 04:01,02-05-2023 05:01,12:46.1,Within SLA,28:56.1,Within SLA,,7,,Ready to use Software,Tier 2,Poland,52.536273,19.050639
Closed,1991,Low,Chat,Pricing and licensing,1st line support,Nicola Wane,02-05-2023 11:10,03-05-2023 11:10,02-05-2023 11:12,12:22.2,Within SLA,18:08.1,Within SLA,41:46.9,7,3,Custom software development,Tier 1,Bulgaria,42.7249925,25.4833039
Resolved,1992,Medium,Phone,Feature request,1st line support,Connor Danielovitch,02-05-2023 16:16,04-05-2023 16:16,02-05-2023 16:18,18:17.6,Within SLA,29:22.4,SLA Violated,,3,,Custom software development,Tier 1,Bulgaria,42.7249925,25.4833039
Closed,1993,Medium,Phone,Training request,1st line support,Nicola Wane,02-05-2023 16:37,04-05-2023 16:37,02-05-2023 16:39,39:09.6,Within SLA,24:16.8,Within SLA,49:51.5,4,3,Training and Consulting Services,Tier 1,Germany,51.165691,10.451526
Resolved,1994,Low,Chat,Other,1st line support,Nicola Wane,02-05-2023 21:28,03-05-2023 21:28,02-05-2023 21:30,29:54.8,Within SLA,45:44.3,Within SLA,,7,,Ready to use Software,Tier 1,Germany,51.165691,10.451526
Resolved,1995,Medium,Phone,Other,1st line support,Kristos Westoll,03-05-2023 04:53,05-05-2023 04:53,03-05-2023 04:55,53:46.1,Within SLA,13:03.7,Within SLA,,2,,Ready to use Software,Tier 1,United Kingdom,55.378052,-3.435973
Closed,1996,Medium,Phone,Pricing and licensing,1st line support,Bernard Beckley,03-05-2023 16:14,05-05-2023 16:14,03-05-2023 16:16,14:30.8,Within SLA,38:13.9,SLA Violated,07:26.5,1,3,Ready to use Software,Tier 1,Poland,52.536273,19.050639
Resolved,1997,Low,Email,Product setup,2nd line support,Adolpho Messingham,03-05-2023 13:03,05-05-2023 13:03,03-05-2023 14:03,20:50.6,Within SLA,17:17.6,Within SLA,,2,,Custom software development,Tier 2,United Kingdom,55.378052,-3.435973
Closed,1998,Medium,Email,Product setup,2nd line support,Heather Urry,03-05-2023 16:48,05-05-2023 16:48,03-05-2023 17:48,44:25.2,Within SLA,12:10.7,Within SLA,58:19.1,4,3,Other,Tier 2,United Kingdom,55.378052,-3.435973
In progress,1999,Low,Phone,Product setup,2nd line support,Adolpho Messingham,03-05-2023 18:09,05-05-2023 18:09,03-05-2023 18:11,13:46.3,SLA Violated,,SLA Violated,,4,,Custom software development,Tier 2,Slovenia,46.1491664,14.9860106
In progress,2000,Low,Email,Feature request,1st line support,Sheela Cutten,03-05-2023 10:20,05-05-2023 10:20,03-05-2023 11:20,08:44.1,Within SLA,,SLA Violated,,1,,Custom software development,Tier 1,Republic of Ireland,53.094024,-8.019675
Resolved,2001,Medium,Email,Bug report,1st line support,Sheela Cutten,03-05-2023 08:38,05-05-2023 08:38,03-05-2023 09:38,06:43.0,SLA Violated,13:10.5,Within SLA,,1,,Ready to use Software,Tier 1,Bulgaria,42.7249925,25.4833039
In progress,2002,Low,Email,Pricing and licensing,1st line support,Nicola Wane,03-05-2023 06:59,05-05-2023 06:59,03-05-2023 07:59,25:36.7,Within SLA,,SLA Violated,,2,,Custom software development,Tier 1,Italy,43.036776,12.678565
Resolved,2003,High,Chat,Product setup,2nd line support,Adolpho Messingham,03-05-2023 23:36,04-05-2023 23:36,03-05-2023 23:38,37:39.1,Within SLA,33:15.8,Within SLA,,6,,Training and Consulting Services,Tier 2,Spain,39.67337,-4.767726
Resolved,2004,Medium,Email,Product setup,1st line support,Kristos Westoll,03-05-2023 09:38,05-05-2023 09:38,03-05-2023 10:38,06:09.5,Within SLA,42:26.9,Within SLA,,7,,Custom software development,Tier 1,Greece,39.368279,21.863141
Closed,2005,Low,Email,Other,1st line support,Sheela Cutten,03-05-2023 21:34,05-05-2023 21:34,03-05-2023 22:34,54:32.0,Within SLA,04:50.5,Within SLA,44:26.5,2,4,Custom software development,Tier 1,Germany,51.165691,10.451526
Closed,2006,High,Email,Feature request,1st line support,Kristos Westoll,03-05-2023 05:48,05-05-2023 05:48,03-05-2023 06:48,00:32.4,Within SLA,26:56.9,Within SLA,40:36.4,1,5,Ready to use Software,Tier 1,Italy,43.036776,12.678565
Closed,2007,Low,Chat,Product setup,1st line support,Nicola Wane,04-05-2023 19:26,05-05-2023 19:26,04-05-2023 19:28,27:18.2,Within SLA,30:31.8,Within SLA,27:03.4,5,1,Ready to use Software,Tier 1,Republic of Ireland,53.094024,-8.019675
Closed,2008,Medium,Chat,Product setup,2nd line support,Heather Urry,04-05-2023 01:22,05-05-2023 01:22,04-05-2023 01:24,22:37.0,Within SLA,18:42.6,SLA Violated,15:04.6,7,5,Other,Tier 2,France,48.864716,2.349014
In progress,2010,Medium,Email,Product setup,1st line support,Kristos Westoll,04-05-2023 11:42,06-05-2023 11:42,04-05-2023 12:42,55:02.4,SLA Violated,,SLA Violated,,3,,Custom software development,Tier 1,France,48.864716,2.349014
Closed,2011,Medium,Chat,Pricing and licensing,1st line support,Kristos Westoll,05-05-2023 14:09,06-05-2023 14:09,05-05-2023 14:11,12:30.7,SLA Violated,28:08.3,Within SLA,49:05.7,9,4,Ready to use Software,Tier 1,Slovenia,46.1491664,14.9860106
Closed,2012,Low,Chat,Bug report,1st line support,Nicola Wane,05-05-2023 23:50,06-05-2023 23:50,05-05-2023 23:52,50:35.6,Within SLA,49:23.2,Within SLA,20:38.9,9,5,Custom software development,Tier 1,Austria,47.6964719,13.3457347
Closed,2014,High,Email,Other,1st line support,Kristos Westoll,05-05-2023 10:41,07-05-2023 10:41,05-05-2023 11:41,42:30.2,Within SLA,28:10.0,Within SLA,07:17.9,5,2,Training and Consulting Services,Tier 1,Republic of Ireland,53.094024,-8.019675
Closed,2015,Low,Email,Feature request,1st line support,Connor Danielovitch,05-05-2023 03:03,07-05-2023 03:03,05-05-2023 04:03,22:22.4,Within SLA,38:40.4,Within SLA,17:16.6,5,5,Ready to use Software,Tier 1,Italy,43.036776,12.678565
In progress,2016,Medium,Email,Purchasing and invoicing,1st line support,Nicola Wane,05-05-2023 16:30,07-05-2023 16:30,05-05-2023 17:30,52:26.2,Within SLA,,SLA Violated,,1,,Ready to use Software,Tier 1,Spain,39.67337,-4.767726
Closed,2017,Low,Email,Product setup,2nd line support,Adolpho Messingham,05-05-2023 01:32,07-05-2023 01:32,05-05-2023 02:32,07:44.8,Within SLA,50:44.6,Within SLA,56:52.4,1,3,Ready to use Software,Tier 2,Czech Republic,49.8037633,15.4749126
Closed,2018,Low,Chat,Feature request,1st line support,Connor Danielovitch,05-05-2023 15:10,06-05-2023 15:10,05-05-2023 15:12,10:20.3,Within SLA,33:43.8,Within SLA,11:03.3,5,5,Ready to use Software,Tier 1,Republic of Ireland,53.094024,-8.019675
Resolved,2019,Low,Chat,Bug report,1st line support,Kristos Westoll,05-05-2023 05:54,06-05-2023 05:54,05-05-2023 05:56,55:04.6,Within SLA,51:42.6,Within SLA,,5,,Ready to use Software,Tier 1,Austria,47.6964719,13.3457347
Closed,2020,High,Email,Feature request,1st line support,Kristos Westoll,05-05-2023 09:06,07-05-2023 09:06,05-05-2023 10:06,48:53.8,Within SLA,45:31.9,Within SLA,38:05.5,6,4,Custom software development,Tier 1,United Kingdom,55.378052,-3.435973
In progress,2021,High,Chat,Feature request,1st line support,Connor Danielovitch,05-05-2023 15:16,06-05-2023 15:16,05-05-2023 15:18,17:50.0,Within SLA,,SLA Violated,,4,,Ready to use Software,Tier 1,Slovenia,46.1491664,14.9860106
Closed,2022,Low,Email,Training request,1st line support,Connor Danielovitch,05-05-2023 06:02,07-05-2023 06:02,05-05-2023 07:02,50:01.1,Within SLA,19:59.4,Within SLA,45:15.9,2,5,Training and Consulting Services,Tier 1,Italy,43.036776,12.678565
Closed,2023,Low,Email,Product setup,1st line support,Kristos Westoll,05-05-2023 07:13,07-05-2023 07:13,05-05-2023 08:13,48:57.6,SLA Violated,26:46.5,SLA Violated,00:44.6,1,5,Custom software development,Tier 1,Poland,52.536273,19.050639
Closed,2028,Low,Email,Pricing and licensing,1st line support,Sheela Cutten,06-05-2023 23:05,08-05-2023 23:05,07-05-2023 00:05,05:45.1,Within SLA,23:19.7,SLA Violated,58:08.1,5,2,Custom software development,Tier 1,Czech Republic,49.8037633,15.4749126
Resolved,2029,Medium,Email,Pricing and licensing,1st line support,Bernard Beckley,06-05-2023 08:37,08-05-2023 08:37,06-05-2023 09:37,57:00.5,SLA Violated,03:24.3,Within SLA,,1,,Other,Tier 1,Italy,43.036776,12.678565
Closed,2030,Low,Email,Pricing and licensing,1st line support,Kristos Westoll,06-05-2023 21:39,08-05-2023 21:39,06-05-2023 22:39,52:02.5,Within SLA,57:35.3,Within SLA,55:44.0,5,1,Custom software development,Tier 1,France,48.864716,2.349014
In progress,2031,Low,Chat,Bug report,1st line support,Connor Danielovitch,07-05-2023 20:26,08-05-2023 20:26,07-05-2023 20:28,26:27.2,Within SLA,,SLA Violated,,6,,Custom software development,Tier 1,United Kingdom,55.378052,-3.435973
Resolved,2032,Low,Chat,Purchasing and invoicing,1st line support,Sheela Cutten,07-05-2023 08:37,08-05-2023 08:37,07-05-2023 08:39,39:15.2,SLA Violated,45:53.6,Within SLA,,6,,Training and Consulting Services,Tier 1,Czech Republic,49.8037633,15.4749126
Closed,2034,Low,Email,Purchasing and invoicing,1st line support,Sheela Cutten,07-05-2023 02:10,09-05-2023 02:10,07-05-2023 03:10,16:33.7,Within SLA,05:41.2,Within SLA,56:39.8,1,4,Other,Tier 1,United Kingdom,55.378052,-3.435973
Closed,2035,Low,Email,Product setup,1st line support,Bernard Beckley,07-05-2023 05:31,09-05-2023 05:31,07-05-2023 06:31,21:14.6,Within SLA,18:46.0,Within SLA,11:35.1,9,3,Training and Consulting Services,Tier 1,Czech Republic,49.8037633,15.4749126
Closed,2036,Medium,Email,Product setup,1st line support,Bernard Beckley,08-05-2023 13:48,10-05-2023 13:48,08-05-2023 14:48,57:58.4,Within SLA,33:52.2,Within SLA,39:58.3,10,1,Ready to use Software,Tier 1,Czech Republic,49.8037633,15.4749126
Closed,2039,Low,Email,Purchasing and invoicing,1st line support,Connor Danielovitch,08-05-2023 17:48,10-05-2023 17:48,08-05-2023 18:48,59:51.3,Within SLA,48:44.0,Within SLA,42:36.2,5,4,Ready to use Software,Tier 1,Poland,52.536273,19.050639
Resolved,2040,Low,Email,Pricing and licensing,1st line support,Bernard Beckley,08-05-2023 01:35,10-05-2023 01:35,08-05-2023 02:35,05:51.3,Within SLA,17:11.5,Within SLA,,5,,Training and Consulting Services,Tier 1,United Kingdom,55.378052,-3.435973
Resolved,2041,Low,Email,Bug report,1st line support,Bernard Beckley,08-05-2023 11:40,10-05-2023 11:40,08-05-2023 12:40,03:56.7,Within SLA,05:57.4,Within SLA,,1,,Ready to use Software,Tier 1,Poland,52.536273,19.050639
In progress,2042,Low,Email,Other,1st line support,Connor Danielovitch,08-05-2023 20:38,10-05-2023 20:38,08-05-2023 21:38,00:54.8,Within SLA,,SLA Violated,,5,,Training and Consulting Services,Tier 1,Czech Republic,49.8037633,15.4749126
In progress,2044,High,Chat,Product setup,1st line support,Nicola Wane,09-05-2023 04:50,10-05-2023 04:50,09-05-2023 04:52,52:14.0,Within SLA,,SLA Violated,,8,,Ready to use Software,Tier 1,Italy,43.036776,12.678565
Closed,2045,Low,Chat,Product setup,1st line support,Connor Danielovitch,09-05-2023 12:52,10-05-2023 12:52,09-05-2023 12:54,53:08.9,Within SLA,16:19.2,Within SLA,00:54.4,6,4,Custom software development,Tier 1,Italy,43.036776,12.678565
Resolved,2046,Low,Email,Other,1st line support,Kristos Westoll,09-05-2023 05:51,11-05-2023 05:51,09-05-2023 06:51,11:37.1,Within SLA,49:35.6,Within SLA,,1,,Ready to use Software,Tier 1,Italy,43.036776,12.678565
In progress,2048,Medium,Email,Product setup,1st line support,Nicola Wane,09-05-2023 11:18,11-05-2023 11:18,09-05-2023 12:18,24:30.6,Within SLA,,SLA Violated,,10,,Training and Consulting Services,Tier 1,Bulgaria,42.7249925,25.4833039
In progress,2049,Low,Email,Product setup,1st line support,Bernard Beckley,09-05-2023 14:34,11-05-2023 14:34,09-05-2023 15:34,38:01.4,Within SLA,,SLA Violated,,1,,Ready to use Software,Tier 1,Poland,52.536273,19.050639
Resolved,2050,Low,Chat,Pricing and licensing,2nd line support,Michele Whyatt,09-05-2023 17:18,10-05-2023 17:18,09-05-2023 17:20,19:21.1,Within SLA,22:10.8,Within SLA,,9,,Training and Consulting Services,Tier 2,Poland,52.536273,19.050639
Closed,2051,Low,Chat,Product setup,1st line support,Bernard Beckley,09-05-2023 10:37,10-05-2023 10:37,09-05-2023 10:39,40:58.0,SLA Violated,01:14.5,SLA Violated,21:45.9,6,3,Training and Consulting Services,Tier 1,Slovenia,46.1491664,14.9860106
Closed,2052,Low,Email,Other,1st line support,Connor Danielovitch,09-05-2023 04:26,11-05-2023 04:26,09-05-2023 05:26,03:44.7,SLA Violated,57:57.3,Within SLA,12:08.0,6,4,Ready to use Software,Tier 1,Italy,43.036776,12.678565
Closed,2053,High,Chat,Pricing and licensing,2nd line support,Adolpho Messingham,10-05-2023 08:52,11-05-2023 08:52,10-05-2023 08:54,57:06.5,SLA Violated,04:29.0,Within SLA,15:13.1,4,5,Training and Consulting Services,Tier 2,Greece,39.368279,21.863141
In progress,2054,Medium,Email,Feature request,1st line support,Bernard Beckley,10-05-2023 05:10,12-05-2023 05:10,10-05-2023 06:10,25:19.6,Within SLA,,SLA Violated,,6,,Custom software development,Tier 1,Greece,39.368279,21.863141
In progress,2055,Medium,Email,Pricing and licensing,1st line support,Sheela Cutten,10-05-2023 11:21,12-05-2023 11:21,10-05-2023 12:21,02:50.1,Within SLA,,SLA Violated,,9,,Custom software development,Tier 1,Czech Republic,49.8037633,15.4749126
Resolved,2056,Medium,Chat,Product setup,1st line support,Bernard Beckley,10-05-2023 07:53,11-05-2023 07:53,10-05-2023 07:55,55:32.4,Within SLA,42:29.6,Within SLA,,4,,Other,Tier 1,Austria,47.6964719,13.3457347
In progress,2057,Medium,Chat,Pricing and licensing,2nd line support,Michele Whyatt,10-05-2023 07:28,11-05-2023 07:28,10-05-2023 07:30,29:55.7,Within SLA,,SLA Violated,,6,,Ready to use Software,Tier 2,Czech Republic,49.8037633,15.4749126
Closed,2058,Medium,Chat,Product setup,1st line support,Connor Danielovitch,11-05-2023 17:27,12-05-2023 17:27,11-05-2023 17:29,28:18.4,Within SLA,14:33.9,SLA Violated,39:28.8,9,3,Ready to use Software,Tier 1,Austria,47.6964719,13.3457347
Closed,2059,High,Email,Pricing and licensing,1st line support,Sheela Cutten,11-05-2023 09:22,13-05-2023 09:22,11-05-2023 10:22,23:09.6,Within SLA,00:12.0,Within SLA,40:49.4,9,4,Ready to use Software,Tier 1,Bulgaria,42.7249925,25.4833039
Resolved,2060,Medium,Email,Other,1st line support,Kristos Westoll,11-05-2023 12:59,13-05-2023 12:59,11-05-2023 13:59,19:08.8,Within SLA,02:25.8,Within SLA,,3,,Custom software development,Tier 1,France,48.864716,2.349014
Resolved,2061,Low,Email,Product setup,2nd line support,Heather Urry,11-05-2023 08:25,13-05-2023 08:25,11-05-2023 09:25,10:28.4,Within SLA,30:53.5,Within SLA,,9,,Custom software development,Tier 2,Austria,47.6964719,13.3457347
Resolved,2062,Low,Email,Purchasing and invoicing,1st line support,Nicola Wane,11-05-2023 20:43,13-05-2023 20:43,11-05-2023 21:43,19:15.5,Within SLA,58:43.9,Within SLA,,2,,Training and Consulting Services,Tier 1,France,48.864716,2.349014
In progress,2063,Medium,Phone,Product setup,1st line support,Connor Danielovitch,11-05-2023 23:30,13-05-2023 23:30,11-05-2023 23:32,31:08.0,Within SLA,,SLA Violated,,3,,Ready to use Software,Tier 1,Poland,52.536273,19.050639
In progress,2064,Low,Email,Pricing and licensing,1st line support,Bernard Beckley,12-05-2023 14:34,14-05-2023 14:34,12-05-2023 15:34,51:45.0,Within SLA,,SLA Violated,,3,,Custom software development,Tier 1,Republic of Ireland,53.094024,-8.019675
Resolved,2065,Low,Phone,Training request,1st line support,Bernard Beckley,12-05-2023 07:03,14-05-2023 07:03,12-05-2023 07:05,07:10.9,SLA Violated,31:39.9,SLA Violated,,1,,Training and Consulting Services,Tier 1,Spain,39.67337,-4.767726
In progress,2066,Medium,Chat,Pricing and licensing,1st line support,Nicola Wane,12-05-2023 18:22,13-05-2023 18:22,12-05-2023 18:24,24:05.9,Within SLA,,SLA Violated,,60,,Other,Tier 1,France,48.864716,2.349014
Resolved,2067,Low,Phone,Purchasing and invoicing,1st line support,Connor Danielovitch,12-05-2023 14:15,14-05-2023 14:15,12-05-2023 14:17,15:36.6,Within SLA,04:49.2,Within SLA,,2,,Training and Consulting Services,Tier 1,United Kingdom,55.378052,-3.435973
Closed,2068,Low,Phone,Feature request,1st line support,Nicola Wane,12-05-2023 07:15,14-05-2023 07:15,12-05-2023 07:17,16:02.2,Within SLA,32:57.2,Within SLA,43:19.3,6,3,Ready to use Software,Tier 1,Austria,47.6964719,13.3457347
Resolved,2069,Low,Email,Feature request,1st line support,Sheela Cutten,12-05-2023 03:53,14-05-2023 03:53,12-05-2023 04:53,28:29.8,Within SLA,40:55.5,Within SLA,,3,,Custom software development,Tier 1,France,48.864716,2.349014
Closed,2070,Low,Email,Purchasing and invoicing,1st line support,Connor Danielovitch,12-05-2023 06:59,14-05-2023 06:59,12-05-2023 07:59,12:03.3,Within SLA,25:54.9,Within SLA,28:36.1,1,3,Training and Consulting Services,Tier 1,Greece,39.368279,21.863141
Closed,2071,Medium,Email,Feature request,1st line support,Bernard Beckley,12-05-2023 14:29,14-05-2023 14:29,12-05-2023 15:29,28:57.3,Within SLA,22:36.0,Within SLA,07:59.0,5,2,Other,Tier 1,Germany,51.165691,10.451526
Closed,2072,High,Email,Other,2nd line support,Adolpho Messingham,12-05-2023 04:35,14-05-2023 04:35,12-05-2023 05:35,43:55.1,SLA Violated,16:55.7,Within SLA,50:49.1,2,5,Ready to use Software,Tier 2,Slovenia,46.1491664,14.9860106
Closed,2073,Medium,Phone,Pricing and licensing,1st line support,Sheela Cutten,12-05-2023 11:55,14-05-2023 11:55,12-05-2023 11:57,56:57.2,Within SLA,14:04.0,Within SLA,57:22.6,6,5,Ready to use Software,Tier 1,Italy,43.036776,12.678565
Closed,2074,Low,Chat,Product setup,1st line support,Bernard Beckley,12-05-2023 19:05,13-05-2023 19:05,12-05-2023 19:07,06:05.9,Within SLA,26:29.3,Within SLA,22:44.9,6,5,Custom software development,Tier 1,Poland,52.536273,19.050639
Resolved,2075,Low,Phone,Feature request,1st line support,Sheela Cutten,12-05-2023 06:29,14-05-2023 06:29,12-05-2023 06:31,32:04.6,SLA Violated,20:42.9,Within SLA,,2,,Other,Tier 1,Republic of Ireland,53.094024,-8.019675
Resolved,2076,Medium,Phone,Feature request,2nd line support,Heather Urry,12-05-2023 15:03,14-05-2023 15:03,12-05-2023 15:05,05:02.1,Within SLA,14:54.8,Within SLA,,4,,Ready to use Software,Tier 2,Germany,51.165691,10.451526
In progress,2077,Low,Phone,Other,1st line support,Nicola Wane,12-05-2023 20:05,14-05-2023 20:05,12-05-2023 20:07,05:59.1,Within SLA,,SLA Violated,,1,,Custom software development,Tier 1,Austria,47.6964719,13.3457347
Resolved,2078,Low,Chat,Feature request,1st line support,Kristos Westoll,13-05-2023 02:46,14-05-2023 02:46,13-05-2023 02:48,48:24.1,Within SLA,28:03.9,Within SLA,,6,,Custom software development,Tier 1,Italy,43.036776,12.678565
Closed,2079,Medium,Email,Pricing and licensing,2nd line support,Heather Urry,13-05-2023 08:43,15-05-2023 08:43,13-05-2023 09:43,24:36.0,Within SLA,08:00.4,Within SLA,40:24.6,6,2,Custom software development,Tier 2,Republic of Ireland,53.094024,-8.019675
Closed,2080,Medium,Email,Purchasing and invoicing,1st line support,Bernard Beckley,13-05-2023 05:51,15-05-2023 05:51,13-05-2023 06:51,37:53.2,Within SLA,27:24.8,Within SLA,37:24.2,8,1,Other,Tier 1,France,48.864716,2.349014
Closed,2081,Medium,Phone,Other,1st line support,Connor Danielovitch,13-05-2023 05:21,15-05-2023 05:21,13-05-2023 05:23,22:36.5,Within SLA,11:29.4,Within SLA,58:41.1,1,4,Ready to use Software,Tier 1,Bulgaria,42.7249925,25.4833039
Resolved,2082,High,Email,Pricing and licensing,1st line support,Nicola Wane,13-05-2023 19:26,15-05-2023 19:26,13-05-2023 20:26,02:44.0,Within SLA,20:57.0,Within SLA,,5,,Ready to use Software,Tier 1,Germany,51.165691,10.451526
Closed,2098,Low,Chat,Product setup,1st line support,Nicola Wane,14-05-2023 07:00,15-05-2023 07:00,14-05-2023 07:02,05:25.2,SLA Violated,24:32.6,Within SLA,36:53.9,4,3,Ready to use Software,Tier 1,France,48.864716,2.349014
Closed,2099,Low,Chat,Product setup,2nd line support,Adolpho Messingham,14-05-2023 20:14,15-05-2023 20:14,14-05-2023 20:16,15:57.3,Within SLA,28:57.8,Within SLA,09:47.0,6,4,Custom software development,Tier 2,Austria,47.6964719,13.3457347
Closed,2100,Medium,Chat,Product setup,1st line support,Connor Danielovitch,14-05-2023 10:45,15-05-2023 10:45,14-05-2023 10:47,46:34.4,Within SLA,29:27.5,Within SLA,59:08.4,4,4,Other,Tier 1,Germany,51.165691,10.451526
In progress,2101,High,Phone,Purchasing and invoicing,2nd line support,Heather Urry,14-05-2023 08:14,16-05-2023 08:14,14-05-2023 08:16,14:46.8,Within SLA,,SLA Violated,,3,,Ready to use Software,Tier 2,France,48.864716,2.349014
In progress,2102,High,Phone,Product setup,2nd line support,Adolpho Messingham,15-05-2023 01:57,17-05-2023 01:57,15-05-2023 01:59,01:46.1,SLA Violated,,SLA Violated,,1,,Ready to use Software,Tier 2,Germany,51.165691,10.451526
Resolved,2103,Medium,Chat,Feature request,1st line support,Kristos Westoll,15-05-2023 03:43,16-05-2023 03:43,15-05-2023 03:45,44:45.5,Within SLA,37:49.0,Within SLA,,3,,Custom software development,Tier 1,Poland,52.536273,19.050639
Closed,2104,Low,Email,Purchasing and invoicing,1st line support,Connor Danielovitch,15-05-2023 12:26,17-05-2023 12:26,15-05-2023 13:26,23:58.0,Within SLA,21:21.9,Within SLA,05:17.1,2,5,Training and Consulting Services,Tier 1,Bulgaria,42.7249925,25.4833039
Resolved,2105,Medium,Chat,Product setup,1st line support,Nicola Wane,15-05-2023 16:01,16-05-2023 16:01,15-05-2023 16:03,02:19.7,Within SLA,45:17.1,Within SLA,,5,,Training and Consulting Services,Tier 1,United Kingdom,55.378052,-3.435973
Resolved,2106,Low,Email,Pricing and licensing,1st line support,Bernard Beckley,15-05-2023 23:05,17-05-2023 23:05,16-05-2023 00:05,10:32.2,Within SLA,53:53.3,SLA Violated,,2,,Ready to use Software,Tier 1,Austria,47.6964719,13.3457347
Closed,2107,Medium,Email,Product setup,1st line support,Bernard Beckley,15-05-2023 19:19,17-05-2023 19:19,15-05-2023 20:19,38:15.8,Within SLA,45:59.0,SLA Violated,05:18.9,2,4,Ready to use Software,Tier 1,Greece,39.368279,21.863141
Closed,2108,High,Chat,Feature request,1st line support,Connor Danielovitch,15-05-2023 15:39,16-05-2023 15:39,15-05-2023 15:41,40:37.7,Within SLA,03:49.0,Within SLA,56:33.0,9,4,Ready to use Software,Tier 1,Austria,47.6964719,13.3457347
Resolved,2109,Medium,Chat,Purchasing and invoicing,1st line support,Nicola Wane,15-05-2023 16:04,16-05-2023 16:04,15-05-2023 16:06,05:08.6,Within SLA,20:20.3,Within SLA,,4,,Ready to use Software,Tier 1,Bulgaria,42.7249925,25.4833039
In progress,2110,Low,Email,Feature request,1st line support,Sheela Cutten,16-05-2023 18:30,18-05-2023 18:30,16-05-2023 19:30,24:04.1,Within SLA,,SLA Violated,,1,,Custom software development,Tier 1,Italy,43.036776,12.678565
Resolved,2111,Low,Email,Pricing and licensing,1st line support,Bernard Beckley,16-05-2023 10:50,18-05-2023 10:50,16-05-2023 11:50,21:54.2,Within SLA,13:44.9,Within SLA,,8,,Ready to use Software,Tier 1,Greece,39.368279,21.863141
Closed,2112,Low,Chat,Product setup,1st line support,Sheela Cutten,16-05-2023 07:04,17-05-2023 07:04,16-05-2023 07:06,05:52.1,Within SLA,28:03.7,Within SLA,12:07.0,5,4,Custom software development,Tier 1,Germany,51.165691,10.451526
Closed,2113,Low,Chat,Product setup,1st line support,Sheela Cutten,16-05-2023 19:50,17-05-2023 19:50,16-05-2023 19:52,52:12.8,Within SLA,41:44.5,Within SLA,08:04.5,6,4,Other,Tier 1,Italy,43.036776,12.678565
Closed,2114,Low,Chat,Pricing and licensing,2nd line support,Adolpho Messingham,16-05-2023 05:34,17-05-2023 05:34,16-05-2023 05:36,35:43.4,Within SLA,32:28.7,SLA Violated,59:02.1,4,3,Custom software development,Tier 2,Austria,47.6964719,13.3457347
Closed,2115,Low,Chat,Product setup,1st line support,Connor Danielovitch,16-05-2023 20:33,17-05-2023 20:33,16-05-2023 20:35,34:38.3,Within SLA,39:01.0,Within SLA,40:34.7,6,4,Ready to use Software,Tier 1,Bulgaria,42.7249925,25.4833039
Closed,2117,Medium,Chat,Product setup,2nd line support,Michele Whyatt,16-05-2023 00:32,17-05-2023 00:32,16-05-2023 00:34,35:09.6,SLA Violated,56:44.5,Within SLA,41:34.5,6,3,Custom software development,Tier 2,Italy,43.036776,12.678565
Closed,2118,Medium,Chat,Feature request,1st line support,Nicola Wane,16-05-2023 20:59,17-05-2023 20:59,16-05-2023 21:01,00:20.0,Within SLA,42:31.2,Within SLA,57:54.6,5,1,Custom software development,Tier 1,Germany,51.165691,10.451526
Closed,2120,Low,Chat,Bug report,1st line support,Bernard Beckley,17-05-2023 04:10,18-05-2023 04:10,17-05-2023 04:12,15:02.1,SLA Violated,01:22.6,Within SLA,29:27.1,6,3,Ready to use Software,Tier 1,Italy,43.036776,12.678565
In progress,2121,Low,Phone,Purchasing and invoicing,2nd line support,Heather Urry,17-05-2023 20:17,19-05-2023 20:17,17-05-2023 20:19,19:28.7,Within SLA,,SLA Violated,,3,,Training and Consulting Services,Tier 2,France,48.864716,2.349014
In progress,2122,Medium,Email,Product setup,1st line support,Nicola Wane,17-05-2023 01:38,19-05-2023 01:38,17-05-2023 02:38,33:38.5,Within SLA,,SLA Violated,,1,,Training and Consulting Services,Tier 1,Germany,51.165691,10.451526
Resolved,2123,High,Chat,Bug report,2nd line support,Adolpho Messingham,17-05-2023 06:42,18-05-2023 06:42,17-05-2023 06:44,43:19.4,Within SLA,34:55.5,Within SLA,,8,,Ready to use Software,Tier 2,Austria,47.6964719,13.3457347
Closed,2124,High,Chat,Bug report,1st line support,Nicola Wane,17-05-2023 11:46,18-05-2023 11:46,17-05-2023 11:48,47:00.5,Within SLA,28:01.2,Within SLA,41:57.2,4,3,Ready to use Software,Tier 1,Germany,51.165691,10.451526
Closed,2125,Low,Email,Product setup,1st line support,Bernard Beckley,17-05-2023 03:05,19-05-2023 03:05,17-05-2023 04:05,07:55.4,SLA Violated,58:51.0,Within SLA,07:27.8,7,3,Custom software development,Tier 1,United Kingdom,55.378052,-3.435973
In progress,2126,Medium,Email,Bug report,2nd line support,Michele Whyatt,17-05-2023 02:54,19-05-2023 02:54,17-05-2023 03:54,40:38.7,Within SLA,,SLA Violated,,7,,Training and Consulting Services,Tier 2,Poland,52.536273,19.050639
In progress,2127,Medium,Chat,Purchasing and invoicing,1st line support,Nicola Wane,17-05-2023 22:19,18-05-2023 22:19,17-05-2023 22:21,20:08.7,Within SLA,,SLA Violated,,4,,Ready to use Software,Tier 1,France,48.864716,2.349014
Closed,2128,Low,Email,Other,1st line support,Kristos Westoll,17-05-2023 01:39,19-05-2023 01:39,17-05-2023 02:39,15:01.0,Within SLA,59:55.3,Within SLA,58:54.2,7,5,Ready to use Software,Tier 1,Bulgaria,42.7249925,25.4833039
Closed,2129,Medium,Email,Pricing and licensing,1st line support,Sheela Cutten,17-05-2023 13:35,19-05-2023 13:35,17-05-2023 14:35,33:24.9,Within SLA,10:58.7,Within SLA,33:49.6,9,5,Ready to use Software,Tier 1,Spain,39.67337,-4.767726
Resolved,2130,Low,Email,Product setup,2nd line support,Michele Whyatt,17-05-2023 08:56,19-05-2023 08:56,17-05-2023 09:56,19:21.7,Within SLA,39:36.1,Within SLA,,2,,Other,Tier 2,Greece,39.368279,21.863141
Closed,2131,Low,Email,Feature request,2nd line support,Michele Whyatt,17-05-2023 18:09,19-05-2023 18:09,17-05-2023 19:09,21:38.4,Within SLA,51:49.9,Within SLA,34:33.4,1,4,Ready to use Software,Tier 2,Italy,43.036776,12.678565
Closed,2132,Low,Chat,Product setup,1st line support,Connor Danielovitch,17-05-2023 20:47,18-05-2023 20:47,17-05-2023 20:49,48:07.8,Within SLA,36:24.4,Within SLA,13:05.0,4,3,Other,Tier 1,Bulgaria,42.7249925,25.4833039
Closed,2133,Low,Email,Pricing and licensing,2nd line support,Adolpho Messingham,18-05-2023 04:35,20-05-2023 04:35,18-05-2023 05:35,43:06.8,Within SLA,33:32.4,Within SLA,53:00.6,5,5,Training and Consulting Services,Tier 2,France,48.864716,2.349014
In progress,2134,Low,Chat,Bug report,1st line support,Connor Danielovitch,18-05-2023 02:59,19-05-2023 02:59,18-05-2023 03:01,00:05.5,Within SLA,,SLA Violated,,4,,Ready to use Software,Tier 1,Poland,52.536273,19.050639
Resolved,2135,Low,Phone,Feature request,1st line support,Kristos Westoll,18-05-2023 05:54,20-05-2023 05:54,18-05-2023 05:56,19:49.4,Within SLA,55:35.1,SLA Violated,,1,,Ready to use Software,Tier 1,Austria,47.6964719,13.3457347
Closed,2136,Low,Chat,Product setup,2nd line support,Heather Urry,18-05-2023 14:04,19-05-2023 14:04,18-05-2023 14:06,05:26.7,Within SLA,01:01.4,Within SLA,21:10.9,4,2,Ready to use Software,Tier 2,France,48.864716,2.349014
Resolved,2137,High,Email,Product setup,1st line support,Connor Danielovitch,18-05-2023 06:09,20-05-2023 06:09,18-05-2023 07:09,37:49.3,Within SLA,26:29.8,Within SLA,,2,,Other,Tier 1,Bulgaria,42.7249925,25.4833039
Resolved,2138,Low,Chat,Other,1st line support,Sheela Cutten,18-05-2023 01:02,19-05-2023 01:02,18-05-2023 01:04,05:48.3,SLA Violated,21:08.1,Within SLA,,6,,Training and Consulting Services,Tier 1,Republic of Ireland,53.094024,-8.019675
Resolved,2139,Medium,Email,Purchasing and invoicing,1st line support,Bernard Beckley,18-05-2023 00:56,20-05-2023 00:56,18-05-2023 01:56,57:18.0,Within SLA,58:12.6,Within SLA,,1,,Ready to use Software,Tier 1,France,48.864716,2.349014
Closed,2140,High,Chat,Feature request,2nd line support,Michele Whyatt,19-05-2023 09:18,20-05-2023 09:18,19-05-2023 09:20,19:28.0,Within SLA,22:54.2,Within SLA,59:57.5,4,2,Ready to use Software,Tier 2,Italy,43.036776,12.678565
Closed,2141,Low,Chat,Feature request,2nd line support,Adolpho Messingham,19-05-2023 09:21,20-05-2023 09:21,19-05-2023 09:23,21:48.5,Within SLA,06:51.9,Within SLA,23:30.4,6,2,Ready to use Software,Tier 2,France,48.864716,2.349014
Resolved,2142,Medium,Email,Pricing and licensing,1st line support,Connor Danielovitch,19-05-2023 20:11,21-05-2023 20:11,19-05-2023 21:11,32:06.2,Within SLA,08:23.6,Within SLA,,3,,Custom software development,Tier 1,Spain,39.67337,-4.767726
Closed,2143,Medium,Email,Bug report,1st line support,Sheela Cutten,19-05-2023 18:13,21-05-2023 18:13,19-05-2023 19:13,04:58.6,Within SLA,22:52.2,Within SLA,14:10.8,5,2,Ready to use Software,Tier 1,United Kingdom,55.378052,-3.435973
Closed,2144,Low,Email,Feature request,1st line support,Connor Danielovitch,19-05-2023 22:25,21-05-2023 22:25,19-05-2023 23:25,02:38.5,SLA Violated,35:07.9,Within SLA,30:16.1,1,5,Ready to use Software,Tier 1,Germany,51.165691,10.451526
Resolved,2145,Medium,Chat,Product setup,2nd line support,Michele Whyatt,19-05-2023 22:52,20-05-2023 22:52,19-05-2023 22:54,52:38.8,Within SLA,27:12.9,Within SLA,,3,,Ready to use Software,Tier 2,Italy,43.036776,12.678565
In progress,2146,Low,Email,Feature request,1st line support,Sheela Cutten,19-05-2023 10:51,21-05-2023 10:51,19-05-2023 11:51,07:05.0,Within SLA,,SLA Violated,,1,,Custom software development,Tier 1,United Kingdom,55.378052,-3.435973
Resolved,2147,High,Email,Feature request,1st line support,Sheela Cutten,20-05-2023 00:38,22-05-2023 00:38,20-05-2023 01:38,39:13.5,Within SLA,59:32.1,Within SLA,,6,,Other,Tier 1,Germany,51.165691,10.451526
Resolved,2151,Low,Email,Feature request,1st line support,Nicola Wane,20-05-2023 14:53,22-05-2023 14:53,20-05-2023 15:53,45:13.3,Within SLA,02:24.8,Within SLA,,6,,Ready to use Software,Tier 1,Greece,39.368279,21.863141
In progress,2152,Low,Chat,Product setup,1st line support,Connor Danielovitch,20-05-2023 04:03,21-05-2023 04:03,20-05-2023 04:05,05:33.2,SLA Violated,,SLA Violated,,3,,Ready to use Software,Tier 1,Spain,39.67337,-4.767726
Resolved,2153,Low,Phone,Purchasing and invoicing,1st line support,Connor Danielovitch,20-05-2023 15:44,22-05-2023 15:44,20-05-2023 15:46,45:10.5,Within SLA,59:17.2,Within SLA,,6,,Ready to use Software,Tier 1,Greece,39.368279,21.863141
In progress,2154,Medium,Email,Product setup,1st line support,Sheela Cutten,21-05-2023 10:36,23-05-2023 10:36,21-05-2023 11:36,15:04.1,Within SLA,,SLA Violated,,1,,Custom software development,Tier 1,Austria,47.6964719,13.3457347
Closed,2155,High,Email,Other,1st line support,Bernard Beckley,21-05-2023 07:27,23-05-2023 07:27,21-05-2023 08:27,13:51.9,Within SLA,09:51.2,Within SLA,44:52.6,6,2,Training and Consulting Services,Tier 1,Republic of Ireland,53.094024,-8.019675
Resolved,2156,Medium,Phone,Product setup,1st line support,Bernard Beckley,21-05-2023 20:41,23-05-2023 20:41,21-05-2023 20:43,41:58.8,Within SLA,34:37.9,Within SLA,,2,,Custom software development,Tier 1,France,48.864716,2.349014
Closed,2161,Medium,Phone,Product setup,2nd line support,Heather Urry,22-05-2023 16:48,24-05-2023 16:48,22-05-2023 16:50,52:45.0,SLA Violated,47:42.2,Within SLA,34:10.7,6,3,Other,Tier 2,Republic of Ireland,53.094024,-8.019675
Resolved,2162,Medium,Email,Bug report,1st line support,Nicola Wane,22-05-2023 05:23,24-05-2023 05:23,22-05-2023 06:23,46:22.2,Within SLA,27:42.8,Within SLA,,1,,Ready to use Software,Tier 1,Poland,52.536273,19.050639
Resolved,2163,Medium,Email,Product setup,1st line support,Sheela Cutten,22-05-2023 18:39,24-05-2023 18:39,22-05-2023 19:39,16:38.5,Within SLA,56:24.1,Within SLA,,9,,Training and Consulting Services,Tier 1,United Kingdom,55.378052,-3.435973
Resolved,2164,High,Email,Bug report,1st line support,Kristos Westoll,22-05-2023 21:17,24-05-2023 21:17,22-05-2023 22:17,22:05.3,Within SLA,17:12.3,Within SLA,,1,,Custom software development,Tier 1,Poland,52.536273,19.050639
Closed,2165,Low,Phone,Pricing and licensing,2nd line support,Heather Urry,22-05-2023 11:49,24-05-2023 11:49,22-05-2023 11:51,50:03.4,Within SLA,54:06.2,Within SLA,17:35.7,1,3,Ready to use Software,Tier 2,Greece,39.368279,21.863141
Resolved,2166,Medium,Phone,Bug report,2nd line support,Heather Urry,22-05-2023 18:21,24-05-2023 18:21,22-05-2023 18:23,22:00.2,Within SLA,44:48.2,Within SLA,,3,,Training and Consulting Services,Tier 2,Austria,47.6964719,13.3457347
In progress,2167,Low,Chat,Pricing and licensing,1st line support,Sheela Cutten,22-05-2023 03:46,23-05-2023 03:46,22-05-2023 03:48,47:42.1,Within SLA,,SLA Violated,,6,,Ready to use Software,Tier 1,France,48.864716,2.349014
Resolved,2168,Medium,Phone,Pricing and licensing,1st line support,Nicola Wane,22-05-2023 07:29,24-05-2023 07:29,22-05-2023 07:31,29:56.9,Within SLA,50:45.3,Within SLA,,4,,Ready to use Software,Tier 1,Greece,39.368279,21.863141
Closed,2169,Medium,Email,Purchasing and invoicing,2nd line support,Heather Urry,22-05-2023 12:09,24-05-2023 12:09,22-05-2023 13:09,03:43.6,Within SLA,41:09.4,Within SLA,54:22.1,3,4,Training and Consulting Services,Tier 2,Republic of Ireland,53.094024,-8.019675
Resolved,2170,Low,Email,Feature request,1st line support,Sheela Cutten,22-05-2023 10:26,24-05-2023 10:26,22-05-2023 11:26,00:11.0,Within SLA,49:45.2,Within SLA,,8,,Other,Tier 1,Spain,39.67337,-4.767726
In progress,2171,Low,Email,Bug report,1st line support,Kristos Westoll,22-05-2023 09:23,24-05-2023 09:23,22-05-2023 10:23,18:02.7,Within SLA,,SLA Violated,,1,,Ready to use Software,Tier 1,France,48.864716,2.349014
Closed,2172,Low,Chat,Other,1st line support,Nicola Wane,22-05-2023 15:13,23-05-2023 15:13,22-05-2023 15:15,14:14.8,Within SLA,29:23.2,Within SLA,02:06.9,4,2,Custom software development,Tier 1,Italy,43.036776,12.678565
Closed,2173,Medium,Email,Pricing and licensing,1st line support,Kristos Westoll,22-05-2023 20:37,24-05-2023 20:37,22-05-2023 21:37,21:46.9,Within SLA,37:21.2,SLA Violated,12:47.1,2,4,Other,Tier 1,Germany,51.165691,10.451526
In progress,2174,Medium,Email,Pricing and licensing,2nd line support,Adolpho Messingham,22-05-2023 01:35,24-05-2023 01:35,22-05-2023 02:35,05:02.0,Within SLA,,SLA Violated,,10,,Ready to use Software,Tier 2,Slovenia,46.1491664,14.9860106
Closed,2175,Low,Email,Pricing and licensing,1st line support,Bernard Beckley,22-05-2023 04:58,24-05-2023 04:58,22-05-2023 05:58,11:08.7,Within SLA,49:40.0,SLA Violated,51:19.7,2,3,Training and Consulting Services,Tier 1,United Kingdom,55.378052,-3.435973
Closed,2176,Medium,Chat,Training request,1st line support,Kristos Westoll,23-05-2023 22:40,24-05-2023 22:40,23-05-2023 22:42,40:15.5,Within SLA,35:47.7,Within SLA,50:59.6,6,2,Training and Consulting Services,Tier 1,France,48.864716,2.349014
Closed,2177,Medium,Chat,Pricing and licensing,1st line support,Sheela Cutten,23-05-2023 05:53,24-05-2023 05:53,23-05-2023 05:55,55:38.0,Within SLA,42:37.1,Within SLA,39:39.4,8,3,Training and Consulting Services,Tier 1,United Kingdom,55.378052,-3.435973
Closed,2178,Low,Email,Product setup,1st line support,Connor Danielovitch,23-05-2023 00:49,25-05-2023 00:49,23-05-2023 01:49,19:20.1,SLA Violated,38:22.6,Within SLA,17:43.6,5,4,Training and Consulting Services,Tier 1,United Kingdom,55.378052,-3.435973
Closed,2179,Medium,Email,Product setup,1st line support,Connor Danielovitch,23-05-2023 11:32,25-05-2023 11:32,23-05-2023 12:32,30:20.1,Within SLA,58:51.4,Within SLA,30:42.4,1,5,Other,Tier 1,Germany,51.165691,10.451526
Closed,2180,High,Email,Product setup,1st line support,Sheela Cutten,23-05-2023 06:23,25-05-2023 06:23,23-05-2023 07:23,17:06.9,Within SLA,57:24.6,Within SLA,57:12.2,6,3,Custom software development,Tier 1,Germany,51.165691,10.451526
In progress,2183,Medium,Email,Feature request,2nd line support,Michele Whyatt,23-05-2023 02:47,25-05-2023 02:47,23-05-2023 03:47,39:33.4,Within SLA,,SLA Violated,,1,,Custom software development,Tier 2,Republic of Ireland,53.094024,-8.019675
Resolved,2184,High,Email,Product setup,1st line support,Bernard Beckley,24-05-2023 03:30,26-05-2023 03:30,24-05-2023 04:30,50:07.5,Within SLA,54:57.9,Within SLA,,9,,Training and Consulting Services,Tier 1,Bulgaria,42.7249925,25.4833039
Resolved,2185,Low,Chat,Product setup,1st line support,Connor Danielovitch,24-05-2023 07:40,25-05-2023 07:40,24-05-2023 07:42,41:41.7,Within SLA,51:04.3,SLA Violated,,4,,Ready to use Software,Tier 1,Poland,52.536273,19.050639
In progress,2186,Low,Chat,Feature request,2nd line support,Michele Whyatt,24-05-2023 21:59,25-05-2023 21:59,24-05-2023 22:01,59:23.0,Within SLA,,SLA Violated,,6,,Ready to use Software,Tier 2,Slovenia,46.1491664,14.9860106
Closed,2188,High,Chat,Product setup,1st line support,Connor Danielovitch,24-05-2023 22:52,25-05-2023 22:52,24-05-2023 22:54,52:47.1,Within SLA,10:35.1,Within SLA,17:18.8,3,3,Other,Tier 1,Germany,51.165691,10.451526
Closed,2189,Low,Chat,Pricing and licensing,1st line support,Kristos Westoll,24-05-2023 13:25,25-05-2023 13:25,24-05-2023 13:27,26:57.2,Within SLA,15:35.8,Within SLA,06:24.9,4,2,Ready to use Software,Tier 1,Greece,39.368279,21.863141
Closed,2190,Low,Email,Pricing and licensing,1st line support,Bernard Beckley,24-05-2023 01:25,26-05-2023 01:25,24-05-2023 02:25,09:39.0,Within SLA,42:39.8,Within SLA,58:34.7,2,1,Other,Tier 1,Italy,43.036776,12.678565
Resolved,2192,High,Email,Feature request,1st line support,Nicola Wane,24-05-2023 00:06,26-05-2023 00:06,24-05-2023 01:06,10:27.3,Within SLA,50:48.3,Within SLA,,10,,Custom software development,Tier 1,Poland,52.536273,19.050639
Closed,2193,Medium,Chat,Purchasing and invoicing,1st line support,Nicola Wane,24-05-2023 05:42,25-05-2023 05:42,24-05-2023 05:44,44:43.2,SLA Violated,37:40.3,Within SLA,48:13.2,4,2,Other,Tier 1,Czech Republic,49.8037633,15.4749126
Resolved,2194,Medium,Chat,Pricing and licensing,2nd line support,Michele Whyatt,25-05-2023 00:10,26-05-2023 00:10,25-05-2023 00:12,12:31.3,Within SLA,12:14.3,Within SLA,,60,,Custom software development,Tier 2,Spain,39.67337,-4.767726
Closed,2195,Low,Email,Feature request,1st line support,Bernard Beckley,25-05-2023 03:02,27-05-2023 03:02,25-05-2023 04:02,44:37.9,Within SLA,02:16.7,Within SLA,50:52.5,2,5,Ready to use Software,Tier 1,Slovenia,46.1491664,14.9860106
In progress,2196,Low,Chat,Bug report,1st line support,Kristos Westoll,25-05-2023 16:37,26-05-2023 16:37,25-05-2023 16:39,37:51.9,Within SLA,,SLA Violated,,5,,Ready to use Software,Tier 1,Germany,51.165691,10.451526
Resolved,2197,Low,Chat,Bug report,1st line support,Bernard Beckley,25-05-2023 23:58,26-05-2023 23:58,26-05-2023 00:00,00:12.2,Within SLA,27:21.0,Within SLA,,4,,Ready to use Software,Tier 1,Slovenia,46.1491664,14.9860106
In progress,2198,Low,Email,Purchasing and invoicing,1st line support,Nicola Wane,25-05-2023 05:26,27-05-2023 05:26,25-05-2023 06:26,24:28.2,SLA Violated,,SLA Violated,,7,,Custom software development,Tier 1,Slovenia,46.1491664,14.9860106
Closed,2199,High,Phone,Feature request,1st line support,Sheela Cutten,25-05-2023 14:47,27-05-2023 14:47,25-05-2023 14:49,50:42.4,SLA Violated,27:56.5,Within SLA,22:53.3,6,4,Ready to use Software,Tier 1,Poland,52.536273,19.050639
Resolved,2200,Low,Chat,Product setup,1st line support,Bernard Beckley,25-05-2023 20:08,26-05-2023 20:08,25-05-2023 20:10,10:26.6,SLA Violated,36:17.8,Within SLA,,4,,Custom software development,Tier 1,Austria,47.6964719,13.3457347
Closed,2201,High,Chat,Pricing and licensing,2nd line support,Heather Urry,25-05-2023 13:55,26-05-2023 13:55,25-05-2023 13:57,55:55.6,Within SLA,14:41.3,Within SLA,42:59.0,3,3,Ready to use Software,Tier 2,Bulgaria,42.7249925,25.4833039
Closed,2202,Low,Email,Product setup,1st line support,Kristos Westoll,25-05-2023 17:33,27-05-2023 17:33,25-05-2023 18:33,00:21.8,Within SLA,22:48.3,Within SLA,15:35.3,1,3,Custom software development,Tier 1,Republic of Ireland,53.094024,-8.019675
Resolved,2203,Medium,Email,Pricing and licensing,1st line support,Sheela Cutten,25-05-2023 13:52,27-05-2023 13:52,25-05-2023 14:52,11:02.8,Within SLA,29:28.2,Within SLA,,1,,Ready to use Software,Tier 1,United Kingdom,55.378052,-3.435973
Resolved,2204,Low,Email,Product setup,1st line support,Sheela Cutten,26-05-2023 18:49,28-05-2023 18:49,26-05-2023 19:49,51:57.4,Within SLA,36:41.5,Within SLA,,1,,Custom software development,Tier 1,Slovenia,46.1491664,14.9860106
Closed,2205,Medium,Email,Feature request,2nd line support,Michele Whyatt,26-05-2023 21:16,28-05-2023 21:16,26-05-2023 22:16,49:29.5,Within SLA,17:32.8,Within SLA,39:39.3,9,1,Other,Tier 2,Greece,39.368279,21.863141
Resolved,2206,Low,Email,Pricing and licensing,1st line support,Kristos Westoll,26-05-2023 11:09,28-05-2023 11:09,26-05-2023 12:09,07:46.5,Within SLA,26:58.5,Within SLA,,7,,Custom software development,Tier 1,Germany,51.165691,10.451526
Resolved,2207,Low,Email,Other,1st line support,Nicola Wane,26-05-2023 07:39,28-05-2023 07:39,26-05-2023 08:39,10:48.6,Within SLA,42:35.7,Within SLA,,3,,Custom software development,Tier 1,France,48.864716,2.349014
Resolved,2208,Medium,Email,Pricing and licensing,1st line support,Connor Danielovitch,26-05-2023 22:47,28-05-2023 22:47,26-05-2023 23:47,33:11.8,Within SLA,57:10.8,Within SLA,,3,,Custom software development,Tier 1,Bulgaria,42.7249925,25.4833039
In progress,2209,Low,Chat,Product setup,1st line support,Sheela Cutten,26-05-2023 16:39,27-05-2023 16:39,26-05-2023 16:41,41:14.6,Within SLA,,SLA Violated,,3,,Ready to use Software,Tier 1,Poland,52.536273,19.050639
Closed,2219,Low,Email,Bug report,1st line support,Kristos Westoll,28-05-2023 18:01,30-05-2023 18:01,28-05-2023 19:01,15:07.4,Within SLA,22:30.5,Within SLA,33:24.2,7,2,Ready to use Software,Tier 1,Poland,52.536273,19.050639
Resolved,2220,Low,Email,Feature request,1st line support,Sheela Cutten,28-05-2023 17:35,30-05-2023 17:35,28-05-2023 18:35,44:32.1,Within SLA,33:27.0,Within SLA,,8,,Other,Tier 1,Poland,52.536273,19.050639
Closed,2221,Medium,Chat,Feature request,1st line support,Connor Danielovitch,28-05-2023 23:04,29-05-2023 23:04,28-05-2023 23:06,09:13.8,SLA Violated,08:27.5,Within SLA,07:12.2,6,4,Ready to use Software,Tier 1,Poland,52.536273,19.050639
Resolved,2222,Low,Email,Bug report,1st line support,Bernard Beckley,28-05-2023 03:21,30-05-2023 03:21,28-05-2023 04:21,15:15.3,Within SLA,08:30.2,SLA Violated,,4,,Custom software development,Tier 1,Poland,52.536273,19.050639
Closed,2223,High,Email,Purchasing and invoicing,1st line support,Nicola Wane,29-05-2023 15:46,31-05-2023 15:46,29-05-2023 16:46,42:25.0,SLA Violated,50:15.4,SLA Violated,23:00.6,2,4,Other,Tier 1,Spain,39.67337,-4.767726
Resolved,2224,Medium,Chat,Product setup,1st line support,Bernard Beckley,29-05-2023 00:44,30-05-2023 00:44,29-05-2023 00:46,45:05.1,Within SLA,06:01.5,SLA Violated,,6,,Custom software development,Tier 1,Greece,39.368279,21.863141
Resolved,2225,Low,Chat,Purchasing and invoicing,2nd line support,Heather Urry,30-05-2023 02:42,31-05-2023 02:42,30-05-2023 02:44,44:11.6,Within SLA,31:30.9,Within SLA,,3,,Other,Tier 2,Italy,43.036776,12.678565
Resolved,2226,Low,Chat,Feature request,1st line support,Sheela Cutten,30-05-2023 15:57,31-05-2023 15:57,30-05-2023 15:59,57:47.0,Within SLA,34:53.2,Within SLA,,6,,Ready to use Software,Tier 1,United Kingdom,55.378052,-3.435973
In progress,2227,High,Phone,Pricing and licensing,1st line support,Nicola Wane,30-05-2023 18:33,01-06-2023 18:33,30-05-2023 18:35,33:21.4,Within SLA,,SLA Violated,,2,,Ready to use Software,Tier 1,Slovenia,46.1491664,14.9860106
In progress,2228,Medium,Chat,Pricing and licensing,2nd line support,Adolpho Messingham,30-05-2023 08:36,31-05-2023 08:36,30-05-2023 08:38,37:49.8,Within SLA,,SLA Violated,,4,,Ready to use Software,Tier 2,Austria,47.6964719,13.3457347
Closed,2229,Medium,Chat,Purchasing and invoicing,2nd line support,Heather Urry,30-05-2023 13:39,31-05-2023 13:39,30-05-2023 13:41,45:14.0,SLA Violated,02:09.4,Within SLA,37:17.8,6,5,Ready to use Software,Tier 2,Czech Republic,49.8037633,15.4749126
In progress,2230,Low,Phone,Purchasing and invoicing,1st line support,Sheela Cutten,31-05-2023 12:33,02-06-2023 12:33,31-05-2023 12:35,34:21.2,Within SLA,,SLA Violated,,1,,Training and Consulting Services,Tier 1,Austria,47.6964719,13.3457347
Resolved,2231,High,Email,Other,1st line support,Sheela Cutten,31-05-2023 17:08,02-06-2023 17:08,31-05-2023 18:08,44:31.9,Within SLA,31:29.5,Within SLA,,6,,Ready to use Software,Tier 1,United Kingdom,55.378052,-3.435973
Resolved,2232,Low,Email,Product setup,1st line support,Nicola Wane,31-05-2023 22:08,02-06-2023 22:08,31-05-2023 23:08,12:53.2,Within SLA,29:18.7,Within SLA,,5,,Custom software development,Tier 1,France,48.864716,2.349014
Resolved,2233,Low,Chat,Product setup,2nd line support,Heather Urry,31-05-2023 09:43,01-06-2023 09:43,31-05-2023 09:45,43:30.0,Within SLA,46:07.6,Within SLA,,4,,Ready to use Software,Tier 2,Germany,51.165691,10.451526
Resolved,2234,Low,Chat,Product setup,2nd line support,Michele Whyatt,31-05-2023 01:43,01-06-2023 01:43,31-05-2023 01:45,43:39.2,Within SLA,29:31.1,Within SLA,,6,,Ready to use Software,Tier 2,Germany,51.165691,10.451526
Closed,2235,Low,Chat,Other,2nd line support,Adolpho Messingham,31-05-2023 15:37,01-06-2023 15:37,31-05-2023 15:39,38:26.7,Within SLA,58:20.1,Within SLA,31:06.8,5,1,Custom software development,Tier 2,Czech Republic,49.8037633,15.4749126
Resolved,2236,Medium,Phone,Pricing and licensing,1st line support,Bernard Beckley,31-05-2023 00:42,02-06-2023 00:42,31-05-2023 00:44,44:44.6,Within SLA,33:16.1,Within SLA,,1,,Ready to use Software,Tier 1,Germany,51.165691,10.451526
Resolved,2237,Low,Email,Feature request,1st line support,Connor Danielovitch,31-05-2023 05:35,02-06-2023 05:35,31-05-2023 06:35,33:28.5,Within SLA,32:12.9,Within SLA,,2,,Ready to use Software,Tier 1,Greece,39.368279,21.863141
In progress,2238,High,Email,Feature request,1st line support,Sheela Cutten,31-05-2023 15:30,02-06-2023 15:30,31-05-2023 16:30,09:26.0,Within SLA,,SLA Violated,,5,,Other,Tier 1,France,48.864716,2.349014
Closed,2239,Low,Chat,Feature request,1st line support,Nicola Wane,31-05-2023 07:51,01-06-2023 07:51,31-05-2023 07:53,56:19.6,SLA Violated,24:25.0,Within SLA,48:01.8,9,4,Ready to use Software,Tier 1,Germany,51.165691,10.451526
Resolved,2240,Low,Email,Product setup,1st line support,Bernard Beckley,31-05-2023 18:01,02-06-2023 18:01,31-05-2023 19:01,40:35.0,Within SLA,28:53.1,Within SLA,,1,,Training and Consulting Services,Tier 1,United Kingdom,55.378052,-3.435973
Closed,2241,Medium,Chat,Feature request,1st line support,Connor Danielovitch,01-06-2023 09:58,02-06-2023 09:58,01-06-2023 10:00,58:30.2,Within SLA,14:23.3,Within SLA,00:23.8,6,5,Custom software development,Tier 1,Austria,47.6964719,13.3457347
In progress,2242,Low,Email,Bug report,1st line support,Connor Danielovitch,01-06-2023 06:03,03-06-2023 06:03,01-06-2023 07:03,19:57.0,Within SLA,,SLA Violated,,3,,Ready to use Software,Tier 1,Poland,52.536273,19.050639
Resolved,2243,High,Chat,Feature request,2nd line support,Adolpho Messingham,01-06-2023 07:22,02-06-2023 07:22,01-06-2023 07:24,24:14.1,Within SLA,00:46.3,Within SLA,,4,,Ready to use Software,Tier 2,Czech Republic,49.8037633,15.4749126
Closed,2244,High,Chat,Feature request,2nd line support,Heather Urry,01-06-2023 23:48,02-06-2023 23:48,01-06-2023 23:50,49:07.8,Within SLA,18:04.0,Within SLA,24:09.7,3,3,Ready to use Software,Tier 2,Poland,52.536273,19.050639
In progress,2245,High,Chat,Product setup,1st line support,Bernard Beckley,01-06-2023 17:36,02-06-2023 17:36,01-06-2023 17:38,36:59.9,Within SLA,,SLA Violated,,6,,Other,Tier 1,Bulgaria,42.7249925,25.4833039
In progress,2246,Low,Chat,Feature request,1st line support,Connor Danielovitch,02-06-2023 15:45,03-06-2023 15:45,02-06-2023 15:47,47:13.0,Within SLA,,SLA Violated,,4,,Other,Tier 1,Slovenia,46.1491664,14.9860106
Resolved,2247,Low,Phone,Purchasing and invoicing,1st line support,Nicola Wane,02-06-2023 00:48,04-06-2023 00:48,02-06-2023 00:50,49:56.5,Within SLA,05:54.1,Within SLA,,1,,Ready to use Software,Tier 1,United Kingdom,55.378052,-3.435973
In progress,2248,Low,Phone,Product setup,2nd line support,Adolpho Messingham,02-06-2023 16:43,04-06-2023 16:43,02-06-2023 16:45,46:46.2,SLA Violated,,SLA Violated,,3,,Ready to use Software,Tier 2,Republic of Ireland,53.094024,-8.019675
Closed,2249,Low,Chat,Pricing and licensing,1st line support,Connor Danielovitch,02-06-2023 17:57,03-06-2023 17:57,02-06-2023 17:59,57:51.9,Within SLA,53:17.2,SLA Violated,42:17.9,3,5,Other,Tier 1,Germany,51.165691,10.451526
Closed,2250,Low,Chat,Purchasing and invoicing,1st line support,Kristos Westoll,02-06-2023 03:33,03-06-2023 03:33,02-06-2023 03:35,34:01.7,Within SLA,54:33.9,SLA Violated,57:13.5,3,5,Custom software development,Tier 1,Italy,43.036776,12.678565
Closed,2251,Low,Email,Purchasing and invoicing,2nd line support,Michele Whyatt,02-06-2023 11:24,04-06-2023 11:24,02-06-2023 12:24,33:05.9,Within SLA,02:10.2,Within SLA,29:48.9,1,2,Custom software development,Tier 2,Czech Republic,49.8037633,15.4749126
Resolved,2252,Low,Email,Product setup,1st line support,Bernard Beckley,03-06-2023 09:56,05-06-2023 09:56,03-06-2023 10:56,54:22.6,Within SLA,58:07.2,Within SLA,,10,,Ready to use Software,Tier 1,Republic of Ireland,53.094024,-8.019675
Closed,2253,Medium,Chat,Pricing and Licensing,1st line support,Bernard Beckley,03-06-2023 10:52,04-06-2023 10:52,03-06-2023 10:54,52:59.2,Within SLA,12:06.0,Within SLA,17:28.2,8,4,Custom software development,Tier 1,Italy,43.036776,12.678565
Resolved,2254,Low,Chat,Bug report,1st line support,Sheela Cutten,03-06-2023 00:48,04-06-2023 00:48,03-06-2023 00:50,53:21.1,SLA Violated,44:11.3,Within SLA,,4,,Training and Consulting Services,Tier 1,Poland,52.536273,19.050639
Resolved,2255,Low,Chat,Feature request,1st line support,Bernard Beckley,03-06-2023 05:01,04-06-2023 05:01,03-06-2023 05:03,01:50.8,Within SLA,34:16.4,Within SLA,,5,,Ready to use Software,Tier 1,France,48.864716,2.349014
Closed,2267,Low,Email,Pricing and licensing,1st line support,Connor Danielovitch,04-06-2023 05:31,06-06-2023 05:31,04-06-2023 06:31,48:28.3,Within SLA,44:12.3,Within SLA,20:44.3,9,5,Ready to use Software,Tier 1,United Kingdom,55.378052,-3.435973
Closed,2268,Medium,Email,Other,1st line support,Sheela Cutten,04-06-2023 18:21,06-06-2023 18:21,04-06-2023 19:21,49:40.6,Within SLA,09:17.9,Within SLA,11:09.5,2,2,Other,Tier 1,Republic of Ireland,53.094024,-8.019675
Closed,2269,Medium,Email,Product setup,1st line support,Connor Danielovitch,04-06-2023 12:39,06-06-2023 12:39,04-06-2023 13:39,20:02.5,Within SLA,27:56.8,Within SLA,24:21.2,2,4,Ready to use Software,Tier 1,Poland,52.536273,19.050639
Closed,2270,Low,Email,Pricing and licensing,1st line support,Nicola Wane,05-06-2023 16:13,07-06-2023 16:13,05-06-2023 17:13,51:14.0,Within SLA,13:30.4,Within SLA,47:15.9,10,1,Ready to use Software,Tier 1,Poland,52.536273,19.050639
Resolved,2271,Low,Chat,Purchasing and invoicing,1st line support,Kristos Westoll,05-06-2023 07:21,06-06-2023 07:21,05-06-2023 07:23,26:18.8,SLA Violated,24:56.3,SLA Violated,,4,,Ready to use Software,Tier 1,Greece,39.368279,21.863141
Closed,2272,Low,Email,Product setup,1st line support,Connor Danielovitch,05-06-2023 10:43,07-06-2023 10:43,05-06-2023 11:43,24:19.5,Within SLA,00:41.0,SLA Violated,57:18.2,3,5,Other,Tier 1,Republic of Ireland,53.094024,-8.019675
Closed,2273,Medium,Chat,Pricing and licensing,1st line support,Connor Danielovitch,05-06-2023 03:19,06-06-2023 03:19,05-06-2023 03:21,20:14.3,Within SLA,25:09.9,Within SLA,15:25.5,5,3,Training and Consulting Services,Tier 1,United Kingdom,55.378052,-3.435973
Closed,2274,Low,Email,Purchasing and invoicing,2nd line support,Adolpho Messingham,05-06-2023 04:41,07-06-2023 04:41,05-06-2023 05:41,53:30.0,Within SLA,59:56.3,Within SLA,39:17.2,1,1,Other,Tier 2,Slovenia,46.1491664,14.9860106
Resolved,2275,Low,Chat,Bug report,1st line support,Kristos Westoll,05-06-2023 05:03,06-06-2023 05:03,05-06-2023 05:05,04:46.4,Within SLA,44:40.5,Within SLA,,6,,Custom software development,Tier 1,Slovenia,46.1491664,14.9860106
In progress,2276,Medium,Chat,Purchasing and invoicing,1st line support,Bernard Beckley,05-06-2023 09:11,06-06-2023 09:11,05-06-2023 09:13,13:14.0,Within SLA,,SLA Violated,,6,,Ready to use Software,Tier 1,Republic of Ireland,53.094024,-8.019675
Closed,2277,Medium,Chat,Product setup,1st line support,Nicola Wane,05-06-2023 01:52,06-06-2023 01:52,05-06-2023 01:54,54:07.5,Within SLA,01:22.6,SLA Violated,44:46.5,6,3,Ready to use Software,Tier 1,Austria,47.6964719,13.3457347
Closed,2278,Medium,Email,Purchasing and invoicing,1st line support,Sheela Cutten,06-06-2023 14:36,08-06-2023 14:36,06-06-2023 15:36,05:14.0,Within SLA,35:24.2,Within SLA,15:06.3,2,5,Ready to use Software,Tier 1,Spain,39.67337,-4.767726
Closed,2279,Low,Email,Other,1st line support,Sheela Cutten,06-06-2023 01:49,08-06-2023 01:49,06-06-2023 02:49,31:18.0,Within SLA,23:41.4,Within SLA,47:38.8,7,4,Training and Consulting Services,Tier 1,Republic of Ireland,53.094024,-8.019675
Closed,2280,Low,Email,Purchasing and invoicing,1st line support,Kristos Westoll,06-06-2023 00:04,08-06-2023 00:04,06-06-2023 01:04,59:37.4,Within SLA,35:54.5,Within SLA,23:04.3,6,5,Ready to use Software,Tier 1,Spain,39.67337,-4.767726
Closed,2281,Medium,Email,Purchasing and invoicing,1st line support,Nicola Wane,06-06-2023 11:24,08-06-2023 11:24,06-06-2023 12:24,08:10.5,Within SLA,04:30.8,SLA Violated,47:10.5,3,5,Other,Tier 1,Italy,43.036776,12.678565
Resolved,2282,Low,Phone,Pricing and licensing,1st line support,Bernard Beckley,06-06-2023 21:13,08-06-2023 21:13,06-06-2023 21:15,18:15.7,SLA Violated,28:43.3,Within SLA,,3,,Custom software development,Tier 1,Greece,39.368279,21.863141
In progress,2283,Low,Chat,Feature request,1st line support,Nicola Wane,06-06-2023 17:27,07-06-2023 17:27,06-06-2023 17:29,32:08.5,SLA Violated,,SLA Violated,,6,,Custom software development,Tier 1,Slovenia,46.1491664,14.9860106
Resolved,2284,Medium,Phone,Pricing and licensing,1st line support,Sheela Cutten,06-06-2023 21:50,08-06-2023 21:50,06-06-2023 21:52,52:39.4,Within SLA,08:34.2,Within SLA,,4,,Other,Tier 1,Italy,43.036776,12.678565
Closed,2285,Medium,Phone,Product setup,1st line support,Kristos Westoll,06-06-2023 06:29,08-06-2023 06:29,06-06-2023 06:31,30:08.0,Within SLA,55:28.2,Within SLA,34:21.9,1,2,Ready to use Software,Tier 1,United Kingdom,55.378052,-3.435973
Closed,2287,Medium,Email,Feature request,1st line support,Bernard Beckley,06-06-2023 13:23,08-06-2023 13:23,06-06-2023 14:23,35:01.8,Within SLA,50:55.9,Within SLA,43:18.6,3,5,Ready to use Software,Tier 1,Spain,39.67337,-4.767726
Resolved,2288,Low,Chat,Product setup,2nd line support,Michele Whyatt,06-06-2023 11:06,07-06-2023 11:06,06-06-2023 11:08,06:52.6,Within SLA,14:52.1,Within SLA,,8,,Other,Tier 2,Austria,47.6964719,13.3457347
Closed,2289,Medium,Chat,Pricing and Licensing,1st line support,Bernard Beckley,07-06-2023 19:00,08-06-2023 19:00,07-06-2023 19:02,02:10.9,Within SLA,23:14.3,Within SLA,42:19.1,4,4,Custom software development,Tier 1,Poland,52.536273,19.050639
Resolved,2290,Low,Email,Pricing and Licensing,1st line support,Connor Danielovitch,07-06-2023 18:11,09-06-2023 18:11,07-06-2023 19:11,34:09.6,Within SLA,13:20.2,Within SLA,,3,,Custom software development,Tier 1,Bulgaria,42.7249925,25.4833039
Closed,2291,Medium,Email,Pricing and licensing,1st line support,Nicola Wane,07-06-2023 20:16,09-06-2023 20:16,07-06-2023 21:16,57:38.3,SLA Violated,43:35.1,Within SLA,33:19.9,1,4,Ready to use Software,Tier 1,Czech Republic,49.8037633,15.4749126
Closed,2293,Low,Email,Purchasing and invoicing,2nd line support,Adolpho Messingham,07-06-2023 14:19,09-06-2023 14:19,07-06-2023 15:19,09:42.8,Within SLA,33:40.3,Within SLA,53:52.3,3,5,Other,Tier 2,France,48.864716,2.349014
In progress,2294,Medium,Chat,Product setup,1st line support,Connor Danielovitch,07-06-2023 20:19,08-06-2023 20:19,07-06-2023 20:21,21:30.3,Within SLA,,SLA Violated,,9,,Training and Consulting Services,Tier 1,United Kingdom,55.378052,-3.435973
In progress,2295,Low,Chat,Product setup,1st line support,Sheela Cutten,07-06-2023 10:55,08-06-2023 10:55,07-06-2023 10:57,56:35.2,Within SLA,,SLA Violated,,6,,Other,Tier 1,Poland,52.536273,19.050639
Resolved,2296,Low,Email,Pricing and licensing,1st line support,Sheela Cutten,07-06-2023 11:43,09-06-2023 11:43,07-06-2023 12:43,37:01.0,Within SLA,16:19.8,Within SLA,,7,,Ready to use Software,Tier 1,Poland,52.536273,19.050639
Resolved,2297,High,Chat,Pricing and licensing,1st line support,Nicola Wane,07-06-2023 00:04,08-06-2023 00:04,07-06-2023 00:06,04:11.3,Within SLA,54:04.5,Within SLA,,6,,Other,Tier 1,Czech Republic,49.8037633,15.4749126
In progress,2298,Low,Email,Purchasing and invoicing,2nd line support,Michele Whyatt,07-06-2023 02:16,09-06-2023 02:16,07-06-2023 03:16,03:18.1,Within SLA,,SLA Violated,,3,,Custom software development,Tier 2,Poland,52.536273,19.050639
Closed,2299,High,Email,Product setup,2nd line support,Heather Urry,08-06-2023 15:54,10-06-2023 15:54,08-06-2023 16:54,20:50.5,Within SLA,10:01.3,Within SLA,40:06.1,1,4,Custom software development,Tier 2,Germany,51.165691,10.451526
Closed,2300,Low,Email,Feature request,2nd line support,Adolpho Messingham,08-06-2023 03:34,10-06-2023 03:34,08-06-2023 04:34,44:08.8,Within SLA,49:31.7,Within SLA,47:08.9,1,2,Custom software development,Tier 2,Bulgaria,42.7249925,25.4833039
Closed,2301,Medium,Email,Feature request,1st line support,Bernard Beckley,08-06-2023 16:52,10-06-2023 16:52,08-06-2023 17:52,48:38.6,Within SLA,55:54.5,SLA Violated,03:37.4,3,4,Custom software development,Tier 1,Republic of Ireland,53.094024,-8.019675
In progress,2302,Low,Chat,Pricing and Licensing,1st line support,Connor Danielovitch,08-06-2023 00:17,09-06-2023 00:17,08-06-2023 00:19,18:02.6,Within SLA,,SLA Violated,,8,,Custom software development,Tier 1,France,48.864716,2.349014
In progress,2304,Low,Email,Pricing and Licensing,1st line support,Nicola Wane,09-06-2023 20:18,11-06-2023 20:18,09-06-2023 21:18,00:30.1,Within SLA,,SLA Violated,,1,,Custom software development,Tier 1,United Kingdom,55.378052,-3.435973
Closed,2305,Low,Email,Pricing and licensing,1st line support,Sheela Cutten,09-06-2023 15:57,11-06-2023 15:57,09-06-2023 16:57,12:30.6,Within SLA,37:38.2,Within SLA,11:25.2,10,5,Training and Consulting Services,Tier 1,Poland,52.536273,19.050639
Closed,2306,Low,Chat,Product setup,2nd line support,Heather Urry,09-06-2023 23:12,10-06-2023 23:12,09-06-2023 23:14,13:57.4,Within SLA,15:40.4,Within SLA,57:35.6,7,3,Custom software development,Tier 2,Italy,43.036776,12.678565
In progress,2307,High,Email,Bug report,2nd line support,Adolpho Messingham,09-06-2023 00:30,11-06-2023 00:30,09-06-2023 01:30,36:53.2,Within SLA,,SLA Violated,,2,,Ready to use Software,Tier 2,Austria,47.6964719,13.3457347
Closed,2309,Low,Chat,Bug report,2nd line support,Adolpho Messingham,09-06-2023 15:51,10-06-2023 15:51,09-06-2023 15:53,54:22.2,SLA Violated,04:18.3,Within SLA,14:10.8,3,3,Custom software development,Tier 2,Greece,39.368279,21.863141
Closed,2310,Low,Chat,Bug report,1st line support,Connor Danielovitch,09-06-2023 13:39,10-06-2023 13:39,09-06-2023 13:41,41:25.1,Within SLA,01:08.5,Within SLA,23:01.4,60,3,Training and Consulting Services,Tier 1,Germany,51.165691,10.451526
Closed,2311,High,Email,Pricing and Licensing,1st line support,Kristos Westoll,09-06-2023 15:21,11-06-2023 15:21,09-06-2023 16:21,37:05.5,Within SLA,55:26.1,Within SLA,11:13.0,1,5,Custom software development,Tier 1,Republic of Ireland,53.094024,-8.019675
In progress,2313,Low,Email,Pricing and Licensing,1st line support,Kristos Westoll,10-06-2023 03:28,12-06-2023 03:28,10-06-2023 04:28,36:28.0,Within SLA,,SLA Violated,,10,,Custom software development,Tier 1,Austria,47.6964719,13.3457347
Resolved,2321,Medium,Chat,Product setup,2nd line support,Heather Urry,10-06-2023 05:14,11-06-2023 05:14,10-06-2023 05:16,15:57.0,Within SLA,07:44.7,Within SLA,,6,,Ready to use Software,Tier 2,France,48.864716,2.349014
Resolved,2322,Low,Chat,Feature request,1st line support,Connor Danielovitch,10-06-2023 15:57,11-06-2023 15:57,10-06-2023 15:59,59:34.1,Within SLA,32:41.5,Within SLA,,5,,Ready to use Software,Tier 1,France,48.864716,2.349014
Closed,2323,Low,Email,Product setup,2nd line support,Heather Urry,10-06-2023 02:58,12-06-2023 02:58,10-06-2023 03:58,20:28.6,SLA Violated,01:23.5,Within SLA,31:34.1,2,5,Training and Consulting Services,Tier 2,France,48.864716,2.349014
Resolved,2324,High,Phone,Product setup,1st line support,Sheela Cutten,10-06-2023 03:37,12-06-2023 03:37,10-06-2023 03:39,38:58.6,Within SLA,37:15.7,Within SLA,,1,,Training and Consulting Services,Tier 1,Czech Republic,49.8037633,15.4749126
Resolved,2325,Low,Email,Pricing and licensing,2nd line support,Heather Urry,11-06-2023 17:44,13-06-2023 17:44,11-06-2023 18:44,11:38.5,Within SLA,25:02.7,Within SLA,,8,,Ready to use Software,Tier 2,Slovenia,46.1491664,14.9860106
Closed,2332,Medium,Chat,Pricing and licensing,1st line support,Connor Danielovitch,12-06-2023 18:07,13-06-2023 18:07,12-06-2023 18:09,09:42.5,Within SLA,16:38.1,Within SLA,04:27.6,6,4,Other,Tier 1,Poland,52.536273,19.050639
Closed,2333,Low,Chat,Purchasing and invoicing,2nd line support,Adolpho Messingham,12-06-2023 08:43,13-06-2023 08:43,12-06-2023 08:45,44:40.4,Within SLA,10:37.0,Within SLA,36:06.0,6,1,Ready to use Software,Tier 2,Greece,39.368279,21.863141
Resolved,2334,Low,Chat,Pricing and licensing,2nd line support,Michele Whyatt,12-06-2023 18:04,13-06-2023 18:04,12-06-2023 18:06,05:44.4,Within SLA,26:09.1,SLA Violated,,4,,Ready to use Software,Tier 2,Spain,39.67337,-4.767726
Closed,2335,Low,Email,Bug report,1st line support,Bernard Beckley,12-06-2023 14:05,14-06-2023 14:05,12-06-2023 15:05,16:40.6,Within SLA,56:43.5,Within SLA,38:56.4,3,5,Ready to use Software,Tier 1,Republic of Ireland,53.094024,-8.019675
In progress,2336,Low,Email,Purchasing and invoicing,1st line support,Nicola Wane,12-06-2023 04:41,14-06-2023 04:41,12-06-2023 05:41,32:52.6,Within SLA,,SLA Violated,,1,,Other,Tier 1,United Kingdom,55.378052,-3.435973
In progress,2337,Low,Chat,Feature request,2nd line support,Adolpho Messingham,12-06-2023 20:04,13-06-2023 20:04,12-06-2023 20:06,05:32.4,Within SLA,,SLA Violated,,3,,Ready to use Software,Tier 2,Czech Republic,49.8037633,15.4749126
Resolved,2338,Low,Chat,Purchasing and invoicing,1st line support,Sheela Cutten,12-06-2023 17:39,13-06-2023 17:39,12-06-2023 17:41,41:15.2,Within SLA,42:42.2,Within SLA,,5,,Other,Tier 1,United Kingdom,55.378052,-3.435973
Closed,2339,Low,Email,Pricing and licensing,2nd line support,Adolpho Messingham,12-06-2023 02:59,14-06-2023 02:59,12-06-2023 03:59,54:00.3,Within SLA,09:26.2,Within SLA,07:11.6,8,3,Custom software development,Tier 2,United Kingdom,55.378052,-3.435973
Closed,2340,Medium,Email,Pricing and licensing,2nd line support,Heather Urry,13-06-2023 11:58,15-06-2023 11:58,13-06-2023 12:58,28:38.6,Within SLA,51:19.5,Within SLA,08:26.8,9,2,Custom software development,Tier 2,Italy,43.036776,12.678565
Resolved,2341,High,Chat,Feature request,2nd line support,Adolpho Messingham,13-06-2023 15:33,14-06-2023 15:33,13-06-2023 15:35,35:15.6,Within SLA,30:08.3,Within SLA,,60,,Other,Tier 2,Italy,43.036776,12.678565
Closed,2342,Low,Email,Feature request,1st line support,Sheela Cutten,13-06-2023 07:16,15-06-2023 07:16,13-06-2023 08:16,44:36.9,SLA Violated,46:17.0,Within SLA,37:15.1,2,4,Ready to use Software,Tier 1,Germany,51.165691,10.451526
Closed,2343,High,Email,Purchasing and invoicing,1st line support,Kristos Westoll,13-06-2023 08:41,15-06-2023 08:41,13-06-2023 09:41,30:05.1,Within SLA,27:17.2,SLA Violated,08:40.4,3,5,Custom software development,Tier 1,Greece,39.368279,21.863141
Closed,2344,Low,Chat,Feature request,1st line support,Bernard Beckley,13-06-2023 17:13,14-06-2023 17:13,13-06-2023 17:15,14:23.6,Within SLA,51:07.3,Within SLA,31:57.4,6,5,Ready to use Software,Tier 1,Czech Republic,49.8037633,15.4749126
Closed,2345,Low,Email,Product setup,1st line support,Connor Danielovitch,13-06-2023 09:35,15-06-2023 09:35,13-06-2023 10:35,55:01.6,Within SLA,40:55.3,Within SLA,46:45.7,3,4,Ready to use Software,Tier 1,France,48.864716,2.349014
Resolved,2346,Low,Email,Product setup,1st line support,Connor Danielovitch,13-06-2023 13:58,15-06-2023 13:58,13-06-2023 14:58,20:11.5,Within SLA,28:30.5,Within SLA,,9,,Ready to use Software,Tier 1,Germany,51.165691,10.451526
Closed,2347,Medium,Email,Bug report,1st line support,Kristos Westoll,13-06-2023 01:46,15-06-2023 01:46,13-06-2023 02:46,54:22.4,Within SLA,42:10.0,Within SLA,49:32.5,8,4,Custom software development,Tier 1,Poland,52.536273,19.050639
Closed,2348,Low,Chat,Pricing and licensing,1st line support,Sheela Cutten,14-06-2023 03:36,15-06-2023 03:36,14-06-2023 03:38,38:12.3,Within SLA,32:20.0,Within SLA,18:26.5,3,4,Ready to use Software,Tier 1,Republic of Ireland,53.094024,-8.019675
Resolved,2349,Low,Phone,Purchasing and invoicing,1st line support,Nicola Wane,14-06-2023 05:05,16-06-2023 05:05,14-06-2023 05:07,10:53.1,SLA Violated,06:42.1,Within SLA,,6,,Ready to use Software,Tier 1,Germany,51.165691,10.451526
Resolved,2350,Medium,Email,Feature request,1st line support,Sheela Cutten,14-06-2023 14:13,16-06-2023 14:13,14-06-2023 15:13,01:12.5,Within SLA,54:36.7,Within SLA,,6,,Ready to use Software,Tier 1,Germany,51.165691,10.451526
Closed,2351,Low,Phone,Product setup,2nd line support,Adolpho Messingham,14-06-2023 07:37,16-06-2023 07:37,14-06-2023 07:39,39:17.6,Within SLA,12:43.8,Within SLA,01:23.8,7,1,Ready to use Software,Tier 2,Republic of Ireland,53.094024,-8.019675
Resolved,2352,High,Email,Training request,2nd line support,Michele Whyatt,14-06-2023 19:25,16-06-2023 19:25,14-06-2023 20:25,27:39.9,Within SLA,23:09.2,SLA Violated,,10,,Training and Consulting Services,Tier 2,Bulgaria,42.7249925,25.4833039
Closed,2353,Medium,Email,Product setup,1st line support,Nicola Wane,14-06-2023 08:44,16-06-2023 08:44,14-06-2023 09:44,05:25.0,SLA Violated,16:15.4,SLA Violated,19:09.7,3,3,Training and Consulting Services,Tier 1,United Kingdom,55.378052,-3.435973
Closed,2354,Medium,Email,Bug report,1st line support,Sheela Cutten,14-06-2023 03:27,16-06-2023 03:27,14-06-2023 04:27,38:57.0,Within SLA,29:35.6,Within SLA,50:09.3,9,4,Ready to use Software,Tier 1,Czech Republic,49.8037633,15.4749126
In progress,2355,Medium,Chat,Pricing and licensing,2nd line support,Heather Urry,15-06-2023 07:44,16-06-2023 07:44,15-06-2023 07:46,45:53.3,Within SLA,,SLA Violated,,7,,Ready to use Software,Tier 2,Austria,47.6964719,13.3457347
Closed,2356,Medium,Chat,Feature request,2nd line support,Michele Whyatt,15-06-2023 09:33,16-06-2023 09:33,15-06-2023 09:35,38:33.1,SLA Violated,03:48.3,Within SLA,06:40.8,6,3,Other,Tier 2,Slovenia,46.1491664,14.9860106
In progress,2357,High,Email,Feature request,2nd line support,Michele Whyatt,15-06-2023 03:11,17-06-2023 03:11,15-06-2023 04:11,36:31.6,Within SLA,,SLA Violated,,5,,Custom software development,Tier 2,United Kingdom,55.378052,-3.435973
Closed,2358,Medium,Email,Product setup,2nd line support,Heather Urry,15-06-2023 19:11,17-06-2023 19:11,15-06-2023 20:11,05:41.4,Within SLA,58:36.2,Within SLA,52:25.9,8,1,Training and Consulting Services,Tier 2,Republic of Ireland,53.094024,-8.019675
Closed,2359,Low,Chat,Product setup,2nd line support,Adolpho Messingham,15-06-2023 03:22,16-06-2023 03:22,15-06-2023 03:24,24:14.0,Within SLA,47:43.5,Within SLA,47:03.8,4,3,Custom software development,Tier 2,France,48.864716,2.349014
Closed,2360,Low,Chat,Training request,1st line support,Nicola Wane,15-06-2023 12:47,16-06-2023 12:47,15-06-2023 12:49,48:22.8,Within SLA,59:24.4,Within SLA,26:43.9,6,4,Training and Consulting Services,Tier 1,Germany,51.165691,10.451526
Resolved,2361,Low,Email,Feature request,2nd line support,Heather Urry,15-06-2023 01:48,17-06-2023 01:48,15-06-2023 02:48,17:08.2,Within SLA,51:56.0,Within SLA,,2,,Ready to use Software,Tier 2,Greece,39.368279,21.863141
Closed,2362,Medium,Email,Training request,2nd line support,Heather Urry,15-06-2023 21:46,17-06-2023 21:46,15-06-2023 22:46,31:50.4,Within SLA,17:10.2,Within SLA,08:56.1,10,2,Training and Consulting Services,Tier 2,Poland,52.536273,19.050639
Resolved,2363,Medium,Email,Feature request,2nd line support,Adolpho Messingham,15-06-2023 00:54,17-06-2023 00:54,15-06-2023 01:54,43:03.9,Within SLA,27:13.6,Within SLA,,7,,Custom software development,Tier 2,United Kingdom,55.378052,-3.435973
Resolved,2364,Low,Email,Feature request,1st line support,Connor Danielovitch,16-06-2023 21:52,18-06-2023 21:52,16-06-2023 22:52,45:22.7,Within SLA,03:25.8,SLA Violated,,1,,Custom software development,Tier 1,Czech Republic,49.8037633,15.4749126
Closed,2365,Medium,Email,Purchasing and invoicing,1st line support,Sheela Cutten,16-06-2023 11:53,18-06-2023 11:53,16-06-2023 12:53,23:33.5,Within SLA,37:18.6,Within SLA,46:21.1,1,4,Ready to use Software,Tier 1,Republic of Ireland,53.094024,-8.019675
Closed,2366,High,Email,Other,1st line support,Kristos Westoll,16-06-2023 15:52,18-06-2023 15:52,16-06-2023 16:52,28:42.3,Within SLA,06:05.3,Within SLA,34:47.5,5,5,Ready to use Software,Tier 1,Greece,39.368279,21.863141
Closed,2367,Low,Chat,Product setup,1st line support,Kristos Westoll,16-06-2023 09:59,17-06-2023 09:59,16-06-2023 10:01,01:28.7,Within SLA,30:22.0,Within SLA,53:52.3,3,4,Ready to use Software,Tier 1,Greece,39.368279,21.863141
Resolved,2368,Low,Email,Pricing and licensing,1st line support,Connor Danielovitch,16-06-2023 16:30,18-06-2023 16:30,16-06-2023 17:30,35:48.7,SLA Violated,22:07.3,SLA Violated,,1,,Custom software development,Tier 1,Republic of Ireland,53.094024,-8.019675
In progress,2369,Low,Chat,Product setup,2nd line support,Michele Whyatt,16-06-2023 06:07,17-06-2023 06:07,16-06-2023 06:09,09:10.2,Within SLA,,SLA Violated,,4,,Custom software development,Tier 2,France,48.864716,2.349014
Closed,2370,Low,Email,Pricing and Licensing,1st line support,Bernard Beckley,16-06-2023 14:52,18-06-2023 14:52,16-06-2023 15:52,42:36.2,Within SLA,22:04.9,Within SLA,17:24.8,10,4,Custom software development,Tier 1,Greece,39.368279,21.863141
In progress,2371,Medium,Email,Purchasing and invoicing,2nd line support,Adolpho Messingham,16-06-2023 18:36,18-06-2023 18:36,16-06-2023 19:36,46:24.6,Within SLA,,SLA Violated,,1,,Ready to use Software,Tier 2,Republic of Ireland,53.094024,-8.019675
Resolved,2372,Low,Chat,Pricing and licensing,1st line support,Bernard Beckley,16-06-2023 18:14,17-06-2023 18:14,16-06-2023 18:16,14:55.2,Within SLA,48:38.9,Within SLA,,3,,Ready to use Software,Tier 1,Spain,39.67337,-4.767726
Closed,2373,High,Email,Bug report,1st line support,Sheela Cutten,16-06-2023 03:03,18-06-2023 03:03,16-06-2023 04:03,01:06.1,Within SLA,24:55.3,Within SLA,38:48.2,3,4,Ready to use Software,Tier 1,France,48.864716,2.349014
Closed,2374,Low,Email,Bug report,1st line support,Bernard Beckley,17-06-2023 13:06,19-06-2023 13:06,17-06-2023 14:06,36:16.0,Within SLA,10:38.9,Within SLA,12:35.1,1,2,Ready to use Software,Tier 1,Poland,52.536273,19.050639
Closed,2375,Low,Email,Pricing and licensing,1st line support,Sheela Cutten,17-06-2023 06:29,19-06-2023 06:29,17-06-2023 07:29,26:15.4,Within SLA,09:34.7,Within SLA,38:40.4,6,4,Training and Consulting Services,Tier 1,United Kingdom,55.378052,-3.435973
In progress,2376,Low,Chat,Pricing and licensing,1st line support,Kristos Westoll,17-06-2023 06:31,18-06-2023 06:31,17-06-2023 06:33,37:18.8,SLA Violated,,SLA Violated,,9,,Ready to use Software,Tier 1,United Kingdom,55.378052,-3.435973
Resolved,2381,Low,Chat,Feature request,2nd line support,Adolpho Messingham,18-06-2023 18:13,19-06-2023 18:13,18-06-2023 18:15,14:17.0,Within SLA,45:44.8,SLA Violated,,7,,Custom software development,Tier 2,United Kingdom,55.378052,-3.435973
Closed,2382,Low,Chat,Pricing and Licensing,1st line support,Sheela Cutten,18-06-2023 14:10,19-06-2023 14:10,18-06-2023 14:12,10:47.0,Within SLA,08:10.0,Within SLA,53:06.4,3,3,Custom software development,Tier 1,Poland,52.536273,19.050639
In progress,2383,High,Chat,Product setup,1st line support,Kristos Westoll,19-06-2023 07:11,20-06-2023 07:11,19-06-2023 07:13,13:43.7,SLA Violated,,SLA Violated,,6,,Ready to use Software,Tier 1,Spain,39.67337,-4.767726
Closed,2384,Low,Chat,Pricing and licensing,1st line support,Connor Danielovitch,19-06-2023 10:06,20-06-2023 10:06,19-06-2023 10:08,07:05.9,Within SLA,41:32.0,Within SLA,47:44.1,6,4,Custom software development,Tier 1,Italy,43.036776,12.678565
In progress,2385,Low,Email,Feature request,2nd line support,Adolpho Messingham,19-06-2023 02:56,21-06-2023 02:56,19-06-2023 03:56,19:46.6,Within SLA,,SLA Violated,,1,,Other,Tier 2,Slovenia,46.1491664,14.9860106
Closed,2386,Low,Email,Product setup,2nd line support,Heather Urry,19-06-2023 09:47,21-06-2023 09:47,19-06-2023 10:47,25:29.5,Within SLA,32:37.2,Within SLA,14:20.4,1,5,Ready to use Software,Tier 2,Republic of Ireland,53.094024,-8.019675
In progress,2387,Medium,Email,Bug report,1st line support,Sheela Cutten,19-06-2023 15:00,21-06-2023 15:00,19-06-2023 16:00,04:13.7,Within SLA,,SLA Violated,,9,,Custom software development,Tier 1,Austria,47.6964719,13.3457347
In progress,2388,Low,Email,Pricing and licensing,1st line support,Sheela Cutten,19-06-2023 18:56,21-06-2023 18:56,19-06-2023 19:56,55:43.0,Within SLA,,SLA Violated,,1,,Other,Tier 1,Czech Republic,49.8037633,15.4749126
Resolved,2389,Medium,Email,Feature request,1st line support,Connor Danielovitch,19-06-2023 13:19,21-06-2023 13:19,19-06-2023 14:19,32:28.8,Within SLA,41:51.6,Within SLA,,7,,Ready to use Software,Tier 1,Austria,47.6964719,13.3457347
Closed,2390,Low,Email,Purchasing and invoicing,1st line support,Bernard Beckley,20-06-2023 05:58,22-06-2023 05:58,20-06-2023 06:58,03:16.8,Within SLA,44:26.8,Within SLA,41:45.3,1,5,Other,Tier 1,United Kingdom,55.378052,-3.435973
In progress,2391,Low,Chat,Product setup,1st line support,Nicola Wane,20-06-2023 03:21,21-06-2023 03:21,20-06-2023 03:23,22:39.8,Within SLA,,SLA Violated,,5,,Ready to use Software,Tier 1,Czech Republic,49.8037633,15.4749126
Closed,2392,Low,Email,Pricing and licensing,1st line support,Bernard Beckley,20-06-2023 00:42,22-06-2023 00:42,20-06-2023 01:42,41:53.3,Within SLA,17:53.0,SLA Violated,38:46.8,3,2,Other,Tier 1,Bulgaria,42.7249925,25.4833039
Closed,2393,Low,Phone,Product setup,1st line support,Connor Danielovitch,20-06-2023 03:00,22-06-2023 03:00,20-06-2023 03:02,00:49.6,Within SLA,31:17.5,Within SLA,49:11.7,3,3,Ready to use Software,Tier 1,United Kingdom,55.378052,-3.435973
Closed,2394,Low,Chat,Other,1st line support,Connor Danielovitch,20-06-2023 04:41,21-06-2023 04:41,20-06-2023 04:43,43:05.7,Within SLA,55:56.7,Within SLA,13:43.8,3,4,Ready to use Software,Tier 1,Italy,43.036776,12.678565
Closed,2395,High,Email,Product setup,2nd line support,Michele Whyatt,21-06-2023 19:25,23-06-2023 19:25,21-06-2023 20:25,40:16.5,Within SLA,57:48.0,Within SLA,33:41.2,10,1,Ready to use Software,Tier 2,United Kingdom,55.378052,-3.435973
Resolved,2396,High,Email,Pricing and Licensing,1st line support,Bernard Beckley,21-06-2023 17:34,23-06-2023 17:34,21-06-2023 18:34,09:39.7,Within SLA,58:31.4,Within SLA,,7,,Custom software development,Tier 1,Germany,51.165691,10.451526
Resolved,2397,Low,Email,Other,1st line support,Connor Danielovitch,21-06-2023 05:06,23-06-2023 05:06,21-06-2023 06:06,32:02.0,Within SLA,11:45.1,Within SLA,,2,,Custom software development,Tier 1,Poland,52.536273,19.050639
Closed,2398,Low,Email,Purchasing and invoicing,1st line support,Connor Danielovitch,21-06-2023 19:47,23-06-2023 19:47,21-06-2023 20:47,50:00.7,Within SLA,39:42.3,Within SLA,05:35.3,10,5,Ready to use Software,Tier 1,Bulgaria,42.7249925,25.4833039
Closed,2399,High,Chat,Product setup,2nd line support,Heather Urry,21-06-2023 10:02,22-06-2023 10:02,21-06-2023 10:04,03:27.8,Within SLA,22:18.6,SLA Violated,43:07.2,4,3,Custom software development,Tier 2,United Kingdom,55.378052,-3.435973
Closed,2400,High,Chat,Feature request,1st line support,Nicola Wane,21-06-2023 22:56,22-06-2023 22:56,21-06-2023 22:58,57:40.3,Within SLA,57:56.4,SLA Violated,42:59.7,6,3,Ready to use Software,Tier 1,Poland,52.536273,19.050639
Resolved,2401,Low,Chat,Other,1st line support,Connor Danielovitch,21-06-2023 18:25,22-06-2023 18:25,21-06-2023 18:27,28:56.9,SLA Violated,59:52.1,Within SLA,,4,,Ready to use Software,Tier 1,Spain,39.67337,-4.767726
Closed,2402,Medium,Email,Feature request,1st line support,Kristos Westoll,21-06-2023 23:30,23-06-2023 23:30,22-06-2023 00:30,20:37.0,Within SLA,43:42.7,Within SLA,08:07.2,1,5,Ready to use Software,Tier 1,Germany,51.165691,10.451526
Resolved,2403,High,Chat,Other,1st line support,Kristos Westoll,21-06-2023 11:31,22-06-2023 11:31,21-06-2023 11:33,32:38.2,Within SLA,39:04.9,Within SLA,,60,,Custom software development,Tier 1,United Kingdom,55.378052,-3.435973
Closed,2404,Low,Email,Training request,2nd line support,Adolpho Messingham,21-06-2023 08:31,23-06-2023 08:31,21-06-2023 09:31,52:45.3,Within SLA,32:34.3,Within SLA,33:20.4,8,3,Training and Consulting Services,Tier 2,Poland,52.536273,19.050639
In progress,2405,Medium,Email,Training request,1st line support,Connor Danielovitch,21-06-2023 18:46,23-06-2023 18:46,21-06-2023 19:46,34:19.5,Within SLA,,SLA Violated,,8,,Training and Consulting Services,Tier 1,Spain,39.67337,-4.767726
In progress,2406,Medium,Email,Product setup,1st line support,Connor Danielovitch,21-06-2023 15:15,23-06-2023 15:15,21-06-2023 16:15,57:38.6,Within SLA,,SLA Violated,,2,,Ready to use Software,Tier 1,Poland,52.536273,19.050639
Resolved,2407,High,Email,Feature request,2nd line support,Heather Urry,21-06-2023 15:13,23-06-2023 15:13,21-06-2023 16:13,51:50.8,Within SLA,46:06.2,Within SLA,,3,,Other,Tier 2,Poland,52.536273,19.050639
Closed,2408,Low,Phone,Pricing and licensing,1st line support,Sheela Cutten,21-06-2023 15:24,23-06-2023 15:24,21-06-2023 15:26,25:00.4,Within SLA,48:41.0,SLA Violated,21:08.6,5,4,Training and Consulting Services,Tier 1,Germany,51.165691,10.451526
In progress,2409,Low,Email,Product setup,1st line support,Connor Danielovitch,21-06-2023 07:58,23-06-2023 07:58,21-06-2023 08:58,53:02.9,Within SLA,,SLA Violated,,2,,Other,Tier 1,United Kingdom,55.378052,-3.435973
Closed,2410,Low,Phone,Product setup,1st line support,Nicola Wane,21-06-2023 14:09,23-06-2023 14:09,21-06-2023 14:11,13:03.6,SLA Violated,35:13.2,Within SLA,37:27.0,1,2,Ready to use Software,Tier 1,Slovenia,46.1491664,14.9860106
Resolved,2411,High,Email,Feature request,2nd line support,Heather Urry,22-06-2023 21:31,24-06-2023 21:31,22-06-2023 22:31,36:58.2,Within SLA,02:12.5,Within SLA,,1,,Custom software development,Tier 2,Austria,47.6964719,13.3457347
In progress,2412,Medium,Phone,Pricing and Licensing,1st line support,Sheela Cutten,22-06-2023 09:19,24-06-2023 09:19,22-06-2023 09:21,22:03.6,SLA Violated,,SLA Violated,,1,,Custom software development,Tier 1,United Kingdom,55.378052,-3.435973
Resolved,2413,High,Chat,Pricing and licensing,1st line support,Sheela Cutten,22-06-2023 21:24,23-06-2023 21:24,22-06-2023 21:26,25:52.8,Within SLA,25:47.4,Within SLA,,4,,Other,Tier 1,Czech Republic,49.8037633,15.4749126
Closed,2414,Low,Email,Feature request,2nd line support,Heather Urry,22-06-2023 15:10,24-06-2023 15:10,22-06-2023 16:10,32:04.9,SLA Violated,28:52.7,Within SLA,11:42.8,1,5,Custom software development,Tier 2,Poland,52.536273,19.050639
In progress,2415,Medium,Email,Other,1st line support,Kristos Westoll,22-06-2023 09:31,24-06-2023 09:31,22-06-2023 10:31,12:13.9,Within SLA,,SLA Violated,,3,,Ready to use Software,Tier 1,Germany,51.165691,10.451526
Closed,2416,Low,Chat,Product setup,1st line support,Sheela Cutten,22-06-2023 03:14,23-06-2023 03:14,22-06-2023 03:16,16:00.5,Within SLA,24:31.9,Within SLA,55:12.4,3,4,Ready to use Software,Tier 1,Poland,52.536273,19.050639
In progress,2417,Low,Chat,Training request,2nd line support,Heather Urry,22-06-2023 05:33,23-06-2023 05:33,22-06-2023 05:35,36:01.1,SLA Violated,,SLA Violated,,8,,Training and Consulting Services,Tier 2,Italy,43.036776,12.678565
Closed,2418,Medium,Email,Purchasing and invoicing,2nd line support,Michele Whyatt,22-06-2023 15:20,24-06-2023 15:20,22-06-2023 16:20,36:47.3,Within SLA,52:58.0,SLA Violated,42:03.7,1,4,Ready to use Software,Tier 2,Germany,51.165691,10.451526
Closed,2419,Low,Phone,Pricing and Licensing,1st line support,Connor Danielovitch,22-06-2023 15:17,24-06-2023 15:17,22-06-2023 15:19,18:07.6,Within SLA,43:14.3,Within SLA,52:24.0,2,3,Custom software development,Tier 1,France,48.864716,2.349014
Closed,2420,Medium,Chat,Other,2nd line support,Adolpho Messingham,22-06-2023 10:16,23-06-2023 10:16,22-06-2023 10:18,20:45.6,SLA Violated,53:00.2,Within SLA,28:08.6,60,4,Other,Tier 2,France,48.864716,2.349014
Resolved,2421,Low,Phone,Other,1st line support,Kristos Westoll,23-06-2023 02:51,25-06-2023 02:51,23-06-2023 02:53,52:10.6,Within SLA,17:03.7,Within SLA,,3,,Ready to use Software,Tier 1,Bulgaria,42.7249925,25.4833039
Resolved,2422,Low,Phone,Pricing and licensing,1st line support,Bernard Beckley,23-06-2023 02:00,25-06-2023 02:00,23-06-2023 02:02,04:43.4,SLA Violated,33:51.3,Within SLA,,2,,Training and Consulting Services,Tier 1,Austria,47.6964719,13.3457347
Closed,2423,Low,Email,Feature request,1st line support,Connor Danielovitch,23-06-2023 11:18,25-06-2023 11:18,23-06-2023 12:18,10:12.3,Within SLA,12:52.5,Within SLA,19:42.4,1,3,Ready to use Software,Tier 1,Germany,51.165691,10.451526
Closed,2425,Medium,Email,Product setup,1st line support,Bernard Beckley,23-06-2023 13:46,25-06-2023 13:46,23-06-2023 14:46,10:55.0,Within SLA,07:51.0,Within SLA,08:49.6,1,4,Ready to use Software,Tier 1,United Kingdom,55.378052,-3.435973
In progress,2426,Low,Email,Pricing and Licensing,1st line support,Kristos Westoll,23-06-2023 20:46,25-06-2023 20:46,23-06-2023 21:46,26:43.8,Within SLA,,SLA Violated,,2,,Custom software development,Tier 1,Germany,51.165691,10.451526
Resolved,2429,Low,Email,Pricing and licensing,1st line support,Nicola Wane,23-06-2023 22:09,25-06-2023 22:09,23-06-2023 23:09,20:05.4,Within SLA,32:48.0,Within SLA,,2,,Ready to use Software,Tier 1,Italy,43.036776,12.678565
Closed,2431,High,Email,Purchasing and invoicing,1st line support,Bernard Beckley,24-06-2023 07:16,26-06-2023 07:16,24-06-2023 08:16,52:49.5,Within SLA,11:11.7,SLA Violated,41:40.2,1,4,Other,Tier 1,Italy,43.036776,12.678565
Closed,2433,Low,Chat,Feature request,1st line support,Sheela Cutten,24-06-2023 18:39,25-06-2023 18:39,24-06-2023 18:41,40:25.5,Within SLA,35:39.9,Within SLA,30:51.5,3,2,Ready to use Software,Tier 1,Bulgaria,42.7249925,25.4833039
Closed,2446,Low,Chat,Pricing and licensing,2nd line support,Heather Urry,25-06-2023 16:40,26-06-2023 16:40,25-06-2023 16:42,42:36.7,Within SLA,32:29.7,Within SLA,07:13.3,6,4,Custom software development,Tier 2,Republic of Ireland,53.094024,-8.019675
Resolved,2447,High,Chat,Purchasing and invoicing,1st line support,Kristos Westoll,25-06-2023 11:26,26-06-2023 11:26,25-06-2023 11:28,28:22.6,Within SLA,44:35.8,Within SLA,,8,,Ready to use Software,Tier 1,Poland,52.536273,19.050639
Closed,2448,Low,Email,Other,2nd line support,Michele Whyatt,26-06-2023 22:38,28-06-2023 22:38,26-06-2023 23:38,46:54.6,SLA Violated,49:29.3,Within SLA,53:11.2,2,4,Ready to use Software,Tier 2,France,48.864716,2.349014
In progress,2449,Low,Email,Product setup,1st line support,Connor Danielovitch,26-06-2023 10:41,28-06-2023 10:41,26-06-2023 11:41,30:50.3,Within SLA,,SLA Violated,,10,,Other,Tier 1,Italy,43.036776,12.678565
Resolved,2450,Low,Phone,Bug report,1st line support,Sheela Cutten,26-06-2023 05:34,28-06-2023 05:34,26-06-2023 05:36,35:20.0,Within SLA,15:09.6,Within SLA,,1,,Ready to use Software,Tier 1,Spain,39.67337,-4.767726
Closed,2451,High,Phone,Other,2nd line support,Heather Urry,26-06-2023 12:51,28-06-2023 12:51,26-06-2023 12:53,52:11.8,Within SLA,39:07.4,Within SLA,11:49.7,3,3,Training and Consulting Services,Tier 2,United Kingdom,55.378052,-3.435973
Closed,2452,Medium,Phone,Feature request,1st line support,Connor Danielovitch,26-06-2023 05:51,28-06-2023 05:51,26-06-2023 05:53,53:35.5,SLA Violated,04:16.9,Within SLA,01:42.6,3,5,Custom software development,Tier 1,Spain,39.67337,-4.767726
Closed,2453,Low,Email,Purchasing and invoicing,1st line support,Sheela Cutten,26-06-2023 11:00,28-06-2023 11:00,26-06-2023 12:00,24:52.0,Within SLA,00:36.7,SLA Violated,57:41.4,1,3,Custom software development,Tier 1,Republic of Ireland,53.094024,-8.019675
In progress,2454,Low,Phone,Other,1st line support,Connor Danielovitch,26-06-2023 11:40,28-06-2023 11:40,26-06-2023 11:42,42:19.0,Within SLA,,SLA Violated,,1,,Custom software development,Tier 1,Germany,51.165691,10.451526
In progress,2455,Low,Email,Pricing and Licensing,1st line support,Bernard Beckley,26-06-2023 20:30,28-06-2023 20:30,26-06-2023 21:30,44:26.6,Within SLA,,SLA Violated,,2,,Custom software development,Tier 1,Poland,52.536273,19.050639
Closed,2456,Medium,Phone,Feature request,1st line support,Nicola Wane,26-06-2023 07:54,28-06-2023 07:54,26-06-2023 07:56,00:32.0,SLA Violated,20:54.3,Within SLA,16:42.9,3,5,Ready to use Software,Tier 1,Bulgaria,42.7249925,25.4833039
Closed,2457,Low,Chat,Bug report,1st line support,Connor Danielovitch,26-06-2023 08:29,27-06-2023 08:29,26-06-2023 08:31,31:00.8,Within SLA,18:20.9,Within SLA,32:59.2,9,4,Training and Consulting Services,Tier 1,Slovenia,46.1491664,14.9860106
Resolved,2458,Low,Email,Bug report,2nd line support,Michele Whyatt,26-06-2023 03:46,28-06-2023 03:46,26-06-2023 04:46,52:57.7,Within SLA,39:56.0,SLA Violated,,2,,Ready to use Software,Tier 2,Slovenia,46.1491664,14.9860106
Closed,2459,Medium,Email,Feature request,2nd line support,Heather Urry,27-06-2023 23:17,29-06-2023 23:17,28-06-2023 00:17,34:01.6,Within SLA,33:12.4,Within SLA,12:27.2,3,2,Ready to use Software,Tier 2,Italy,43.036776,12.678565
Closed,2460,Medium,Chat,Pricing and licensing,1st line support,Bernard Beckley,27-06-2023 12:16,28-06-2023 12:16,27-06-2023 12:18,17:31.0,Within SLA,53:52.2,Within SLA,16:52.5,6,1,Ready to use Software,Tier 1,Spain,39.67337,-4.767726
Closed,2461,Low,Chat,Feature request,2nd line support,Heather Urry,27-06-2023 08:00,28-06-2023 08:00,27-06-2023 08:02,00:37.8,Within SLA,01:38.2,Within SLA,39:47.0,3,4,Custom software development,Tier 2,Italy,43.036776,12.678565
In progress,2462,Low,Chat,Purchasing and invoicing,1st line support,Sheela Cutten,27-06-2023 22:45,28-06-2023 22:45,27-06-2023 22:47,48:15.7,SLA Violated,,SLA Violated,,9,,Ready to use Software,Tier 1,Spain,39.67337,-4.767726
Closed,2463,Low,Phone,Other,1st line support,Sheela Cutten,27-06-2023 21:39,29-06-2023 21:39,27-06-2023 21:41,40:30.9,Within SLA,14:25.8,Within SLA,31:24.9,1,2,Ready to use Software,Tier 1,Poland,52.536273,19.050639
Resolved,2464,Low,Email,Pricing and Licensing,1st line support,Nicola Wane,27-06-2023 06:19,29-06-2023 06:19,27-06-2023 07:19,31:45.8,Within SLA,54:34.5,SLA Violated,,2,,Custom software development,Tier 1,United Kingdom,55.378052,-3.435973
Resolved,2465,High,Chat,Product setup,2nd line support,Michele Whyatt,27-06-2023 06:27,28-06-2023 06:27,27-06-2023 06:29,29:31.4,SLA Violated,25:59.6,SLA Violated,,6,,Custom software development,Tier 2,Spain,39.67337,-4.767726
Resolved,2466,Medium,Email,Bug report,1st line support,Bernard Beckley,27-06-2023 01:10,29-06-2023 01:10,27-06-2023 02:10,50:11.2,Within SLA,52:02.0,Within SLA,,2,,Ready to use Software,Tier 1,United Kingdom,55.378052,-3.435973
Resolved,2467,Low,Email,Purchasing and invoicing,2nd line support,Michele Whyatt,27-06-2023 19:26,29-06-2023 19:26,27-06-2023 20:26,45:38.7,Within SLA,55:06.1,Within SLA,,9,,Custom software development,Tier 2,Poland,52.536273,19.050639
Closed,2468,Low,Chat,Product setup,1st line support,Bernard Beckley,28-06-2023 05:59,29-06-2023 05:59,28-06-2023 06:01,00:09.5,Within SLA,31:48.0,Within SLA,40:58.9,4,4,Ready to use Software,Tier 1,Poland,52.536273,19.050639
Closed,2469,Low,Email,Pricing and licensing,1st line support,Kristos Westoll,28-06-2023 09:54,30-06-2023 09:54,28-06-2023 10:54,55:25.6,Within SLA,39:00.6,Within SLA,13:54.9,3,5,Ready to use Software,Tier 1,United Kingdom,55.378052,-3.435973
Closed,2470,Low,Chat,Pricing and licensing,1st line support,Bernard Beckley,28-06-2023 12:57,29-06-2023 12:57,28-06-2023 12:59,58:58.6,Within SLA,24:25.2,Within SLA,32:00.0,6,3,Ready to use Software,Tier 1,Germany,51.165691,10.451526
Resolved,2471,Low,Chat,Pricing and licensing,1st line support,Kristos Westoll,28-06-2023 12:31,29-06-2023 12:31,28-06-2023 12:33,31:37.5,Within SLA,39:38.8,Within SLA,,4,,Other,Tier 1,Poland,52.536273,19.050639
Resolved,2473,Medium,Email,Pricing and licensing,1st line support,Nicola Wane,28-06-2023 01:59,30-06-2023 01:59,28-06-2023 02:59,06:07.8,SLA Violated,16:02.5,Within SLA,,4,,Training and Consulting Services,Tier 1,Germany,51.165691,10.451526
Resolved,2475,Low,Chat,Product setup,1st line support,Connor Danielovitch,28-06-2023 05:47,29-06-2023 05:47,28-06-2023 05:49,49:34.3,Within SLA,50:52.6,SLA Violated,,8,,Ready to use Software,Tier 1,Germany,51.165691,10.451526
Closed,2476,High,Chat,Other,1st line support,Bernard Beckley,28-06-2023 10:12,29-06-2023 10:12,28-06-2023 10:14,15:07.1,SLA Violated,12:04.1,Within SLA,03:58.5,60,3,Custom software development,Tier 1,Poland,52.536273,19.050639
In progress,2477,Medium,Chat,Feature request,1st line support,Bernard Beckley,28-06-2023 18:31,29-06-2023 18:31,28-06-2023 18:33,33:07.5,Within SLA,,SLA Violated,,6,,Custom software development,Tier 1,France,48.864716,2.349014
In progress,2478,High,Chat,Product setup,2nd line support,Adolpho Messingham,28-06-2023 18:37,29-06-2023 18:37,28-06-2023 18:39,38:45.7,Within SLA,,SLA Violated,,7,,Custom software development,Tier 2,France,48.864716,2.349014
Resolved,2479,Low,Email,Other,2nd line support,Heather Urry,28-06-2023 04:10,30-06-2023 04:10,28-06-2023 05:10,08:58.3,Within SLA,42:20.6,Within SLA,,6,,Training and Consulting Services,Tier 2,Germany,51.165691,10.451526
Resolved,2481,High,Chat,Other,1st line support,Kristos Westoll,29-06-2023 20:05,30-06-2023 20:05,29-06-2023 20:07,05:22.8,Within SLA,22:54.8,Within SLA,,9,,Ready to use Software,Tier 1,Bulgaria,42.7249925,25.4833039
Closed,2482,Low,Email,Bug report,1st line support,Kristos Westoll,29-06-2023 02:01,01-07-2023 02:01,29-06-2023 03:01,56:51.6,Within SLA,53:38.0,Within SLA,17:18.8,1,5,Training and Consulting Services,Tier 1,Greece,39.368279,21.863141
Resolved,2483,Low,Email,Product setup,2nd line support,Heather Urry,29-06-2023 08:11,01-07-2023 08:11,29-06-2023 09:11,48:39.1,Within SLA,26:55.1,SLA Violated,,3,,Other,Tier 2,Italy,43.036776,12.678565
Resolved,2484,Medium,Email,Product setup,1st line support,Nicola Wane,29-06-2023 23:48,01-07-2023 23:48,30-06-2023 00:48,35:39.1,Within SLA,55:34.9,Within SLA,,4,,Training and Consulting Services,Tier 1,Italy,43.036776,12.678565
Resolved,2485,Medium,Email,Other,1st line support,Bernard Beckley,29-06-2023 01:15,01-07-2023 01:15,29-06-2023 02:15,56:03.3,Within SLA,38:43.9,Within SLA,,2,,Training and Consulting Services,Tier 1,Austria,47.6964719,13.3457347
Resolved,2486,Low,Phone,Product setup,1st line support,Bernard Beckley,30-06-2023 11:38,02-07-2023 11:38,30-06-2023 11:40,38:38.2,Within SLA,04:35.8,Within SLA,,1,,Ready to use Software,Tier 1,Greece,39.368279,21.863141
Resolved,2487,High,Chat,Product setup,2nd line support,Michele Whyatt,30-06-2023 01:01,01-07-2023 01:01,30-06-2023 01:03,02:50.7,Within SLA,26:05.0,Within SLA,,7,,Other,Tier 2,Poland,52.536273,19.050639
Closed,2488,Low,Chat,Feature request,2nd line support,Adolpho Messingham,30-06-2023 00:30,01-07-2023 00:30,30-06-2023 00:32,31:12.7,Within SLA,15:29.0,Within SLA,07:55.8,4,3,Custom software development,Tier 2,Poland,52.536273,19.050639
Closed,2489,Low,Chat,Purchasing and invoicing,1st line support,Bernard Beckley,30-06-2023 11:55,01-07-2023 11:55,30-06-2023 11:57,57:20.5,Within SLA,39:20.8,Within SLA,24:20.2,6,3,Custom software development,Tier 1,Slovenia,46.1491664,14.9860106
Closed,2490,Medium,Email,Product setup,2nd line support,Heather Urry,30-06-2023 03:26,02-07-2023 03:26,30-06-2023 04:26,12:24.1,Within SLA,59:00.7,Within SLA,15:04.9,2,4,Ready to use Software,Tier 2,Poland,52.536273,19.050639
Closed,2491,High,Chat,Pricing and Licensing,1st line support,Nicola Wane,30-06-2023 11:16,01-07-2023 11:16,30-06-2023 11:18,19:23.1,SLA Violated,23:33.5,Within SLA,11:42.5,7,5,Custom software development,Tier 1,Bulgaria,42.7249925,25.4833039
In progress,2492,Medium,Email,Product setup,1st line support,Connor Danielovitch,30-06-2023 01:18,02-07-2023 01:18,30-06-2023 02:18,03:00.7,Within SLA,,SLA Violated,,6,,Ready to use Software,Tier 1,Spain,39.67337,-4.767726
Closed,2493,Low,Email,Product setup,2nd line support,Michele Whyatt,30-06-2023 08:43,02-07-2023 08:43,30-06-2023 09:43,31:16.3,Within SLA,41:34.9,SLA Violated,09:01.2,5,3,Ready to use Software,Tier 2,Poland,52.536273,19.050639
In progress,2494,Medium,Chat,Feature request,1st line support,Sheela Cutten,30-06-2023 18:51,01-07-2023 18:51,30-06-2023 18:53,52:54.7,Within SLA,,SLA Violated,,6,,Other,Tier 1,Greece,39.368279,21.863141
Resolved,2495,High,Email,Feature request,2nd line support,Heather Urry,30-06-2023 11:48,02-07-2023 11:48,30-06-2023 12:48,07:48.9,Within SLA,34:09.5,SLA Violated,,6,,Other,Tier 2,Czech Republic,49.8037633,15.4749126
Closed,2496,Medium,Email,Purchasing and invoicing,1st line support,Sheela Cutten,30-06-2023 07:56,02-07-2023 07:56,30-06-2023 08:56,58:35.3,Within SLA,30:19.1,Within SLA,34:08.2,5,2,Custom software development,Tier 1,Italy,43.036776,12.678565
In progress,2497,Low,Email,Feature request,1st line support,Kristos Westoll,01-07-2023 19:34,03-07-2023 19:34,01-07-2023 20:34,48:12.5,Within SLA,,SLA Violated,,1,,Ready to use Software,Tier 1,United Kingdom,55.378052,-3.435973
Closed,2498,High,Chat,Product setup,1st line support,Sheela Cutten,01-07-2023 04:08,02-07-2023 04:08,01-07-2023 04:10,09:14.0,Within SLA,42:51.1,Within SLA,24:37.5,4,5,Ready to use Software,Tier 1,Italy,43.036776,12.678565
Resolved,2508,Medium,Phone,Other,1st line support,Nicola Wane,02-07-2023 11:43,04-07-2023 11:43,02-07-2023 11:45,43:44.0,Within SLA,52:44.5,SLA Violated,,1,,Ready to use Software,Tier 1,Greece,39.368279,21.863141
Closed,2509,Medium,Chat,Feature request,1st line support,Sheela Cutten,02-07-2023 15:34,03-07-2023 15:34,02-07-2023 15:36,36:18.4,Within SLA,17:20.0,Within SLA,10:04.4,3,4,Other,Tier 1,Bulgaria,42.7249925,25.4833039
In progress,2510,Low,Phone,Product setup,1st line support,Sheela Cutten,02-07-2023 12:17,04-07-2023 12:17,02-07-2023 12:19,19:37.4,Within SLA,,SLA Violated,,2,,Ready to use Software,Tier 1,United Kingdom,55.378052,-3.435973
In progress,2511,Low,Chat,Product setup,1st line support,Nicola Wane,03-07-2023 12:38,04-07-2023 12:38,03-07-2023 12:40,42:53.1,SLA Violated,,SLA Violated,,3,,Custom software development,Tier 1,Greece,39.368279,21.863141
Resolved,2512,Low,Email,Pricing and licensing,1st line support,Connor Danielovitch,03-07-2023 05:38,05-07-2023 05:38,03-07-2023 06:38,56:44.5,Within SLA,37:19.7,Within SLA,,6,,Ready to use Software,Tier 1,Czech Republic,49.8037633,15.4749126
In progress,2513,Low,Email,Bug report,1st line support,Sheela Cutten,03-07-2023 22:38,05-07-2023 22:38,03-07-2023 23:38,53:31.5,Within SLA,,SLA Violated,,1,,Custom software development,Tier 1,United Kingdom,55.378052,-3.435973
In progress,2514,Low,Email,Bug report,1st line support,Bernard Beckley,03-07-2023 00:50,05-07-2023 00:50,03-07-2023 01:50,39:05.5,Within SLA,,SLA Violated,,3,,Ready to use Software,Tier 1,Germany,51.165691,10.451526
In progress,2515,Low,Chat,Feature request,1st line support,Sheela Cutten,03-07-2023 19:13,04-07-2023 19:13,03-07-2023 19:15,14:27.4,Within SLA,,SLA Violated,,4,,Custom software development,Tier 1,Poland,52.536273,19.050639
Resolved,2516,Medium,Email,Product setup,1st line support,Bernard Beckley,04-07-2023 23:47,06-07-2023 23:47,05-07-2023 00:47,07:29.1,Within SLA,06:08.3,Within SLA,,2,,Ready to use Software,Tier 1,Germany,51.165691,10.451526
Closed,2517,Medium,Chat,Pricing and licensing,2nd line support,Adolpho Messingham,04-07-2023 02:36,05-07-2023 02:36,04-07-2023 02:38,36:41.9,Within SLA,31:19.5,Within SLA,38:45.6,9,2,Training and Consulting Services,Tier 2,Italy,43.036776,12.678565
Resolved,2518,Low,Email,Pricing and licensing,1st line support,Connor Danielovitch,04-07-2023 00:39,06-07-2023 00:39,04-07-2023 01:39,08:13.6,Within SLA,13:45.7,Within SLA,,3,,Ready to use Software,Tier 1,Poland,52.536273,19.050639
Closed,2519,High,Phone,Pricing and licensing,1st line support,Bernard Beckley,04-07-2023 10:01,06-07-2023 10:01,04-07-2023 10:03,01:52.8,Within SLA,51:07.6,Within SLA,35:22.5,1,3,Ready to use Software,Tier 1,United Kingdom,55.378052,-3.435973
In progress,2520,High,Chat,Other,1st line support,Kristos Westoll,04-07-2023 13:14,05-07-2023 13:14,04-07-2023 13:16,16:13.9,Within SLA,,SLA Violated,,9,,Ready to use Software,Tier 1,Germany,51.165691,10.451526
Closed,2521,Low,Email,Other,2nd line support,Michele Whyatt,04-07-2023 01:40,06-07-2023 01:40,04-07-2023 02:40,13:22.4,SLA Violated,19:49.7,Within SLA,58:21.0,10,5,Custom software development,Tier 2,Republic of Ireland,53.094024,-8.019675
Closed,2522,Low,Email,Bug report,1st line support,Nicola Wane,04-07-2023 03:48,06-07-2023 03:48,04-07-2023 04:48,48:24.9,Within SLA,00:10.9,Within SLA,28:48.8,8,1,Custom software development,Tier 1,Austria,47.6964719,13.3457347
In progress,2523,Low,Chat,Bug report,2nd line support,Michele Whyatt,04-07-2023 15:19,05-07-2023 15:19,04-07-2023 15:21,20:28.2,Within SLA,,SLA Violated,,6,,Ready to use Software,Tier 2,Austria,47.6964719,13.3457347
Closed,2525,High,Chat,Bug report,2nd line support,Adolpho Messingham,05-07-2023 12:47,06-07-2023 12:47,05-07-2023 12:49,52:06.0,SLA Violated,54:27.8,Within SLA,00:35.8,6,1,Ready to use Software,Tier 2,Slovenia,46.1491664,14.9860106
Resolved,2526,Medium,Chat,Product setup,1st line support,Kristos Westoll,05-07-2023 15:03,06-07-2023 15:03,05-07-2023 15:05,08:08.3,SLA Violated,40:48.3,Within SLA,,3,,Ready to use Software,Tier 1,Germany,51.165691,10.451526
Resolved,2527,Low,Email,Product setup,1st line support,Nicola Wane,05-07-2023 23:01,07-07-2023 23:01,06-07-2023 00:01,18:19.9,Within SLA,06:24.8,Within SLA,,1,,Ready to use Software,Tier 1,Spain,39.67337,-4.767726
Resolved,2528,Medium,Email,Product setup,1st line support,Bernard Beckley,05-07-2023 21:03,07-07-2023 21:03,05-07-2023 22:03,13:43.4,Within SLA,11:44.1,Within SLA,,3,,Custom software development,Tier 1,Poland,52.536273,19.050639
Resolved,2529,Medium,Chat,Product setup,1st line support,Nicola Wane,05-07-2023 22:10,06-07-2023 22:10,05-07-2023 22:12,11:46.8,Within SLA,00:02.8,Within SLA,,6,,Ready to use Software,Tier 1,Poland,52.536273,19.050639
In progress,2530,Low,Chat,Product setup,1st line support,Sheela Cutten,05-07-2023 17:10,06-07-2023 17:10,05-07-2023 17:12,10:58.8,Within SLA,,SLA Violated,,3,,Ready to use Software,Tier 1,Italy,43.036776,12.678565
Closed,2532,High,Email,Feature request,1st line support,Nicola Wane,05-07-2023 14:30,07-07-2023 14:30,05-07-2023 15:30,36:50.0,Within SLA,41:47.3,Within SLA,06:21.6,2,1,Ready to use Software,Tier 1,United Kingdom,55.378052,-3.435973
Resolved,2535,Low,Chat,Product setup,1st line support,Connor Danielovitch,06-07-2023 02:48,07-07-2023 02:48,06-07-2023 02:50,49:33.4,Within SLA,49:32.5,Within SLA,,6,,Ready to use Software,Tier 1,Italy,43.036776,12.678565
In progress,2536,Low,Chat,Other,1st line support,Connor Danielovitch,06-07-2023 19:49,07-07-2023 19:49,06-07-2023 19:51,49:46.3,Within SLA,,SLA Violated,,9,,Custom software development,Tier 1,Germany,51.165691,10.451526
Closed,2537,Medium,Chat,Product setup,2nd line support,Michele Whyatt,06-07-2023 10:23,07-07-2023 10:23,06-07-2023 10:25,24:37.9,Within SLA,25:55.3,Within SLA,20:38.5,6,5,Custom software development,Tier 2,Italy,43.036776,12.678565
Closed,2539,Low,Email,Pricing and licensing,1st line support,Sheela Cutten,06-07-2023 13:22,08-07-2023 13:22,06-07-2023 14:22,09:12.0,Within SLA,15:47.2,Within SLA,01:43.0,10,4,Ready to use Software,Tier 1,Poland,52.536273,19.050639
Resolved,2540,Low,Email,Other,1st line support,Kristos Westoll,06-07-2023 01:26,08-07-2023 01:26,06-07-2023 02:26,30:39.8,Within SLA,02:45.3,Within SLA,,1,,Ready to use Software,Tier 1,Greece,39.368279,21.863141
Closed,2541,Low,Chat,Pricing and licensing,2nd line support,Adolpho Messingham,06-07-2023 16:59,07-07-2023 16:59,06-07-2023 17:01,05:49.5,SLA Violated,12:08.6,SLA Violated,33:55.7,6,4,Ready to use Software,Tier 2,Poland,52.536273,19.050639
Closed,2543,Low,Phone,Product setup,1st line support,Kristos Westoll,06-07-2023 08:04,08-07-2023 08:04,06-07-2023 08:06,07:20.8,SLA Violated,22:10.7,Within SLA,00:33.5,2,4,Ready to use Software,Tier 1,Germany,51.165691,10.451526
Closed,2544,Medium,Email,Pricing and licensing,1st line support,Sheela Cutten,06-07-2023 14:05,08-07-2023 14:05,06-07-2023 15:05,10:24.3,Within SLA,40:53.1,Within SLA,29:21.1,5,4,Other,Tier 1,Spain,39.67337,-4.767726
Closed,2545,High,Chat,Bug report,1st line support,Sheela Cutten,06-07-2023 02:12,07-07-2023 02:12,06-07-2023 02:14,13:31.0,Within SLA,17:02.6,Within SLA,57:43.9,2,4,Custom software development,Tier 1,Poland,52.536273,19.050639
Resolved,2546,Low,Email,Feature request,2nd line support,Michele Whyatt,06-07-2023 23:36,08-07-2023 23:36,07-07-2023 00:36,45:31.5,Within SLA,17:57.2,SLA Violated,,10,,Ready to use Software,Tier 2,United Kingdom,55.378052,-3.435973
Resolved,2547,Low,Email,Feature request,1st line support,Bernard Beckley,07-07-2023 00:03,09-07-2023 00:03,07-07-2023 01:03,23:28.0,Within SLA,42:20.5,Within SLA,,2,,Custom software development,Tier 1,United Kingdom,55.378052,-3.435973
Resolved,2548,Medium,Email,Pricing and licensing,2nd line support,Heather Urry,07-07-2023 13:22,09-07-2023 13:22,07-07-2023 14:22,55:06.1,Within SLA,13:09.0,Within SLA,,9,,Ready to use Software,Tier 2,Czech Republic,49.8037633,15.4749126
Resolved,2549,Medium,Chat,Pricing and licensing,2nd line support,Michele Whyatt,07-07-2023 11:51,08-07-2023 11:51,07-07-2023 11:53,51:24.4,Within SLA,46:17.4,Within SLA,,6,,Ready to use Software,Tier 2,Italy,43.036776,12.678565
In progress,2550,Low,Chat,Product setup,1st line support,Bernard Beckley,07-07-2023 14:51,08-07-2023 14:51,07-07-2023 14:53,53:11.3,Within SLA,,SLA Violated,,6,,Ready to use Software,Tier 1,Italy,43.036776,12.678565
Resolved,2551,High,Email,Other,1st line support,Connor Danielovitch,07-07-2023 12:22,09-07-2023 12:22,07-07-2023 13:22,48:37.3,Within SLA,00:23.3,SLA Violated,,7,,Ready to use Software,Tier 1,France,48.864716,2.349014
Closed,2552,Low,Email,Product setup,1st line support,Nicola Wane,07-07-2023 23:08,09-07-2023 23:08,08-07-2023 00:08,26:35.7,Within SLA,13:16.5,Within SLA,42:22.9,9,5,Training and Consulting Services,Tier 1,Germany,51.165691,10.451526
Resolved,2553,Low,Phone,Other,1st line support,Bernard Beckley,07-07-2023 22:58,09-07-2023 22:58,07-07-2023 23:00,59:37.7,Within SLA,15:20.6,Within SLA,,7,,Other,Tier 1,Spain,39.67337,-4.767726
Resolved,2554,High,Email,Bug report,1st line support,Nicola Wane,07-07-2023 15:00,09-07-2023 15:00,07-07-2023 16:00,08:31.7,Within SLA,23:22.0,SLA Violated,,3,,Custom software development,Tier 1,Spain,39.67337,-4.767726
Closed,2555,Low,Chat,Feature request,2nd line support,Michele Whyatt,07-07-2023 10:28,08-07-2023 10:28,07-07-2023 10:30,29:39.9,Within SLA,34:15.3,Within SLA,32:37.2,2,4,Ready to use Software,Tier 2,France,48.864716,2.349014
Resolved,2556,Low,Phone,Bug report,1st line support,Kristos Westoll,07-07-2023 00:06,09-07-2023 00:06,07-07-2023 00:08,06:30.6,Within SLA,47:36.8,Within SLA,,1,,Custom software development,Tier 1,Germany,51.165691,10.451526
Closed,2557,Medium,Email,Product setup,1st line support,Bernard Beckley,08-07-2023 00:15,10-07-2023 00:15,08-07-2023 01:15,57:33.0,Within SLA,50:41.9,Within SLA,51:16.7,3,3,Ready to use Software,Tier 1,Italy,43.036776,12.678565
Closed,2558,Low,Chat,Purchasing and invoicing,1st line support,Kristos Westoll,08-07-2023 05:06,09-07-2023 05:06,08-07-2023 05:08,07:02.2,Within SLA,56:16.8,Within SLA,04:55.0,6,3,Other,Tier 1,Austria,47.6964719,13.3457347
Closed,2559,Medium,Chat,Product setup,2nd line support,Adolpho Messingham,09-07-2023 17:02,10-07-2023 17:02,09-07-2023 17:04,03:41.8,Within SLA,11:36.5,Within SLA,51:05.7,2,2,Ready to use Software,Tier 2,France,48.864716,2.349014
Resolved,2566,Low,Phone,Feature request,1st line support,Bernard Beckley,09-07-2023 14:19,11-07-2023 14:19,09-07-2023 14:21,20:00.8,Within SLA,27:33.7,Within SLA,,1,,Custom software development,Tier 1,Austria,47.6964719,13.3457347
Resolved,2567,Medium,Email,Pricing and licensing,1st line support,Nicola Wane,09-07-2023 08:37,11-07-2023 08:37,09-07-2023 09:37,08:45.2,Within SLA,27:24.7,Within SLA,,3,,Ready to use Software,Tier 1,Czech Republic,49.8037633,15.4749126
Resolved,2568,Low,Email,Purchasing and invoicing,1st line support,Connor Danielovitch,09-07-2023 22:06,11-07-2023 22:06,09-07-2023 23:06,03:41.3,Within SLA,37:38.8,Within SLA,,1,,Ready to use Software,Tier 1,Germany,51.165691,10.451526
Closed,2569,Low,Chat,Product setup,2nd line support,Heather Urry,10-07-2023 06:08,11-07-2023 06:08,10-07-2023 06:10,09:08.9,Within SLA,32:24.0,Within SLA,38:04.2,60,2,Custom software development,Tier 2,United Kingdom,55.378052,-3.435973
Resolved,2570,Low,Email,Feature request,2nd line support,Michele Whyatt,10-07-2023 19:01,12-07-2023 19:01,10-07-2023 20:01,36:11.3,Within SLA,14:48.5,Within SLA,,2,,Ready to use Software,Tier 2,Bulgaria,42.7249925,25.4833039
Closed,2571,Medium,Email,Training request,1st line support,Bernard Beckley,10-07-2023 18:34,12-07-2023 18:34,10-07-2023 19:34,52:17.1,Within SLA,30:06.6,SLA Violated,51:27.0,9,1,Training and Consulting Services,Tier 1,Germany,51.165691,10.451526
Closed,2572,Low,Email,Product setup,1st line support,Nicola Wane,10-07-2023 05:59,12-07-2023 05:59,10-07-2023 06:59,13:23.9,Within SLA,26:02.7,SLA Violated,08:51.9,3,4,Ready to use Software,Tier 1,Bulgaria,42.7249925,25.4833039
Resolved,2573,Low,Chat,Training request,2nd line support,Michele Whyatt,10-07-2023 14:32,11-07-2023 14:32,10-07-2023 14:34,34:17.3,Within SLA,26:52.7,SLA Violated,,2,,Training and Consulting Services,Tier 2,Bulgaria,42.7249925,25.4833039
Closed,2574,Medium,Phone,Other,1st line support,Connor Danielovitch,10-07-2023 04:02,12-07-2023 04:02,10-07-2023 04:04,04:06.9,Within SLA,54:18.7,Within SLA,20:55.2,2,4,Ready to use Software,Tier 1,Poland,52.536273,19.050639
Closed,2575,Medium,Email,Bug report,1st line support,Connor Danielovitch,10-07-2023 04:15,12-07-2023 04:15,10-07-2023 05:15,32:10.6,Within SLA,11:46.1,Within SLA,40:12.3,5,5,Ready to use Software,Tier 1,Republic of Ireland,53.094024,-8.019675
In progress,2576,Low,Phone,Product setup,1st line support,Nicola Wane,10-07-2023 17:17,12-07-2023 17:17,10-07-2023 17:19,20:57.3,SLA Violated,,SLA Violated,,5,,Other,Tier 1,Republic of Ireland,53.094024,-8.019675
Resolved,2577,Medium,Chat,Feature request,1st line support,Sheela Cutten,10-07-2023 07:34,11-07-2023 07:34,10-07-2023 07:36,36:47.1,SLA Violated,02:02.3,Within SLA,,6,,Ready to use Software,Tier 1,France,48.864716,2.349014
Resolved,2578,Medium,Chat,Feature request,2nd line support,Michele Whyatt,10-07-2023 21:04,11-07-2023 21:04,10-07-2023 21:06,05:40.6,Within SLA,00:14.3,Within SLA,,6,,Other,Tier 2,United Kingdom,55.378052,-3.435973
Resolved,2579,Low,Email,Product setup,1st line support,Nicola Wane,10-07-2023 07:54,12-07-2023 07:54,10-07-2023 08:54,16:30.9,Within SLA,19:08.6,Within SLA,,3,,Other,Tier 1,United Kingdom,55.378052,-3.435973
Resolved,2580,Medium,Email,Feature request,1st line support,Kristos Westoll,10-07-2023 11:07,12-07-2023 11:07,10-07-2023 12:07,44:30.8,Within SLA,27:58.4,SLA Violated,,2,,Ready to use Software,Tier 1,Germany,51.165691,10.451526
In progress,2581,High,Chat,Training request,1st line support,Connor Danielovitch,11-07-2023 10:05,12-07-2023 10:05,11-07-2023 10:07,06:23.0,Within SLA,,SLA Violated,,2,,Training and Consulting Services,Tier 1,Italy,43.036776,12.678565
Resolved,2582,Low,Email,Purchasing and invoicing,2nd line support,Michele Whyatt,11-07-2023 05:02,13-07-2023 05:02,11-07-2023 06:02,05:15.2,Within SLA,21:49.5,Within SLA,,10,,Custom software development,Tier 2,Germany,51.165691,10.451526
Closed,2583,High,Chat,Purchasing and invoicing,1st line support,Sheela Cutten,11-07-2023 21:40,12-07-2023 21:40,11-07-2023 21:42,40:52.0,Within SLA,40:37.3,Within SLA,31:21.0,5,2,Other,Tier 1,Spain,39.67337,-4.767726
Closed,2584,Medium,Email,Purchasing and invoicing,2nd line support,Heather Urry,11-07-2023 22:04,13-07-2023 22:04,11-07-2023 23:04,02:16.7,Within SLA,56:27.1,Within SLA,10:25.7,10,3,Other,Tier 2,France,48.864716,2.349014
Closed,2585,Low,Phone,Feature request,1st line support,Sheela Cutten,11-07-2023 00:09,13-07-2023 00:09,11-07-2023 00:11,11:07.1,Within SLA,52:55.5,Within SLA,59:10.8,4,2,Ready to use Software,Tier 1,Germany,51.165691,10.451526
Resolved,2586,Medium,Chat,Feature request,1st line support,Connor Danielovitch,11-07-2023 01:59,12-07-2023 01:59,11-07-2023 02:01,01:36.8,Within SLA,10:37.5,SLA Violated,,3,,Ready to use Software,Tier 1,Germany,51.165691,10.451526
Closed,2587,Low,Email,Bug report,1st line support,Connor Danielovitch,11-07-2023 04:59,13-07-2023 04:59,11-07-2023 05:59,33:15.2,Within SLA,18:21.6,Within SLA,49:01.6,5,3,Custom software development,Tier 1,Poland,52.536273,19.050639
In progress,2588,Medium,Email,Product setup,1st line support,Sheela Cutten,11-07-2023 01:35,13-07-2023 01:35,11-07-2023 02:35,27:02.1,Within SLA,,SLA Violated,,10,,Custom software development,Tier 1,Slovenia,46.1491664,14.9860106
Resolved,2589,Low,Chat,Feature request,1st line support,Bernard Beckley,11-07-2023 03:05,12-07-2023 03:05,11-07-2023 03:07,06:29.8,Within SLA,47:02.1,Within SLA,,6,,Ready to use Software,Tier 1,Germany,51.165691,10.451526
Closed,2590,Medium,Email,Pricing and licensing,1st line support,Sheela Cutten,12-07-2023 16:05,14-07-2023 16:05,12-07-2023 17:05,59:40.2,Within SLA,37:53.2,SLA Violated,59:39.4,2,3,Custom software development,Tier 1,France,48.864716,2.349014
In progress,2591,Low,Email,Purchasing and invoicing,1st line support,Bernard Beckley,12-07-2023 07:32,14-07-2023 07:32,12-07-2023 08:32,51:02.0,Within SLA,,SLA Violated,,9,,Ready to use Software,Tier 1,Germany,51.165691,10.451526
Closed,2592,Low,Chat,Product setup,1st line support,Bernard Beckley,12-07-2023 16:04,13-07-2023 16:04,12-07-2023 16:06,07:27.4,SLA Violated,09:45.3,Within SLA,06:54.4,6,3,Ready to use Software,Tier 1,United Kingdom,55.378052,-3.435973
Closed,2593,Low,Chat,Pricing and licensing,2nd line support,Michele Whyatt,12-07-2023 04:04,13-07-2023 04:04,12-07-2023 04:06,06:16.6,Within SLA,15:21.8,Within SLA,56:29.8,4,4,Ready to use Software,Tier 2,Italy,43.036776,12.678565
In progress,2594,Medium,Email,Purchasing and invoicing,1st line support,Connor Danielovitch,12-07-2023 17:46,14-07-2023 17:46,12-07-2023 18:46,23:47.4,Within SLA,,SLA Violated,,1,,Ready to use Software,Tier 1,United Kingdom,55.378052,-3.435973
Closed,2595,Low,Chat,Pricing and licensing,1st line support,Bernard Beckley,12-07-2023 20:49,13-07-2023 20:49,12-07-2023 20:51,50:52.3,Within SLA,18:20.6,Within SLA,39:13.2,6,3,Ready to use Software,Tier 1,Poland,52.536273,19.050639
Closed,2596,Medium,Phone,Pricing and licensing,1st line support,Nicola Wane,12-07-2023 21:28,14-07-2023 21:28,12-07-2023 21:30,29:28.9,Within SLA,17:14.8,SLA Violated,28:29.5,3,4,Ready to use Software,Tier 1,Italy,43.036776,12.678565
Closed,2597,Medium,Chat,Feature request,1st line support,Sheela Cutten,12-07-2023 15:40,13-07-2023 15:40,12-07-2023 15:42,42:14.8,Within SLA,03:48.7,Within SLA,11:54.4,3,4,Ready to use Software,Tier 1,Slovenia,46.1491664,14.9860106
Resolved,2598,Low,Chat,Feature request,1st line support,Sheela Cutten,12-07-2023 17:30,13-07-2023 17:30,12-07-2023 17:32,34:43.2,SLA Violated,31:55.0,Within SLA,,60,,Ready to use Software,Tier 1,United Kingdom,55.378052,-3.435973
In progress,2599,High,Phone,Product setup,1st line support,Connor Danielovitch,13-07-2023 17:14,15-07-2023 17:14,13-07-2023 17:16,15:06.6,Within SLA,,SLA Violated,,2,,Training and Consulting Services,Tier 1,Germany,51.165691,10.451526
Resolved,2600,Medium,Phone,Pricing and licensing,2nd line support,Adolpho Messingham,13-07-2023 07:02,15-07-2023 07:02,13-07-2023 07:04,04:07.0,Within SLA,58:44.6,Within SLA,,1,,Custom software development,Tier 2,Poland,52.536273,19.050639
Closed,2601,Medium,Chat,Bug report,1st line support,Bernard Beckley,13-07-2023 07:09,14-07-2023 07:09,13-07-2023 07:11,09:19.6,Within SLA,38:04.3,Within SLA,56:34.7,6,3,Training and Consulting Services,Tier 1,United Kingdom,55.378052,-3.435973
Closed,2602,Medium,Chat,Pricing and licensing,1st line support,Connor Danielovitch,13-07-2023 05:54,14-07-2023 05:54,13-07-2023 05:56,56:39.0,Within SLA,20:26.5,SLA Violated,02:10.0,6,4,Ready to use Software,Tier 1,Bulgaria,42.7249925,25.4833039
Resolved,2603,Medium,Email,Purchasing and invoicing,1st line support,Bernard Beckley,13-07-2023 10:58,15-07-2023 10:58,13-07-2023 11:58,22:46.6,Within SLA,21:05.2,Within SLA,,1,,Ready to use Software,Tier 1,Poland,52.536273,19.050639
In progress,2604,High,Email,Other,2nd line support,Adolpho Messingham,14-07-2023 16:19,16-07-2023 16:19,14-07-2023 17:19,33:48.6,Within SLA,,SLA Violated,,10,,Ready to use Software,Tier 2,Poland,52.536273,19.050639
Closed,2605,Low,Chat,Feature request,2nd line support,Michele Whyatt,14-07-2023 19:58,15-07-2023 19:58,14-07-2023 20:00,58:50.2,Within SLA,07:10.0,Within SLA,17:41.8,6,4,Other,Tier 2,Poland,52.536273,19.050639
Closed,2606,Medium,Chat,Pricing and licensing,1st line support,Sheela Cutten,14-07-2023 17:35,15-07-2023 17:35,14-07-2023 17:37,36:13.0,Within SLA,01:49.4,Within SLA,37:06.9,2,4,Custom software development,Tier 1,United Kingdom,55.378052,-3.435973
Closed,2607,Low,Chat,Feature request,1st line support,Kristos Westoll,14-07-2023 17:14,15-07-2023 17:14,14-07-2023 17:16,16:57.3,SLA Violated,26:56.5,Within SLA,07:51.3,7,4,Ready to use Software,Tier 1,United Kingdom,55.378052,-3.435973
Resolved,2608,Low,Email,Product setup,1st line support,Nicola Wane,14-07-2023 13:34,16-07-2023 13:34,14-07-2023 14:34,11:27.6,Within SLA,29:55.7,SLA Violated,,10,,Custom software development,Tier 1,Slovenia,46.1491664,14.9860106
In progress,2610,Medium,Email,Product setup,1st line support,Connor Danielovitch,14-07-2023 22:52,16-07-2023 22:52,14-07-2023 23:52,10:29.7,Within SLA,,SLA Violated,,10,,Training and Consulting Services,Tier 1,United Kingdom,55.378052,-3.435973
Resolved,2611,Low,Email,Pricing and licensing,1st line support,Bernard Beckley,14-07-2023 11:31,16-07-2023 11:31,14-07-2023 12:31,46:25.5,SLA Violated,58:55.7,Within SLA,,2,,Ready to use Software,Tier 1,Greece,39.368279,21.863141
Closed,2612,Low,Chat,Feature request,1st line support,Nicola Wane,14-07-2023 03:21,15-07-2023 03:21,14-07-2023 03:23,22:59.8,Within SLA,04:33.7,SLA Violated,00:08.5,6,4,Ready to use Software,Tier 1,France,48.864716,2.349014
Closed,2613,Medium,Email,Purchasing and invoicing,1st line support,Bernard Beckley,14-07-2023 08:22,16-07-2023 08:22,14-07-2023 09:22,45:18.4,Within SLA,32:51.9,Within SLA,37:43.5,2,3,Other,Tier 1,United Kingdom,55.378052,-3.435973
Resolved,2619,Low,Email,Product setup,1st line support,Kristos Westoll,15-07-2023 12:50,17-07-2023 12:50,15-07-2023 13:50,16:26.2,Within SLA,58:23.4,SLA Violated,,2,,Other,Tier 1,Italy,43.036776,12.678565
In progress,2620,Low,Email,Pricing and licensing,1st line support,Nicola Wane,15-07-2023 14:25,17-07-2023 14:25,15-07-2023 15:25,58:46.8,Within SLA,,SLA Violated,,2,,Ready to use Software,Tier 1,Poland,52.536273,19.050639
Closed,2621,Low,Chat,Product setup,2nd line support,Heather Urry,15-07-2023 23:31,16-07-2023 23:31,15-07-2023 23:33,32:28.9,Within SLA,19:54.4,Within SLA,05:18.8,6,3,Training and Consulting Services,Tier 2,Germany,51.165691,10.451526
Closed,2622,Medium,Email,Bug report,1st line support,Kristos Westoll,16-07-2023 21:55,18-07-2023 21:55,16-07-2023 22:55,04:17.4,Within SLA,43:44.5,Within SLA,45:01.8,2,4,Ready to use Software,Tier 1,Italy,43.036776,12.678565
Closed,2632,Medium,Chat,Other,1st line support,Connor Danielovitch,16-07-2023 17:54,17-07-2023 17:54,16-07-2023 17:56,55:43.3,Within SLA,55:55.1,SLA Violated,55:41.0,3,5,Custom software development,Tier 1,Italy,43.036776,12.678565
Closed,2633,Low,Email,Purchasing and invoicing,1st line support,Connor Danielovitch,17-07-2023 12:33,19-07-2023 12:33,17-07-2023 13:33,08:24.2,Within SLA,04:48.3,Within SLA,49:03.7,9,3,Other,Tier 1,Slovenia,46.1491664,14.9860106
In progress,2634,Medium,Chat,Purchasing and invoicing,1st line support,Connor Danielovitch,17-07-2023 13:46,18-07-2023 13:46,17-07-2023 13:48,48:06.8,Within SLA,,SLA Violated,,9,,Ready to use Software,Tier 1,Poland,52.536273,19.050639
In progress,2635,High,Email,Product setup,1st line support,Sheela Cutten,17-07-2023 09:30,19-07-2023 09:30,17-07-2023 10:30,31:47.6,Within SLA,,SLA Violated,,10,,Other,Tier 1,Greece,39.368279,21.863141
Closed,2636,Medium,Email,Product setup,2nd line support,Adolpho Messingham,17-07-2023 21:54,19-07-2023 21:54,17-07-2023 22:54,08:27.3,Within SLA,45:21.1,Within SLA,16:59.9,7,3,Ready to use Software,Tier 2,Italy,43.036776,12.678565
Closed,2637,Low,Email,Pricing and licensing,2nd line support,Adolpho Messingham,17-07-2023 04:29,19-07-2023 04:29,17-07-2023 05:29,52:32.6,Within SLA,15:09.1,Within SLA,05:39.3,2,5,Training and Consulting Services,Tier 2,Germany,51.165691,10.451526
Closed,2638,Low,Email,Product setup,1st line support,Kristos Westoll,17-07-2023 16:26,19-07-2023 16:26,17-07-2023 17:26,14:39.2,Within SLA,26:17.4,SLA Violated,01:36.7,2,2,Training and Consulting Services,Tier 1,United Kingdom,55.378052,-3.435973
In progress,2639,Medium,Email,Product setup,1st line support,Kristos Westoll,17-07-2023 15:47,19-07-2023 15:47,17-07-2023 16:47,37:33.3,Within SLA,,SLA Violated,,1,,Training and Consulting Services,Tier 1,United Kingdom,55.378052,-3.435973
In progress,2640,Medium,Email,Other,1st line support,Kristos Westoll,17-07-2023 14:31,19-07-2023 14:31,17-07-2023 15:31,12:37.4,Within SLA,,SLA Violated,,2,,Ready to use Software,Tier 1,Republic of Ireland,53.094024,-8.019675
Resolved,2641,Low,Email,Pricing and licensing,1st line support,Kristos Westoll,17-07-2023 15:53,19-07-2023 15:53,17-07-2023 16:53,35:59.0,Within SLA,31:33.1,Within SLA,,7,,Ready to use Software,Tier 1,Italy,43.036776,12.678565
Closed,2642,Medium,Chat,Other,1st line support,Connor Danielovitch,18-07-2023 02:49,19-07-2023 02:49,18-07-2023 02:51,50:23.5,Within SLA,49:49.9,Within SLA,57:18.6,2,4,Ready to use Software,Tier 1,Germany,51.165691,10.451526
Resolved,2643,Low,Email,Feature request,1st line support,Nicola Wane,18-07-2023 14:57,20-07-2023 14:57,18-07-2023 15:57,30:41.3,Within SLA,00:03.5,Within SLA,,10,,Ready to use Software,Tier 1,Slovenia,46.1491664,14.9860106
Closed,2644,Medium,Chat,Purchasing and invoicing,2nd line support,Michele Whyatt,18-07-2023 16:29,19-07-2023 16:29,18-07-2023 16:31,30:23.5,Within SLA,15:58.9,Within SLA,59:09.6,6,3,Custom software development,Tier 2,Germany,51.165691,10.451526
Closed,2645,Low,Email,Other,1st line support,Bernard Beckley,18-07-2023 13:46,20-07-2023 13:46,18-07-2023 14:46,53:41.4,Within SLA,31:10.8,Within SLA,34:12.7,1,1,Other,Tier 1,United Kingdom,55.378052,-3.435973
Resolved,2646,Low,Email,Product setup,1st line support,Connor Danielovitch,18-07-2023 07:16,20-07-2023 07:16,18-07-2023 08:16,51:02.1,Within SLA,09:06.4,Within SLA,,4,,Custom software development,Tier 1,Germany,51.165691,10.451526
Closed,2647,Low,Email,Product setup,1st line support,Kristos Westoll,18-07-2023 17:01,20-07-2023 17:01,18-07-2023 18:01,07:21.6,Within SLA,34:56.7,SLA Violated,14:44.1,2,2,Ready to use Software,Tier 1,Austria,47.6964719,13.3457347
In progress,2648,High,Email,Purchasing and invoicing,1st line support,Kristos Westoll,18-07-2023 04:21,20-07-2023 04:21,18-07-2023 05:21,46:42.0,Within SLA,,SLA Violated,,2,,Other,Tier 1,Italy,43.036776,12.678565
In progress,2649,Low,Email,Other,2nd line support,Adolpho Messingham,18-07-2023 05:16,20-07-2023 05:16,18-07-2023 06:16,29:30.6,Within SLA,,SLA Violated,,3,,Custom software development,Tier 2,Italy,43.036776,12.678565
Closed,2650,Low,Email,Pricing and licensing,1st line support,Nicola Wane,18-07-2023 07:18,20-07-2023 07:18,18-07-2023 08:18,47:46.1,Within SLA,04:06.3,Within SLA,09:41.8,3,5,Ready to use Software,Tier 1,Republic of Ireland,53.094024,-8.019675
In progress,2651,Low,Chat,Product setup,1st line support,Connor Danielovitch,19-07-2023 20:24,20-07-2023 20:24,19-07-2023 20:26,26:38.9,Within SLA,,SLA Violated,,2,,Custom software development,Tier 1,Spain,39.67337,-4.767726
Closed,2652,Low,Chat,Purchasing and invoicing,1st line support,Connor Danielovitch,19-07-2023 03:50,20-07-2023 03:50,19-07-2023 03:52,52:34.7,Within SLA,59:26.0,SLA Violated,39:31.4,6,3,Other,Tier 1,Germany,51.165691,10.451526
Closed,2653,High,Chat,Pricing and licensing,1st line support,Bernard Beckley,19-07-2023 00:38,20-07-2023 00:38,19-07-2023 00:40,42:42.5,SLA Violated,49:06.2,SLA Violated,26:57.3,7,5,Other,Tier 1,Austria,47.6964719,13.3457347
Closed,2654,Medium,Chat,Feature request,2nd line support,Adolpho Messingham,19-07-2023 04:58,20-07-2023 04:58,19-07-2023 05:00,01:04.8,SLA Violated,48:52.3,Within SLA,53:23.9,3,3,Custom software development,Tier 2,Italy,43.036776,12.678565
Resolved,2655,High,Email,Product setup,1st line support,Kristos Westoll,19-07-2023 16:27,21-07-2023 16:27,19-07-2023 17:27,44:24.1,Within SLA,35:34.1,Within SLA,,10,,Ready to use Software,Tier 1,Czech Republic,49.8037633,15.4749126
Closed,2656,Low,Email,Pricing and licensing,1st line support,Sheela Cutten,19-07-2023 01:55,21-07-2023 01:55,19-07-2023 02:55,54:33.7,Within SLA,30:47.7,Within SLA,08:19.0,6,3,Ready to use Software,Tier 1,Italy,43.036776,12.678565
Closed,2657,High,Chat,Product setup,1st line support,Bernard Beckley,19-07-2023 11:40,20-07-2023 11:40,19-07-2023 11:42,41:04.6,Within SLA,43:27.8,SLA Violated,06:29.5,2,5,Ready to use Software,Tier 1,Italy,43.036776,12.678565
Resolved,2658,Medium,Chat,Product setup,1st line support,Bernard Beckley,19-07-2023 07:01,20-07-2023 07:01,19-07-2023 07:03,02:10.8,Within SLA,02:59.2,Within SLA,,8,,Ready to use Software,Tier 1,Spain,39.67337,-4.767726
Closed,2659,Medium,Chat,Feature request,2nd line support,Heather Urry,19-07-2023 21:29,20-07-2023 21:29,19-07-2023 21:31,30:48.3,Within SLA,07:03.0,Within SLA,52:20.9,9,4,Ready to use Software,Tier 2,France,48.864716,2.349014
Resolved,2660,Low,Chat,Product setup,2nd line support,Michele Whyatt,19-07-2023 20:35,20-07-2023 20:35,19-07-2023 20:37,37:08.4,Within SLA,19:48.0,Within SLA,,9,,Ready to use Software,Tier 2,Spain,39.67337,-4.767726
Closed,2661,Low,Email,Product setup,2nd line support,Michele Whyatt,19-07-2023 10:17,21-07-2023 10:17,19-07-2023 11:17,24:46.9,Within SLA,43:40.4,Within SLA,36:15.1,1,1,Ready to use Software,Tier 2,Poland,52.536273,19.050639
Resolved,2662,Low,Chat,Pricing and licensing,2nd line support,Adolpho Messingham,20-07-2023 05:38,21-07-2023 05:38,20-07-2023 05:40,39:06.8,Within SLA,17:45.8,Within SLA,,2,,Ready to use Software,Tier 2,Poland,52.536273,19.050639
Closed,2663,Low,Email,Training request,1st line support,Bernard Beckley,20-07-2023 09:57,22-07-2023 09:57,20-07-2023 10:57,01:29.7,Within SLA,53:58.1,SLA Violated,09:07.0,1,3,Training and Consulting Services,Tier 1,France,48.864716,2.349014
Resolved,2664,Low,Email,Feature request,1st line support,Sheela Cutten,20-07-2023 07:52,22-07-2023 07:52,20-07-2023 08:52,38:34.2,Within SLA,28:56.3,Within SLA,,10,,Ready to use Software,Tier 1,Germany,51.165691,10.451526
Resolved,2665,Low,Email,Feature request,2nd line support,Michele Whyatt,20-07-2023 23:02,22-07-2023 23:02,21-07-2023 00:02,37:51.8,Within SLA,22:57.9,Within SLA,,6,,Other,Tier 2,Poland,52.536273,19.050639
Closed,2667,Medium,Email,Pricing and licensing,2nd line support,Heather Urry,20-07-2023 00:51,22-07-2023 00:51,20-07-2023 01:51,20:37.7,Within SLA,00:49.7,Within SLA,43:23.4,4,5,Custom software development,Tier 2,France,48.864716,2.349014
Resolved,2669,Medium,Email,Pricing and licensing,1st line support,Connor Danielovitch,20-07-2023 05:31,22-07-2023 05:31,20-07-2023 06:31,05:20.1,SLA Violated,37:32.7,Within SLA,,2,,Custom software development,Tier 1,Germany,51.165691,10.451526
In progress,2670,Medium,Email,Feature request,1st line support,Kristos Westoll,20-07-2023 08:29,22-07-2023 08:29,20-07-2023 09:29,24:29.2,Within SLA,,SLA Violated,,6,,Ready to use Software,Tier 1,Poland,52.536273,19.050639
In progress,2671,Low,Chat,Product setup,1st line support,Kristos Westoll,20-07-2023 10:48,21-07-2023 10:48,20-07-2023 10:50,49:06.0,Within SLA,,SLA Violated,,4,,Other,Tier 1,Greece,39.368279,21.863141
Closed,2672,Low,Chat,Product setup,1st line support,Kristos Westoll,20-07-2023 03:48,21-07-2023 03:48,20-07-2023 03:50,50:13.5,Within SLA,47:32.7,SLA Violated,09:35.9,5,2,Custom software development,Tier 1,Austria,47.6964719,13.3457347
Resolved,2673,Medium,Email,Pricing and licensing,2nd line support,Heather Urry,20-07-2023 15:35,22-07-2023 15:35,20-07-2023 16:35,57:36.3,Within SLA,15:07.1,Within SLA,,1,,Ready to use Software,Tier 2,Italy,43.036776,12.678565
Resolved,2674,Medium,Email,Other,1st line support,Nicola Wane,21-07-2023 17:17,23-07-2023 17:17,21-07-2023 18:17,54:59.6,Within SLA,02:34.1,Within SLA,,4,,Training and Consulting Services,Tier 1,Greece,39.368279,21.863141
Closed,2675,Medium,Chat,Bug report,1st line support,Nicola Wane,21-07-2023 04:14,22-07-2023 04:14,21-07-2023 04:16,16:00.8,Within SLA,12:33.0,SLA Violated,09:47.5,2,4,Ready to use Software,Tier 1,Poland,52.536273,19.050639
Resolved,2676,Medium,Email,Product setup,1st line support,Kristos Westoll,21-07-2023 21:58,23-07-2023 21:58,21-07-2023 22:58,25:47.9,Within SLA,49:28.1,Within SLA,,3,,Custom software development,Tier 1,Germany,51.165691,10.451526
Resolved,2677,Low,Chat,Feature request,2nd line support,Adolpho Messingham,21-07-2023 23:58,22-07-2023 23:58,22-07-2023 00:00,04:42.1,SLA Violated,48:29.9,Within SLA,,2,,Other,Tier 2,Germany,51.165691,10.451526
Closed,2678,Medium,Email,Pricing and licensing,1st line support,Nicola Wane,21-07-2023 01:52,23-07-2023 01:52,21-07-2023 02:52,37:43.5,Within SLA,39:50.4,Within SLA,24:44.0,2,5,Other,Tier 1,United Kingdom,55.378052,-3.435973
Resolved,2680,Medium,Chat,Product setup,2nd line support,Michele Whyatt,21-07-2023 08:59,22-07-2023 08:59,21-07-2023 09:01,00:17.2,Within SLA,40:45.5,Within SLA,,9,,Ready to use Software,Tier 2,Czech Republic,49.8037633,15.4749126
Closed,2681,High,Chat,Product setup,1st line support,Nicola Wane,22-07-2023 09:55,23-07-2023 09:55,22-07-2023 09:57,57:43.6,Within SLA,14:54.3,SLA Violated,18:59.7,4,4,Custom software development,Tier 1,Germany,51.165691,10.451526
Closed,2682,Low,Email,Product setup,2nd line support,Michele Whyatt,22-07-2023 07:28,24-07-2023 07:28,22-07-2023 08:28,10:22.9,Within SLA,54:44.2,SLA Violated,11:42.4,1,2,Ready to use Software,Tier 2,Greece,39.368279,21.863141
Closed,2683,Low,Chat,Feature request,1st line support,Sheela Cutten,22-07-2023 02:02,23-07-2023 02:02,22-07-2023 02:04,02:14.0,Within SLA,46:19.4,Within SLA,55:14.6,9,3,Ready to use Software,Tier 1,Italy,43.036776,12.678565
Closed,2694,Medium,Chat,Product setup,1st line support,Kristos Westoll,23-07-2023 08:50,24-07-2023 08:50,23-07-2023 08:52,50:40.8,Within SLA,33:01.6,Within SLA,50:43.9,2,5,Ready to use Software,Tier 1,Italy,43.036776,12.678565
In progress,2695,Medium,Chat,Product setup,1st line support,Nicola Wane,23-07-2023 03:45,24-07-2023 03:45,23-07-2023 03:47,45:39.8,Within SLA,,SLA Violated,,5,,Ready to use Software,Tier 1,Republic of Ireland,53.094024,-8.019675
Resolved,2696,Low,Email,Bug report,2nd line support,Heather Urry,23-07-2023 22:55,25-07-2023 22:55,23-07-2023 23:55,21:52.8,Within SLA,28:53.3,Within SLA,,10,,Other,Tier 2,Czech Republic,49.8037633,15.4749126
Closed,2697,High,Email,Product setup,1st line support,Sheela Cutten,24-07-2023 20:47,26-07-2023 20:47,24-07-2023 21:47,23:03.9,Within SLA,24:37.4,Within SLA,21:46.8,1,4,Ready to use Software,Tier 1,Italy,43.036776,12.678565
Resolved,2698,Medium,Email,Other,1st line support,Connor Danielovitch,24-07-2023 23:11,26-07-2023 23:11,25-07-2023 00:11,57:15.9,Within SLA,41:59.1,Within SLA,,6,,Custom software development,Tier 1,Bulgaria,42.7249925,25.4833039
In progress,2699,Medium,Phone,Purchasing and invoicing,1st line support,Nicola Wane,24-07-2023 08:12,26-07-2023 08:12,24-07-2023 08:14,13:05.1,Within SLA,,SLA Violated,,3,,Other,Tier 1,Greece,39.368279,21.863141
In progress,2700,Medium,Chat,Product setup,1st line support,Kristos Westoll,24-07-2023 05:12,25-07-2023 05:12,24-07-2023 05:14,14:07.6,Within SLA,,SLA Violated,,6,,Other,Tier 1,Italy,43.036776,12.678565
Closed,2701,High,Email,Product setup,1st line support,Sheela Cutten,24-07-2023 22:56,26-07-2023 22:56,24-07-2023 23:56,42:23.9,Within SLA,40:05.9,Within SLA,24:06.0,4,4,Custom software development,Tier 1,Poland,52.536273,19.050639
Closed,2702,Low,Chat,Purchasing and invoicing,1st line support,Nicola Wane,24-07-2023 06:35,25-07-2023 06:35,24-07-2023 06:37,35:25.7,Within SLA,10:32.8,SLA Violated,35:35.7,2,4,Ready to use Software,Tier 1,Germany,51.165691,10.451526
Closed,2703,Medium,Chat,Purchasing and invoicing,2nd line support,Heather Urry,24-07-2023 05:17,25-07-2023 05:17,24-07-2023 05:19,17:12.4,Within SLA,09:28.3,SLA Violated,21:17.4,4,1,Ready to use Software,Tier 2,Slovenia,46.1491664,14.9860106
Closed,2704,Low,Email,Purchasing and invoicing,1st line support,Nicola Wane,24-07-2023 19:22,26-07-2023 19:22,24-07-2023 20:22,13:09.2,Within SLA,18:25.8,Within SLA,21:00.1,10,5,Other,Tier 1,Czech Republic,49.8037633,15.4749126
Closed,2705,High,Email,Feature request,2nd line support,Heather Urry,25-07-2023 19:01,27-07-2023 19:01,25-07-2023 20:01,52:42.4,Within SLA,17:23.3,Within SLA,50:00.7,1,5,Ready to use Software,Tier 2,Poland,52.536273,19.050639
In progress,2706,Medium,Phone,Pricing and licensing,1st line support,Bernard Beckley,25-07-2023 05:19,27-07-2023 05:19,25-07-2023 05:21,20:05.6,Within SLA,,SLA Violated,,5,,Ready to use Software,Tier 1,Poland,52.536273,19.050639
In progress,2707,High,Chat,Other,1st line support,Nicola Wane,25-07-2023 08:24,26-07-2023 08:24,25-07-2023 08:26,24:49.2,Within SLA,,SLA Violated,,5,,Custom software development,Tier 1,Spain,39.67337,-4.767726
Resolved,2708,Medium,Chat,Feature request,1st line support,Connor Danielovitch,25-07-2023 10:09,26-07-2023 10:09,25-07-2023 10:11,11:08.7,Within SLA,44:38.9,SLA Violated,,8,,Ready to use Software,Tier 1,Republic of Ireland,53.094024,-8.019675
Resolved,2709,Medium,Email,Purchasing and invoicing,1st line support,Sheela Cutten,25-07-2023 12:41,27-07-2023 12:41,25-07-2023 13:41,13:22.6,Within SLA,54:09.9,Within SLA,,5,,Ready to use Software,Tier 1,Germany,51.165691,10.451526
Closed,2710,Low,Chat,Bug report,1st line support,Sheela Cutten,25-07-2023 16:03,26-07-2023 16:03,25-07-2023 16:05,05:28.5,Within SLA,00:31.7,Within SLA,45:53.7,2,3,Ready to use Software,Tier 1,Germany,51.165691,10.451526
Closed,2711,Medium,Chat,Training request,1st line support,Kristos Westoll,25-07-2023 22:00,26-07-2023 22:00,25-07-2023 22:02,01:39.0,Within SLA,00:15.8,Within SLA,43:54.4,5,1,Training and Consulting Services,Tier 1,United Kingdom,55.378052,-3.435973
Closed,2712,Medium,Phone,Pricing and licensing,2nd line support,Heather Urry,26-07-2023 05:17,28-07-2023 05:17,26-07-2023 05:19,20:38.6,SLA Violated,15:44.9,SLA Violated,43:46.5,1,5,Ready to use Software,Tier 2,Slovenia,46.1491664,14.9860106
Resolved,2713,Low,Chat,Other,1st line support,Bernard Beckley,26-07-2023 17:48,27-07-2023 17:48,26-07-2023 17:50,49:01.2,Within SLA,00:45.5,Within SLA,,9,,Custom software development,Tier 1,Slovenia,46.1491664,14.9860106
In progress,2714,Medium,Email,Pricing and licensing,1st line support,Nicola Wane,26-07-2023 17:37,28-07-2023 17:37,26-07-2023 18:37,36:14.6,Within SLA,,SLA Violated,,6,,Training and Consulting Services,Tier 1,United Kingdom,55.378052,-3.435973
Closed,2715,Low,Chat,Pricing and licensing,1st line support,Nicola Wane,26-07-2023 11:56,27-07-2023 11:56,26-07-2023 11:58,59:02.9,SLA Violated,38:29.8,Within SLA,06:53.1,2,5,Other,Tier 1,Germany,51.165691,10.451526
In progress,2716,Low,Email,Product setup,1st line support,Bernard Beckley,26-07-2023 06:23,28-07-2023 06:23,26-07-2023 07:23,28:24.5,Within SLA,,SLA Violated,,3,,Training and Consulting Services,Tier 1,Poland,52.536273,19.050639
Closed,2717,Low,Email,Product setup,2nd line support,Heather Urry,26-07-2023 10:12,28-07-2023 10:12,26-07-2023 11:12,57:29.8,Within SLA,06:47.5,Within SLA,29:49.9,2,3,Custom software development,Tier 2,United Kingdom,55.378052,-3.435973
Resolved,2718,Medium,Email,Purchasing and invoicing,1st line support,Sheela Cutten,26-07-2023 10:23,28-07-2023 10:23,26-07-2023 11:23,22:52.2,Within SLA,26:34.6,SLA Violated,,1,,Ready to use Software,Tier 1,Bulgaria,42.7249925,25.4833039
In progress,2719,Low,Email,Purchasing and invoicing,2nd line support,Heather Urry,26-07-2023 14:24,28-07-2023 14:24,26-07-2023 15:24,48:57.0,Within SLA,,SLA Violated,,1,,Custom software development,Tier 2,Spain,39.67337,-4.767726
Resolved,2720,Medium,Email,Product setup,1st line support,Nicola Wane,27-07-2023 12:52,29-07-2023 12:52,27-07-2023 13:52,48:22.0,Within SLA,13:19.7,Within SLA,,1,,Ready to use Software,Tier 1,Greece,39.368279,21.863141
Closed,2721,Low,Phone,Product setup,1st line support,Sheela Cutten,27-07-2023 17:15,29-07-2023 17:15,27-07-2023 17:17,15:21.3,Within SLA,12:01.9,Within SLA,58:28.7,4,2,Custom software development,Tier 1,Bulgaria,42.7249925,25.4833039
Closed,2722,Low,Chat,Training request,1st line support,Connor Danielovitch,27-07-2023 22:45,28-07-2023 22:45,27-07-2023 22:47,50:25.0,SLA Violated,49:53.2,Within SLA,52:59.5,5,4,Training and Consulting Services,Tier 1,Poland,52.536273,19.050639
Resolved,2723,Medium,Email,Bug report,1st line support,Sheela Cutten,27-07-2023 21:40,29-07-2023 21:40,27-07-2023 22:40,57:35.7,Within SLA,02:17.5,Within SLA,,1,,Training and Consulting Services,Tier 1,Italy,43.036776,12.678565
Closed,2724,High,Chat,Pricing and licensing,1st line support,Nicola Wane,27-07-2023 01:06,28-07-2023 01:06,27-07-2023 01:08,07:55.9,Within SLA,58:59.7,Within SLA,04:47.4,6,3,Custom software development,Tier 1,Italy,43.036776,12.678565
Resolved,2725,Low,Email,Feature request,1st line support,Sheela Cutten,28-07-2023 10:17,30-07-2023 10:17,28-07-2023 11:17,19:22.8,Within SLA,24:17.1,SLA Violated,,3,,Custom software development,Tier 1,United Kingdom,55.378052,-3.435973
Closed,2726,High,Email,Product setup,1st line support,Sheela Cutten,28-07-2023 16:21,30-07-2023 16:21,28-07-2023 17:21,34:34.1,Within SLA,38:43.1,Within SLA,24:01.6,8,5,Custom software development,Tier 1,Germany,51.165691,10.451526
Resolved,2728,Low,Email,Product setup,1st line support,Nicola Wane,28-07-2023 04:55,30-07-2023 04:55,28-07-2023 05:55,10:04.8,SLA Violated,39:10.6,Within SLA,,8,,Custom software development,Tier 1,France,48.864716,2.349014
Closed,2729,Medium,Chat,Feature request,1st line support,Connor Danielovitch,28-07-2023 05:07,29-07-2023 05:07,28-07-2023 05:09,08:56.1,Within SLA,57:03.2,SLA Violated,05:50.7,5,3,Ready to use Software,Tier 1,Slovenia,46.1491664,14.9860106
Resolved,2730,Low,Chat,Purchasing and invoicing,1st line support,Kristos Westoll,28-07-2023 03:03,29-07-2023 03:03,28-07-2023 03:05,05:09.1,Within SLA,24:57.0,Within SLA,,6,,Other,Tier 1,France,48.864716,2.349014
Resolved,2731,High,Email,Purchasing and invoicing,1st line support,Kristos Westoll,29-07-2023 16:35,31-07-2023 16:35,29-07-2023 17:35,48:55.7,Within SLA,23:45.8,Within SLA,,3,,Ready to use Software,Tier 1,Italy,43.036776,12.678565
Closed,2732,Medium,Email,Pricing and licensing,1st line support,Nicola Wane,29-07-2023 16:26,31-07-2023 16:26,29-07-2023 17:26,39:43.5,Within SLA,53:59.5,Within SLA,10:26.3,5,5,Custom software development,Tier 1,Republic of Ireland,53.094024,-8.019675
Closed,2734,Low,Chat,Other,1st line support,Bernard Beckley,29-07-2023 12:07,30-07-2023 12:07,29-07-2023 12:09,08:16.3,Within SLA,34:42.0,Within SLA,08:28.1,6,4,Other,Tier 1,Slovenia,46.1491664,14.9860106
Resolved,2746,High,Chat,Other,1st line support,Bernard Beckley,30-07-2023 00:43,31-07-2023 00:43,30-07-2023 00:45,44:17.9,Within SLA,47:26.7,Within SLA,,5,,Other,Tier 1,France,48.864716,2.349014
Closed,2748,Low,Email,Other,1st line support,Sheela Cutten,30-07-2023 21:40,01-08-2023 21:40,30-07-2023 22:40,51:19.3,Within SLA,00:35.0,Within SLA,24:01.6,3,1,Ready to use Software,Tier 1,Slovenia,46.1491664,14.9860106
Closed,2749,Low,Email,Bug report,1st line support,Kristos Westoll,30-07-2023 11:52,01-08-2023 11:52,30-07-2023 12:52,10:04.9,Within SLA,41:33.5,Within SLA,58:15.6,1,4,Custom software development,Tier 1,Slovenia,46.1491664,14.9860106
In progress,2750,Medium,Email,Product setup,2nd line support,Michele Whyatt,31-07-2023 21:21,02-08-2023 21:21,31-07-2023 22:21,51:41.7,SLA Violated,,SLA Violated,,7,,Other,Tier 2,Slovenia,46.1491664,14.9860106
Resolved,2751,Medium,Chat,Pricing and licensing,1st line support,Nicola Wane,31-07-2023 00:14,01-08-2023 00:14,31-07-2023 00:16,14:54.9,Within SLA,36:11.7,SLA Violated,,6,,Custom software development,Tier 1,Czech Republic,49.8037633,15.4749126
Closed,2752,High,Chat,Training request,1st line support,Connor Danielovitch,31-07-2023 09:46,01-08-2023 09:46,31-07-2023 09:48,47:53.6,Within SLA,09:43.0,Within SLA,43:01.4,6,4,Training and Consulting Services,Tier 1,Slovenia,46.1491664,14.9860106
Resolved,2753,Low,Chat,Product setup,1st line support,Connor Danielovitch,31-07-2023 19:50,01-08-2023 19:50,31-07-2023 19:52,53:50.7,SLA Violated,07:04.8,Within SLA,,9,,Ready to use Software,Tier 1,Czech Republic,49.8037633,15.4749126
Closed,2754,Medium,Email,Product setup,2nd line support,Heather Urry,31-07-2023 04:29,02-08-2023 04:29,31-07-2023 05:29,39:49.6,Within SLA,46:08.7,Within SLA,57:22.7,6,4,Custom software development,Tier 2,Spain,39.67337,-4.767726
Closed,2755,Low,Email,Purchasing and invoicing,1st line support,Sheela Cutten,31-07-2023 19:38,02-08-2023 19:38,31-07-2023 20:38,21:20.3,Within SLA,05:10.8,Within SLA,46:49.8,1,4,Ready to use Software,Tier 1,Austria,47.6964719,13.3457347
Closed,2756,High,Email,Product setup,1st line support,Nicola Wane,31-07-2023 15:54,02-08-2023 15:54,31-07-2023 16:54,49:59.1,Within SLA,37:52.1,Within SLA,21:19.4,3,3,Training and Consulting Services,Tier 1,Greece,39.368279,21.863141
Closed,2757,Medium,Chat,Other,1st line support,Bernard Beckley,31-07-2023 15:07,01-08-2023 15:07,31-07-2023 15:09,07:33.4,Within SLA,32:00.1,Within SLA,55:42.7,2,2,Custom software development,Tier 1,Germany,51.165691,10.451526
Closed,2758,Low,Chat,Pricing and licensing,1st line support,Kristos Westoll,31-07-2023 19:18,01-08-2023 19:18,31-07-2023 19:20,19:36.3,Within SLA,03:27.6,Within SLA,48:03.8,2,2,Ready to use Software,Tier 1,Poland,52.536273,19.050639
Resolved,2759,Low,Email,Bug report,1st line support,Nicola Wane,31-07-2023 18:58,02-08-2023 18:58,31-07-2023 19:58,18:24.5,Within SLA,01:45.6,Within SLA,,8,,Ready to use Software,Tier 1,United Kingdom,55.378052,-3.435973
Closed,2760,Medium,Chat,Pricing and licensing,1st line support,Sheela Cutten,31-07-2023 08:56,01-08-2023 08:56,31-07-2023 08:58,57:35.4,Within SLA,55:12.4,SLA Violated,00:27.6,6,5,Ready to use Software,Tier 1,Poland,52.536273,19.050639
Closed,2761,Low,Email,Purchasing and invoicing,1st line support,Connor Danielovitch,31-07-2023 09:43,02-08-2023 09:43,31-07-2023 10:43,47:04.5,Within SLA,59:09.2,Within SLA,35:33.3,8,4,Other,Tier 1,Bulgaria,42.7249925,25.4833039
Closed,2762,Low,Chat,Feature request,1st line support,Nicola Wane,01-08-2023 04:34,02-08-2023 04:34,01-08-2023 04:36,36:13.4,Within SLA,36:45.2,Within SLA,34:59.0,2,5,Ready to use Software,Tier 1,United Kingdom,55.378052,-3.435973
Resolved,2763,Medium,Chat,Feature request,2nd line support,Heather Urry,01-08-2023 15:29,02-08-2023 15:29,01-08-2023 15:31,30:56.3,Within SLA,25:57.5,Within SLA,,7,,Other,Tier 2,Poland,52.536273,19.050639
Resolved,2764,Low,Email,Product setup,1st line support,Nicola Wane,01-08-2023 20:01,03-08-2023 20:01,01-08-2023 21:01,45:23.7,Within SLA,09:18.5,Within SLA,,1,,Other,Tier 1,France,48.864716,2.349014
In progress,2765,High,Email,Product setup,1st line support,Nicola Wane,01-08-2023 11:55,03-08-2023 11:55,01-08-2023 12:55,59:10.9,Within SLA,,SLA Violated,,1,,Other,Tier 1,Italy,43.036776,12.678565
Resolved,2766,Low,Email,Pricing and licensing,1st line support,Bernard Beckley,01-08-2023 03:21,03-08-2023 03:21,01-08-2023 04:21,08:42.8,Within SLA,27:42.6,Within SLA,,4,,Custom software development,Tier 1,Greece,39.368279,21.863141
Closed,2768,Medium,Email,Feature request,2nd line support,Adolpho Messingham,01-08-2023 04:44,03-08-2023 04:44,01-08-2023 05:44,34:43.0,Within SLA,45:17.1,SLA Violated,10:31.3,8,3,Custom software development,Tier 2,Austria,47.6964719,13.3457347
Closed,2769,Medium,Email,Bug report,2nd line support,Adolpho Messingham,02-08-2023 07:41,04-08-2023 07:41,02-08-2023 08:41,46:46.1,Within SLA,25:11.7,Within SLA,42:21.0,2,3,Custom software development,Tier 2,Poland,52.536273,19.050639
Resolved,2771,Medium,Email,Pricing and licensing,2nd line support,Michele Whyatt,02-08-2023 11:18,04-08-2023 11:18,02-08-2023 12:18,32:08.8,Within SLA,37:47.9,Within SLA,,3,,Ready to use Software,Tier 2,Republic of Ireland,53.094024,-8.019675
Closed,2772,Low,Email,Pricing and licensing,1st line support,Kristos Westoll,02-08-2023 07:31,04-08-2023 07:31,02-08-2023 08:31,28:03.0,Within SLA,46:21.1,Within SLA,31:39.1,5,4,Ready to use Software,Tier 1,Spain,39.67337,-4.767726
Closed,2774,Low,Email,Product setup,2nd line support,Michele Whyatt,02-08-2023 18:06,04-08-2023 18:06,02-08-2023 19:06,15:18.2,SLA Violated,01:13.9,SLA Violated,25:49.0,1,4,Custom software development,Tier 2,Spain,39.67337,-4.767726
Closed,2775,Low,Phone,Pricing and licensing,1st line support,Bernard Beckley,02-08-2023 21:53,04-08-2023 21:53,02-08-2023 21:55,54:42.9,Within SLA,50:14.1,SLA Violated,16:31.8,6,4,Ready to use Software,Tier 1,Slovenia,46.1491664,14.9860106
Closed,2776,Medium,Chat,Bug report,1st line support,Sheela Cutten,02-08-2023 02:37,03-08-2023 02:37,02-08-2023 02:39,42:08.9,SLA Violated,31:38.3,Within SLA,27:32.4,4,4,Training and Consulting Services,Tier 1,United Kingdom,55.378052,-3.435973
Resolved,2777,Medium,Email,Pricing and licensing,1st line support,Nicola Wane,02-08-2023 16:20,04-08-2023 16:20,02-08-2023 17:20,00:50.0,Within SLA,57:40.9,Within SLA,,1,,Ready to use Software,Tier 1,Italy,43.036776,12.678565
Resolved,2778,High,Email,Purchasing and invoicing,1st line support,Bernard Beckley,02-08-2023 15:53,04-08-2023 15:53,02-08-2023 16:53,32:43.3,Within SLA,26:15.7,SLA Violated,,7,,Other,Tier 1,Italy,43.036776,12.678565
In progress,2779,Medium,Phone,Product setup,1st line support,Connor Danielovitch,03-08-2023 22:39,05-08-2023 22:39,03-08-2023 22:41,42:30.6,SLA Violated,,SLA Violated,,1,,Ready to use Software,Tier 1,Austria,47.6964719,13.3457347
Closed,2780,High,Email,Feature request,2nd line support,Adolpho Messingham,03-08-2023 18:46,05-08-2023 18:46,03-08-2023 19:46,01:52.8,Within SLA,59:41.1,Within SLA,52:20.1,7,2,Ready to use Software,Tier 2,Poland,52.536273,19.050639
Resolved,2781,High,Chat,Bug report,2nd line support,Michele Whyatt,03-08-2023 00:14,04-08-2023 00:14,03-08-2023 00:16,15:21.6,Within SLA,15:29.2,SLA Violated,,6,,Custom software development,Tier 2,Germany,51.165691,10.451526
Resolved,2782,High,Phone,Product setup,2nd line support,Adolpho Messingham,03-08-2023 15:31,05-08-2023 15:31,03-08-2023 15:33,32:07.6,Within SLA,51:02.3,Within SLA,,1,,Custom software development,Tier 2,France,48.864716,2.349014
Resolved,2783,Low,Email,Purchasing and invoicing,1st line support,Nicola Wane,03-08-2023 14:52,05-08-2023 14:52,03-08-2023 15:52,34:40.7,Within SLA,16:17.9,Within SLA,,1,,Custom software development,Tier 1,France,48.864716,2.349014
Closed,2784,Medium,Chat,Feature request,2nd line support,Michele Whyatt,03-08-2023 12:37,04-08-2023 12:37,03-08-2023 12:39,38:53.2,Within SLA,47:46.6,Within SLA,16:38.3,6,4,Ready to use Software,Tier 2,Italy,43.036776,12.678565
Closed,2785,Medium,Phone,Product setup,2nd line support,Michele Whyatt,03-08-2023 21:38,05-08-2023 21:38,03-08-2023 21:40,39:49.6,Within SLA,52:32.0,Within SLA,11:46.4,1,4,Custom software development,Tier 2,United Kingdom,55.378052,-3.435973
In progress,2786,Medium,Chat,Pricing and licensing,1st line support,Sheela Cutten,03-08-2023 21:33,04-08-2023 21:33,03-08-2023 21:35,35:04.6,Within SLA,,SLA Violated,,60,,Ready to use Software,Tier 1,Germany,51.165691,10.451526
Resolved,2787,Low,Phone,Feature request,1st line support,Nicola Wane,04-08-2023 12:43,06-08-2023 12:43,04-08-2023 12:45,44:01.2,Within SLA,10:39.3,SLA Violated,,1,,Ready to use Software,Tier 1,France,48.864716,2.349014
Closed,2788,Low,Chat,Feature request,2nd line support,Michele Whyatt,04-08-2023 04:37,05-08-2023 04:37,04-08-2023 04:39,38:22.2,Within SLA,07:43.0,Within SLA,11:39.2,4,1,Ready to use Software,Tier 2,Italy,43.036776,12.678565
In progress,2789,High,Email,Product setup,1st line support,Sheela Cutten,04-08-2023 18:15,06-08-2023 18:15,04-08-2023 19:15,50:58.0,Within SLA,,SLA Violated,,6,,Other,Tier 1,Greece,39.368279,21.863141
Closed,2790,Medium,Email,Product setup,1st line support,Bernard Beckley,04-08-2023 03:20,06-08-2023 03:20,04-08-2023 04:20,17:24.9,Within SLA,34:54.4,Within SLA,58:58.1,8,1,Ready to use Software,Tier 1,Italy,43.036776,12.678565
Resolved,2791,High,Email,Pricing and licensing,1st line support,Bernard Beckley,04-08-2023 01:50,06-08-2023 01:50,04-08-2023 02:50,55:05.6,Within SLA,31:50.0,Within SLA,,4,,Training and Consulting Services,Tier 1,France,48.864716,2.349014
Closed,2792,Low,Phone,Bug report,1st line support,Kristos Westoll,05-08-2023 00:41,07-08-2023 00:41,05-08-2023 00:43,42:23.1,Within SLA,00:06.2,SLA Violated,15:07.5,3,1,Ready to use Software,Tier 1,Italy,43.036776,12.678565
Closed,2793,Medium,Email,Other,1st line support,Nicola Wane,05-08-2023 02:24,07-08-2023 02:24,05-08-2023 03:24,21:20.9,SLA Violated,54:41.7,Within SLA,05:35.4,9,4,Custom software development,Tier 1,United Kingdom,55.378052,-3.435973
Closed,2794,Medium,Chat,Product setup,1st line support,Nicola Wane,05-08-2023 01:58,06-08-2023 01:58,05-08-2023 02:00,59:43.4,Within SLA,23:44.3,Within SLA,33:12.5,5,5,Training and Consulting Services,Tier 1,Poland,52.536273,19.050639
Closed,2806,Low,Email,Feature request,1st line support,Nicola Wane,06-08-2023 11:09,08-08-2023 11:09,06-08-2023 12:09,43:40.4,Within SLA,34:41.5,Within SLA,07:36.1,8,5,Ready to use Software,Tier 1,Italy,43.036776,12.678565
Resolved,2807,High,Email,Other,1st line support,Connor Danielovitch,06-08-2023 12:50,08-08-2023 12:50,06-08-2023 13:50,17:36.0,Within SLA,01:37.3,Within SLA,,1,,Custom software development,Tier 1,Slovenia,46.1491664,14.9860106
Resolved,2808,High,Email,Bug report,1st line support,Connor Danielovitch,06-08-2023 10:37,08-08-2023 10:37,06-08-2023 11:37,23:39.2,Within SLA,38:25.2,SLA Violated,,10,,Custom software development,Tier 1,United Kingdom,55.378052,-3.435973
Closed,2809,Low,Email,Purchasing and invoicing,1st line support,Nicola Wane,06-08-2023 13:52,08-08-2023 13:52,06-08-2023 14:52,21:28.3,Within SLA,57:43.2,Within SLA,06:20.9,3,5,Ready to use Software,Tier 1,Czech Republic,49.8037633,15.4749126
Closed,2810,Low,Email,Product setup,1st line support,Nicola Wane,06-08-2023 17:58,08-08-2023 17:58,06-08-2023 18:58,37:10.9,Within SLA,30:35.9,Within SLA,43:08.5,2,5,Other,Tier 1,Czech Republic,49.8037633,15.4749126
Closed,2811,Low,Email,Pricing and licensing,1st line support,Bernard Beckley,06-08-2023 13:38,08-08-2023 13:38,06-08-2023 14:38,45:10.3,Within SLA,43:28.7,SLA Violated,10:51.5,2,5,Ready to use Software,Tier 1,France,48.864716,2.349014
Resolved,2812,High,Email,Purchasing and invoicing,1st line support,Connor Danielovitch,07-08-2023 12:46,09-08-2023 12:46,07-08-2023 13:46,12:47.3,SLA Violated,36:58.3,Within SLA,,1,,Other,Tier 1,Bulgaria,42.7249925,25.4833039
In progress,2813,Low,Email,Bug report,2nd line support,Michele Whyatt,07-08-2023 11:15,09-08-2023 11:15,07-08-2023 12:15,23:32.1,Within SLA,,SLA Violated,,10,,Other,Tier 2,Germany,51.165691,10.451526
Resolved,2814,Low,Email,Training request,1st line support,Kristos Westoll,07-08-2023 19:44,09-08-2023 19:44,07-08-2023 20:44,37:17.6,Within SLA,49:20.7,Within SLA,,2,,Training and Consulting Services,Tier 1,Germany,51.165691,10.451526
Closed,2815,Low,Email,Feature request,1st line support,Nicola Wane,07-08-2023 23:34,09-08-2023 23:34,08-08-2023 00:34,38:23.7,Within SLA,04:34.8,Within SLA,06:37.9,1,3,Ready to use Software,Tier 1,Poland,52.536273,19.050639
In progress,2816,Medium,Chat,Bug report,1st line support,Sheela Cutten,07-08-2023 15:10,08-08-2023 15:10,07-08-2023 15:12,13:07.9,SLA Violated,,SLA Violated,,6,,Custom software development,Tier 1,Slovenia,46.1491664,14.9860106
Closed,2817,Medium,Email,Purchasing and invoicing,1st line support,Sheela Cutten,07-08-2023 22:29,09-08-2023 22:29,07-08-2023 23:29,12:18.9,Within SLA,11:22.5,SLA Violated,53:13.2,4,5,Ready to use Software,Tier 1,France,48.864716,2.349014
Closed,2818,Low,Email,Purchasing and invoicing,1st line support,Sheela Cutten,08-08-2023 09:40,10-08-2023 09:40,08-08-2023 10:40,16:34.5,Within SLA,51:58.1,Within SLA,48:55.1,3,5,Training and Consulting Services,Tier 1,Poland,52.536273,19.050639
Resolved,2819,Low,Phone,Purchasing and invoicing,1st line support,Connor Danielovitch,08-08-2023 21:09,10-08-2023 21:09,08-08-2023 21:11,11:16.4,Within SLA,00:32.1,Within SLA,,1,,Ready to use Software,Tier 1,Bulgaria,42.7249925,25.4833039
Resolved,2820,Medium,Chat,Other,1st line support,Bernard Beckley,08-08-2023 22:35,09-08-2023 22:35,08-08-2023 22:37,37:01.8,Within SLA,47:07.5,Within SLA,,6,,Custom software development,Tier 1,Bulgaria,42.7249925,25.4833039
Closed,2821,Medium,Chat,Training request,1st line support,Kristos Westoll,08-08-2023 00:50,09-08-2023 00:50,08-08-2023 00:52,52:27.5,Within SLA,27:15.0,Within SLA,47:21.4,6,4,Training and Consulting Services,Tier 1,Poland,52.536273,19.050639
Closed,2822,Low,Phone,Product setup,1st line support,Nicola Wane,08-08-2023 07:51,10-08-2023 07:51,08-08-2023 07:53,53:28.0,Within SLA,40:53.6,SLA Violated,19:18.5,4,1,Training and Consulting Services,Tier 1,Italy,43.036776,12.678565
Closed,2823,High,Email,Feature request,2nd line support,Adolpho Messingham,08-08-2023 01:22,10-08-2023 01:22,08-08-2023 02:22,45:21.5,Within SLA,36:44.6,Within SLA,29:59.0,1,3,Ready to use Software,Tier 2,Germany,51.165691,10.451526
Closed,2824,Low,Email,Purchasing and invoicing,1st line support,Bernard Beckley,08-08-2023 05:42,10-08-2023 05:42,08-08-2023 06:42,49:22.3,Within SLA,53:10.3,Within SLA,25:26.3,2,5,Ready to use Software,Tier 1,Slovenia,46.1491664,14.9860106
Resolved,2825,Medium,Chat,Product setup,1st line support,Connor Danielovitch,09-08-2023 20:32,10-08-2023 20:32,09-08-2023 20:34,32:35.3,Within SLA,05:15.0,Within SLA,,8,,Ready to use Software,Tier 1,Italy,43.036776,12.678565
In progress,2826,Medium,Email,Pricing and licensing,1st line support,Connor Danielovitch,09-08-2023 08:55,11-08-2023 08:55,09-08-2023 09:55,13:25.6,Within SLA,,SLA Violated,,3,,Custom software development,Tier 1,Slovenia,46.1491664,14.9860106
Resolved,2827,High,Email,Bug report,1st line support,Bernard Beckley,09-08-2023 11:05,11-08-2023 11:05,09-08-2023 12:05,04:39.1,Within SLA,52:58.0,SLA Violated,,2,,Custom software development,Tier 1,Spain,39.67337,-4.767726
Closed,2828,Low,Email,Feature request,2nd line support,Michele Whyatt,09-08-2023 17:25,11-08-2023 17:25,09-08-2023 18:25,36:40.9,Within SLA,55:01.8,SLA Violated,31:27.3,4,3,Other,Tier 2,Italy,43.036776,12.678565
Resolved,2829,High,Chat,Pricing and licensing,1st line support,Nicola Wane,09-08-2023 06:58,10-08-2023 06:58,09-08-2023 07:00,59:11.0,Within SLA,11:32.3,Within SLA,,6,,Ready to use Software,Tier 1,Republic of Ireland,53.094024,-8.019675
Closed,2830,Low,Chat,Feature request,1st line support,Sheela Cutten,09-08-2023 09:11,10-08-2023 09:11,09-08-2023 09:13,15:01.7,SLA Violated,03:14.8,Within SLA,56:17.6,6,3,Custom software development,Tier 1,France,48.864716,2.349014
Resolved,2831,High,Chat,Bug report,2nd line support,Adolpho Messingham,09-08-2023 17:11,10-08-2023 17:11,09-08-2023 17:13,11:58.3,Within SLA,53:19.8,Within SLA,,6,,Custom software development,Tier 2,Bulgaria,42.7249925,25.4833039
In progress,2832,Low,Email,Bug report,2nd line support,Heather Urry,09-08-2023 03:50,11-08-2023 03:50,09-08-2023 04:50,21:26.4,Within SLA,,SLA Violated,,10,,Custom software development,Tier 2,United Kingdom,55.378052,-3.435973
Closed,2833,Low,Email,Product setup,2nd line support,Michele Whyatt,09-08-2023 00:29,11-08-2023 00:29,09-08-2023 01:29,03:46.7,Within SLA,58:23.0,Within SLA,47:52.2,5,4,Ready to use Software,Tier 2,Czech Republic,49.8037633,15.4749126
Closed,2834,Low,Phone,Other,2nd line support,Heather Urry,10-08-2023 18:52,12-08-2023 18:52,10-08-2023 18:54,53:29.8,Within SLA,33:53.7,SLA Violated,53:00.8,2,4,Ready to use Software,Tier 2,Spain,39.67337,-4.767726
In progress,2835,High,Email,Other,2nd line support,Adolpho Messingham,10-08-2023 20:17,12-08-2023 20:17,10-08-2023 21:17,19:33.4,Within SLA,,SLA Violated,,6,,Ready to use Software,Tier 2,Bulgaria,42.7249925,25.4833039
Closed,2836,Low,Email,Purchasing and invoicing,1st line support,Kristos Westoll,10-08-2023 22:15,12-08-2023 22:15,10-08-2023 23:15,05:08.1,Within SLA,48:45.1,Within SLA,10:37.9,2,4,Custom software development,Tier 1,Germany,51.165691,10.451526
Resolved,2837,Medium,Email,Pricing and Licensing,1st line support,Kristos Westoll,11-08-2023 16:51,13-08-2023 16:51,11-08-2023 17:51,49:36.7,Within SLA,03:52.2,Within SLA,,5,,Custom software development,Tier 1,Republic of Ireland,53.094024,-8.019675
Closed,2838,Medium,Phone,Purchasing and invoicing,1st line support,Kristos Westoll,11-08-2023 04:48,13-08-2023 04:48,11-08-2023 04:50,50:24.6,Within SLA,33:00.7,SLA Violated,39:56.6,6,2,Training and Consulting Services,Tier 1,Greece,39.368279,21.863141
Closed,2839,Medium,Email,Feature request,1st line support,Sheela Cutten,11-08-2023 23:20,13-08-2023 23:20,12-08-2023 00:20,24:19.5,Within SLA,02:02.1,Within SLA,42:54.3,6,4,Ready to use Software,Tier 1,Czech Republic,49.8037633,15.4749126
Closed,2840,Low,Chat,Product setup,1st line support,Sheela Cutten,11-08-2023 23:26,12-08-2023 23:26,11-08-2023 23:28,27:40.1,Within SLA,43:34.1,Within SLA,28:14.1,5,5,Other,Tier 1,Germany,51.165691,10.451526
Closed,2841,High,Chat,Purchasing and invoicing,1st line support,Nicola Wane,11-08-2023 15:00,12-08-2023 15:00,11-08-2023 15:02,00:44.9,Within SLA,56:28.9,Within SLA,00:56.3,5,4,Ready to use Software,Tier 1,Poland,52.536273,19.050639
Closed,2842,High,Email,Purchasing and invoicing,1st line support,Connor Danielovitch,12-08-2023 08:58,14-08-2023 08:58,12-08-2023 09:58,58:35.9,Within SLA,19:13.2,SLA Violated,54:19.8,7,3,Custom software development,Tier 1,Greece,39.368279,21.863141
In progress,2843,Medium,Email,Feature request,2nd line support,Adolpho Messingham,12-08-2023 04:28,14-08-2023 04:28,12-08-2023 05:28,20:19.2,Within SLA,,SLA Violated,,10,,Other,Tier 2,Republic of Ireland,53.094024,-8.019675
Closed,2844,Medium,Chat,Purchasing and invoicing,2nd line support,Michele Whyatt,12-08-2023 14:25,13-08-2023 14:25,12-08-2023 14:27,26:07.6,Within SLA,44:26.8,Within SLA,22:47.6,5,5,Ready to use Software,Tier 2,France,48.864716,2.349014
In progress,2845,Low,Phone,Feature request,1st line support,Sheela Cutten,12-08-2023 01:08,14-08-2023 01:08,12-08-2023 01:10,13:15.2,SLA Violated,,SLA Violated,,3,,Ready to use Software,Tier 1,Germany,51.165691,10.451526
Closed,2855,High,Chat,Feature request,1st line support,Bernard Beckley,13-08-2023 04:29,14-08-2023 04:29,13-08-2023 04:31,29:56.9,Within SLA,30:02.9,Within SLA,55:33.1,6,4,Ready to use Software,Tier 1,Greece,39.368279,21.863141
Closed,2856,Low,Email,Pricing and licensing,2nd line support,Heather Urry,14-08-2023 13:58,16-08-2023 13:58,14-08-2023 14:58,21:50.2,Within SLA,15:34.5,Within SLA,00:03.0,3,3,Ready to use Software,Tier 2,Bulgaria,42.7249925,25.4833039
Closed,2857,Medium,Email,Feature request,2nd line support,Michele Whyatt,14-08-2023 19:11,16-08-2023 19:11,14-08-2023 20:11,40:00.5,Within SLA,22:09.5,Within SLA,00:57.4,5,5,Other,Tier 2,Italy,43.036776,12.678565
Closed,2858,High,Email,Product setup,2nd line support,Adolpho Messingham,14-08-2023 07:57,16-08-2023 07:57,14-08-2023 08:57,27:10.5,Within SLA,51:09.4,Within SLA,55:35.5,2,1,Ready to use Software,Tier 2,Italy,43.036776,12.678565
Closed,2859,Low,Chat,Bug report,1st line support,Bernard Beckley,14-08-2023 16:56,15-08-2023 16:56,14-08-2023 16:58,58:10.5,Within SLA,14:42.3,SLA Violated,56:40.6,5,5,Training and Consulting Services,Tier 1,Germany,51.165691,10.451526
Resolved,2860,Medium,Chat,Other,1st line support,Nicola Wane,14-08-2023 16:34,15-08-2023 16:34,14-08-2023 16:36,36:07.2,Within SLA,45:01.2,SLA Violated,,6,,Other,Tier 1,Austria,47.6964719,13.3457347
Resolved,2861,Low,Email,Other,1st line support,Sheela Cutten,14-08-2023 12:56,16-08-2023 12:56,14-08-2023 13:56,01:13.7,SLA Violated,32:04.0,Within SLA,,1,,Other,Tier 1,Slovenia,46.1491664,14.9860106
In progress,2862,Medium,Email,Feature request,1st line support,Connor Danielovitch,14-08-2023 02:02,16-08-2023 02:02,14-08-2023 03:02,26:40.4,Within SLA,,SLA Violated,,5,,Ready to use Software,Tier 1,Germany,51.165691,10.451526
Closed,2863,Medium,Phone,Pricing and Licensing,1st line support,Nicola Wane,14-08-2023 21:53,16-08-2023 21:53,14-08-2023 21:55,54:22.2,Within SLA,24:49.6,Within SLA,43:57.1,1,1,Custom software development,Tier 1,Poland,52.536273,19.050639
Resolved,2864,High,Phone,Pricing and licensing,1st line support,Connor Danielovitch,14-08-2023 16:03,16-08-2023 16:03,14-08-2023 16:05,04:58.4,Within SLA,24:46.8,SLA Violated,,6,,Ready to use Software,Tier 1,Greece,39.368279,21.863141
Closed,2865,Low,Email,Product setup,1st line support,Nicola Wane,15-08-2023 06:38,17-08-2023 06:38,15-08-2023 07:38,40:27.8,Within SLA,02:32.0,Within SLA,42:14.8,5,4,Ready to use Software,Tier 1,Spain,39.67337,-4.767726
Closed,2866,Low,Email,Feature request,2nd line support,Adolpho Messingham,15-08-2023 20:32,17-08-2023 20:32,15-08-2023 21:32,23:18.8,Within SLA,00:44.9,Within SLA,06:32.9,1,1,Ready to use Software,Tier 2,Italy,43.036776,12.678565
In progress,2867,Low,Phone,Pricing and Licensing,1st line support,Bernard Beckley,15-08-2023 19:42,17-08-2023 19:42,15-08-2023 19:44,43:26.5,Within SLA,,SLA Violated,,3,,Custom software development,Tier 1,Austria,47.6964719,13.3457347
Resolved,2868,Low,Email,Training request,1st line support,Kristos Westoll,15-08-2023 22:59,17-08-2023 22:59,15-08-2023 23:59,01:17.3,Within SLA,56:15.0,Within SLA,,10,,Training and Consulting Services,Tier 1,Poland,52.536273,19.050639
Resolved,2869,Low,Email,Other,1st line support,Kristos Westoll,15-08-2023 06:18,17-08-2023 06:18,15-08-2023 07:18,57:30.5,Within SLA,18:44.7,Within SLA,,3,,Other,Tier 1,Italy,43.036776,12.678565
Closed,2870,High,Phone,Pricing and licensing,1st line support,Connor Danielovitch,15-08-2023 21:06,17-08-2023 21:06,15-08-2023 21:08,08:07.1,Within SLA,11:55.9,Within SLA,14:14.1,2,5,Custom software development,Tier 1,Germany,51.165691,10.451526
Closed,2871,High,Email,Feature request,1st line support,Sheela Cutten,15-08-2023 07:04,17-08-2023 07:04,15-08-2023 08:04,20:21.9,Within SLA,51:20.6,Within SLA,29:58.5,5,3,Ready to use Software,Tier 1,Greece,39.368279,21.863141
In progress,2872,Medium,Email,Pricing and licensing,1st line support,Sheela Cutten,15-08-2023 21:39,17-08-2023 21:39,15-08-2023 22:39,00:33.8,SLA Violated,,SLA Violated,,6,,Ready to use Software,Tier 1,Greece,39.368279,21.863141
Closed,2873,Low,Email,Product setup,1st line support,Nicola Wane,15-08-2023 02:44,17-08-2023 02:44,15-08-2023 03:44,05:19.4,Within SLA,23:13.7,Within SLA,40:40.6,4,2,Ready to use Software,Tier 1,Poland,52.536273,19.050639
In progress,2874,Medium,Phone,Product setup,2nd line support,Michele Whyatt,15-08-2023 02:20,17-08-2023 02:20,15-08-2023 02:22,21:49.9,Within SLA,,SLA Violated,,7,,Training and Consulting Services,Tier 2,Poland,52.536273,19.050639
Resolved,2875,Low,Chat,Purchasing and invoicing,1st line support,Sheela Cutten,15-08-2023 06:57,16-08-2023 06:57,15-08-2023 06:59,58:38.3,Within SLA,55:01.2,Within SLA,,5,,Ready to use Software,Tier 1,Slovenia,46.1491664,14.9860106
Closed,2876,Medium,Email,Purchasing and invoicing,1st line support,Bernard Beckley,15-08-2023 22:36,17-08-2023 22:36,15-08-2023 23:36,16:03.3,Within SLA,50:34.8,Within SLA,02:43.3,4,4,Ready to use Software,Tier 1,Germany,51.165691,10.451526
Resolved,2877,Low,Email,Pricing and Licensing,1st line support,Connor Danielovitch,15-08-2023 22:21,17-08-2023 22:21,15-08-2023 23:21,08:49.1,Within SLA,04:31.5,SLA Violated,,1,,Custom software development,Tier 1,Poland,52.536273,19.050639
Closed,2878,Low,Chat,Feature request,2nd line support,Adolpho Messingham,15-08-2023 02:33,16-08-2023 02:33,15-08-2023 02:35,35:15.0,Within SLA,28:01.3,SLA Violated,41:29.1,9,1,Other,Tier 2,Bulgaria,42.7249925,25.4833039
Closed,2879,Low,Phone,Pricing and Licensing,1st line support,Connor Danielovitch,15-08-2023 22:12,17-08-2023 22:12,15-08-2023 22:14,16:50.3,SLA Violated,31:26.4,Within SLA,40:32.3,2,3,Custom software development,Tier 1,Republic of Ireland,53.094024,-8.019675
Closed,2881,High,Email,Purchasing and invoicing,1st line support,Nicola Wane,16-08-2023 18:24,18-08-2023 18:24,16-08-2023 19:24,31:12.4,Within SLA,56:15.3,Within SLA,51:13.9,2,5,Custom software development,Tier 1,Republic of Ireland,53.094024,-8.019675
In progress,2883,Medium,Email,Pricing and licensing,1st line support,Bernard Beckley,16-08-2023 02:17,18-08-2023 02:17,16-08-2023 03:17,39:56.6,Within SLA,,SLA Violated,,2,,Ready to use Software,Tier 1,Republic of Ireland,53.094024,-8.019675
In progress,2885,Medium,Email,Bug report,2nd line support,Michele Whyatt,16-08-2023 03:47,18-08-2023 03:47,16-08-2023 04:47,30:31.0,Within SLA,,SLA Violated,,2,,Training and Consulting Services,Tier 2,Slovenia,46.1491664,14.9860106
Resolved,2886,Low,Chat,Bug report,2nd line support,Heather Urry,16-08-2023 16:29,17-08-2023 16:29,16-08-2023 16:31,30:12.1,Within SLA,16:42.3,Within SLA,,5,,Ready to use Software,Tier 2,Italy,43.036776,12.678565
Closed,2887,High,Email,Feature request,2nd line support,Heather Urry,17-08-2023 05:41,19-08-2023 05:41,17-08-2023 06:41,37:31.5,Within SLA,18:39.3,Within SLA,31:22.5,9,5,Other,Tier 2,Poland,52.536273,19.050639
In progress,2888,Medium,Chat,Purchasing and invoicing,1st line support,Nicola Wane,17-08-2023 10:40,18-08-2023 10:40,17-08-2023 10:42,41:37.9,Within SLA,,SLA Violated,,6,,Custom software development,Tier 1,Poland,52.536273,19.050639
In progress,2889,Low,Chat,Feature request,1st line support,Nicola Wane,17-08-2023 15:50,18-08-2023 15:50,17-08-2023 15:52,51:00.0,Within SLA,,SLA Violated,,4,,Custom software development,Tier 1,United Kingdom,55.378052,-3.435973
In progress,2890,Low,Chat,Pricing and Licensing,1st line support,Kristos Westoll,17-08-2023 07:17,18-08-2023 07:17,17-08-2023 07:19,18:25.9,Within SLA,,SLA Violated,,9,,Custom software development,Tier 1,Italy,43.036776,12.678565
Closed,2891,Medium,Chat,Pricing and licensing,1st line support,Connor Danielovitch,17-08-2023 14:57,18-08-2023 14:57,17-08-2023 14:59,57:57.2,Within SLA,18:11.1,Within SLA,05:40.8,6,4,Training and Consulting Services,Tier 1,France,48.864716,2.349014
Closed,2892,Medium,Email,Product setup,1st line support,Sheela Cutten,18-08-2023 20:56,20-08-2023 20:56,18-08-2023 21:56,22:50.0,Within SLA,58:47.2,SLA Violated,49:50.5,1,3,Ready to use Software,Tier 1,France,48.864716,2.349014
Resolved,2893,Low,Email,Pricing and Licensing,1st line support,Bernard Beckley,18-08-2023 02:50,20-08-2023 02:50,18-08-2023 03:50,36:33.2,SLA Violated,29:53.0,Within SLA,,6,,Custom software development,Tier 1,Greece,39.368279,21.863141
Resolved,2894,Low,Email,Pricing and licensing,1st line support,Nicola Wane,18-08-2023 22:39,20-08-2023 22:39,18-08-2023 23:39,08:04.2,Within SLA,54:55.0,Within SLA,,1,,Custom software development,Tier 1,Italy,43.036776,12.678565
Resolved,2896,Medium,Email,Pricing and Licensing,1st line support,Connor Danielovitch,18-08-2023 20:57,20-08-2023 20:57,18-08-2023 21:57,06:05.5,Within SLA,28:03.5,Within SLA,,1,,Custom software development,Tier 1,Czech Republic,49.8037633,15.4749126
Resolved,2897,High,Chat,Purchasing and invoicing,1st line support,Bernard Beckley,18-08-2023 23:15,19-08-2023 23:15,18-08-2023 23:17,16:03.9,Within SLA,45:31.0,Within SLA,,5,,Ready to use Software,Tier 1,Bulgaria,42.7249925,25.4833039
Closed,2899,Low,Email,Product setup,1st line support,Sheela Cutten,18-08-2023 18:46,20-08-2023 18:46,18-08-2023 19:46,51:30.7,Within SLA,51:24.1,Within SLA,39:51.0,5,4,Ready to use Software,Tier 1,United Kingdom,55.378052,-3.435973
Resolved,2900,Low,Email,Pricing and licensing,1st line support,Bernard Beckley,19-08-2023 15:51,21-08-2023 15:51,19-08-2023 16:51,21:54.9,Within SLA,15:50.9,Within SLA,,10,,Ready to use Software,Tier 1,United Kingdom,55.378052,-3.435973
Closed,2901,Low,Email,Pricing and licensing,1st line support,Kristos Westoll,19-08-2023 10:37,21-08-2023 10:37,19-08-2023 11:37,25:49.7,Within SLA,35:02.9,Within SLA,21:58.7,6,2,Ready to use Software,Tier 1,Germany,51.165691,10.451526
In progress,2912,Medium,Email,Other,1st line support,Nicola Wane,20-08-2023 00:54,22-08-2023 00:54,20-08-2023 01:54,42:09.1,Within SLA,,SLA Violated,,1,,Ready to use Software,Tier 1,Poland,52.536273,19.050639
Closed,2913,Medium,Email,Purchasing and invoicing,1st line support,Sheela Cutten,21-08-2023 02:02,23-08-2023 02:02,21-08-2023 03:02,20:55.9,Within SLA,02:52.5,SLA Violated,52:14.6,2,2,Other,Tier 1,Poland,52.536273,19.050639
Closed,2914,Low,Chat,Product setup,1st line support,Sheela Cutten,21-08-2023 05:14,22-08-2023 05:14,21-08-2023 05:16,14:31.2,Within SLA,49:07.7,SLA Violated,42:01.9,4,4,Training and Consulting Services,Tier 1,Greece,39.368279,21.863141
Resolved,2915,Medium,Email,Product setup,1st line support,Kristos Westoll,21-08-2023 10:03,23-08-2023 10:03,21-08-2023 11:03,29:22.0,Within SLA,06:49.6,Within SLA,,6,,Training and Consulting Services,Tier 1,Czech Republic,49.8037633,15.4749126
Closed,2916,Low,Chat,Pricing and licensing,1st line support,Sheela Cutten,21-08-2023 03:51,22-08-2023 03:51,21-08-2023 03:53,52:24.8,Within SLA,38:24.1,Within SLA,07:15.9,5,3,Custom software development,Tier 1,Spain,39.67337,-4.767726
Open,2917,Medium,Email,Product setup,1st line support,Kristos Westoll,21-08-2023 03:01,23-08-2023 03:01,21-08-2023 04:01,,SLA Violated,,SLA Violated,,,,Ready to use Software,Tier 1,Germany,51.165691,10.451526
Closed,2920,High,Email,Pricing and Licensing,1st line support,Bernard Beckley,21-08-2023 02:49,23-08-2023 02:49,21-08-2023 03:49,09:57.3,Within SLA,07:32.8,Within SLA,19:34.2,6,4,Custom software development,Tier 1,Spain,39.67337,-4.767726
In progress,2921,High,Email,Feature request,1st line support,Connor Danielovitch,21-08-2023 07:26,23-08-2023 07:26,21-08-2023 08:26,55:48.0,Within SLA,,SLA Violated,,4,,Ready to use Software,Tier 1,Italy,43.036776,12.678565
In progress,2922,Medium,Chat,Training request,1st line support,Bernard Beckley,21-08-2023 07:51,22-08-2023 07:51,21-08-2023 07:53,53:13.0,Within SLA,,SLA Violated,,2,,Training and Consulting Services,Tier 1,Germany,51.165691,10.451526
Resolved,2923,High,Email,Other,1st line support,Kristos Westoll,22-08-2023 04:27,24-08-2023 04:27,22-08-2023 05:27,06:17.0,Within SLA,39:22.0,Within SLA,,9,,Training and Consulting Services,Tier 1,United Kingdom,55.378052,-3.435973
Resolved,2924,High,Email,Product setup,2nd line support,Michele Whyatt,22-08-2023 19:29,24-08-2023 19:29,22-08-2023 20:29,56:24.5,Within SLA,07:35.3,Within SLA,,7,,Other,Tier 2,Germany,51.165691,10.451526
Resolved,2926,Low,Email,Bug report,2nd line support,Adolpho Messingham,22-08-2023 13:47,24-08-2023 13:47,22-08-2023 14:47,33:21.6,Within SLA,31:15.7,Within SLA,,1,,Ready to use Software,Tier 2,Germany,51.165691,10.451526
Closed,2927,Low,Email,Bug report,1st line support,Connor Danielovitch,22-08-2023 15:20,24-08-2023 15:20,22-08-2023 16:20,30:23.0,Within SLA,55:43.8,SLA Violated,01:12.3,1,5,Custom software development,Tier 1,United Kingdom,55.378052,-3.435973
Resolved,2928,Low,Email,Feature request,1st line support,Nicola Wane,22-08-2023 07:32,24-08-2023 07:32,22-08-2023 08:32,04:05.2,Within SLA,56:03.7,Within SLA,,8,,Other,Tier 1,Czech Republic,49.8037633,15.4749126
Closed,2929,Medium,Chat,Purchasing and invoicing,1st line support,Kristos Westoll,22-08-2023 02:24,23-08-2023 02:24,22-08-2023 02:26,26:09.7,Within SLA,18:07.2,Within SLA,16:31.9,5,5,Training and Consulting Services,Tier 1,Spain,39.67337,-4.767726
Closed,2930,Low,Chat,Bug report,1st line support,Sheela Cutten,22-08-2023 23:11,23-08-2023 23:11,22-08-2023 23:13,11:46.4,Within SLA,55:24.0,SLA Violated,38:46.0,60,3,Custom software development,Tier 1,Poland,52.536273,19.050639
Closed,2931,Medium,Chat,Training request,1st line support,Kristos Westoll,22-08-2023 03:00,23-08-2023 03:00,22-08-2023 03:02,02:12.3,Within SLA,26:29.2,Within SLA,56:56.4,2,5,Training and Consulting Services,Tier 1,Republic of Ireland,53.094024,-8.019675
Closed,2932,Low,Email,Pricing and Licensing,1st line support,Bernard Beckley,22-08-2023 18:07,24-08-2023 18:07,22-08-2023 19:07,10:58.9,Within SLA,04:47.8,Within SLA,49:32.0,1,4,Custom software development,Tier 1,Italy,43.036776,12.678565
Closed,2933,High,Email,Purchasing and invoicing,1st line support,Sheela Cutten,22-08-2023 18:04,24-08-2023 18:04,22-08-2023 19:04,10:14.8,Within SLA,31:46.2,Within SLA,57:25.6,4,3,Other,Tier 1,Slovenia,46.1491664,14.9860106
Closed,2934,High,Phone,Bug report,1st line support,Bernard Beckley,22-08-2023 04:28,24-08-2023 04:28,22-08-2023 04:30,31:48.8,SLA Violated,31:05.8,Within SLA,39:40.0,2,3,Ready to use Software,Tier 1,Germany,51.165691,10.451526
Resolved,2935,Medium,Chat,Pricing and licensing,1st line support,Nicola Wane,23-08-2023 14:28,24-08-2023 14:28,23-08-2023 14:30,28:31.9,Within SLA,44:55.4,SLA Violated,,8,,Custom software development,Tier 1,Republic of Ireland,53.094024,-8.019675
Closed,2936,Low,Email,Product setup,2nd line support,Adolpho Messingham,23-08-2023 17:19,25-08-2023 17:19,23-08-2023 18:19,17:05.6,Within SLA,45:46.7,Within SLA,03:58.2,2,3,Other,Tier 2,Greece,39.368279,21.863141
Resolved,2937,Low,Email,Pricing and Licensing,1st line support,Connor Danielovitch,23-08-2023 12:29,25-08-2023 12:29,23-08-2023 13:29,29:41.6,Within SLA,34:09.6,Within SLA,,9,,Custom software development,Tier 1,Austria,47.6964719,13.3457347
Resolved,2938,Low,Chat,Purchasing and invoicing,2nd line support,Adolpho Messingham,23-08-2023 09:04,24-08-2023 09:04,23-08-2023 09:06,06:32.1,Within SLA,20:45.0,Within SLA,,5,,Custom software development,Tier 2,Italy,43.036776,12.678565
Resolved,2939,Low,Email,Feature request,1st line support,Kristos Westoll,23-08-2023 10:00,25-08-2023 10:00,23-08-2023 11:00,31:49.2,Within SLA,05:52.1,Within SLA,,4,,Ready to use Software,Tier 1,Czech Republic,49.8037633,15.4749126
In progress,2940,Medium,Chat,Product setup,1st line support,Bernard Beckley,23-08-2023 06:34,24-08-2023 06:34,23-08-2023 06:36,34:34.2,Within SLA,,SLA Violated,,5,,Ready to use Software,Tier 1,France,48.864716,2.349014
In progress,2941,Low,Email,Product setup,1st line support,Kristos Westoll,23-08-2023 02:51,25-08-2023 02:51,23-08-2023 03:51,03:56.1,SLA Violated,,SLA Violated,,8,,Training and Consulting Services,Tier 1,Greece,39.368279,21.863141
Resolved,2942,Medium,Email,Pricing and licensing,1st line support,Kristos Westoll,23-08-2023 09:34,25-08-2023 09:34,23-08-2023 10:34,35:52.7,Within SLA,56:13.8,SLA Violated,,1,,Ready to use Software,Tier 1,France,48.864716,2.349014
Closed,2943,Medium,Email,Training request,1st line support,Kristos Westoll,23-08-2023 00:12,25-08-2023 00:12,23-08-2023 01:12,34:25.5,Within SLA,56:39.3,SLA Violated,58:40.2,5,1,Training and Consulting Services,Tier 1,Republic of Ireland,53.094024,-8.019675
Closed,2944,Low,Chat,Pricing and licensing,1st line support,Bernard Beckley,23-08-2023 19:12,24-08-2023 19:12,23-08-2023 19:14,14:10.8,Within SLA,12:14.7,Within SLA,26:30.0,9,1,Custom software development,Tier 1,Italy,43.036776,12.678565
Resolved,2945,High,Chat,Bug report,1st line support,Connor Danielovitch,23-08-2023 18:56,24-08-2023 18:56,23-08-2023 18:58,57:38.8,Within SLA,23:28.8,Within SLA,,7,,Ready to use Software,Tier 1,France,48.864716,2.349014
Closed,2946,Low,Phone,Product setup,2nd line support,Michele Whyatt,24-08-2023 01:23,26-08-2023 01:23,24-08-2023 01:25,23:47.4,Within SLA,20:47.9,Within SLA,53:40.0,7,4,Ready to use Software,Tier 2,Greece,39.368279,21.863141
Closed,2947,Medium,Email,Pricing and licensing,1st line support,Kristos Westoll,24-08-2023 17:27,26-08-2023 17:27,24-08-2023 18:27,51:52.6,Within SLA,40:21.5,Within SLA,41:52.5,3,1,Custom software development,Tier 1,Germany,51.165691,10.451526
Closed,2948,Medium,Chat,Product setup,2nd line support,Michele Whyatt,24-08-2023 16:51,25-08-2023 16:51,24-08-2023 16:53,52:03.4,Within SLA,09:04.6,Within SLA,35:05.3,6,1,Training and Consulting Services,Tier 2,Republic of Ireland,53.094024,-8.019675
Resolved,2949,Low,Chat,Bug report,2nd line support,Adolpho Messingham,24-08-2023 09:50,25-08-2023 09:50,24-08-2023 09:52,53:13.3,SLA Violated,01:38.4,SLA Violated,,9,,Custom software development,Tier 2,Slovenia,46.1491664,14.9860106
Closed,2950,Low,Chat,Product setup,1st line support,Kristos Westoll,24-08-2023 08:02,25-08-2023 08:02,24-08-2023 08:04,03:47.4,Within SLA,43:57.6,Within SLA,08:37.9,8,2,Ready to use Software,Tier 1,Spain,39.67337,-4.767726
Resolved,2951,High,Email,Product setup,1st line support,Nicola Wane,24-08-2023 18:11,26-08-2023 18:11,24-08-2023 19:11,39:53.6,Within SLA,52:44.6,SLA Violated,,8,,Training and Consulting Services,Tier 1,Germany,51.165691,10.451526
Closed,2952,Medium,Email,Product setup,1st line support,Connor Danielovitch,24-08-2023 07:11,26-08-2023 07:11,24-08-2023 08:11,58:24.8,Within SLA,09:55.4,Within SLA,04:11.3,3,4,Other,Tier 1,Slovenia,46.1491664,14.9860106
In progress,2953,Low,Phone,Product setup,1st line support,Bernard Beckley,24-08-2023 06:44,26-08-2023 06:44,24-08-2023 06:46,46:05.1,Within SLA,,SLA Violated,,3,,Ready to use Software,Tier 1,Czech Republic,49.8037633,15.4749126
Closed,2954,High,Email,Bug report,1st line support,Kristos Westoll,24-08-2023 00:09,26-08-2023 00:09,24-08-2023 01:09,49:00.7,SLA Violated,16:23.7,Within SLA,06:01.7,9,2,Ready to use Software,Tier 1,Germany,51.165691,10.451526
Resolved,2955,High,Email,Purchasing and invoicing,1st line support,Bernard Beckley,24-08-2023 04:59,26-08-2023 04:59,24-08-2023 05:59,10:37.5,Within SLA,26:23.6,Within SLA,,9,,Other,Tier 1,Czech Republic,49.8037633,15.4749126
Closed,2956,Medium,Chat,Product setup,1st line support,Connor Danielovitch,24-08-2023 03:29,25-08-2023 03:29,24-08-2023 03:31,07:33.1,SLA Violated,36:36.8,Within SLA,01:25.4,2,4,Training and Consulting Services,Tier 1,Bulgaria,42.7249925,25.4833039
Closed,2957,Low,Email,Pricing and licensing,1st line support,Sheela Cutten,25-08-2023 18:54,27-08-2023 18:54,25-08-2023 19:54,10:37.9,Within SLA,36:22.6,Within SLA,54:15.9,1,3,Training and Consulting Services,Tier 1,Czech Republic,49.8037633,15.4749126
Closed,2958,Low,Chat,Pricing and licensing,1st line support,Kristos Westoll,25-08-2023 19:31,26-08-2023 19:31,25-08-2023 19:33,32:56.5,Within SLA,37:18.7,SLA Violated,45:22.4,6,4,Ready to use Software,Tier 1,Slovenia,46.1491664,14.9860106
Resolved,2959,Low,Email,Pricing and Licensing,1st line support,Nicola Wane,25-08-2023 21:09,27-08-2023 21:09,25-08-2023 22:09,50:24.3,Within SLA,21:36.7,Within SLA,,2,,Custom software development,Tier 1,United Kingdom,55.378052,-3.435973
Resolved,2960,Low,Email,Feature request,2nd line support,Adolpho Messingham,25-08-2023 20:56,27-08-2023 20:56,25-08-2023 21:56,21:57.5,Within SLA,37:28.4,Within SLA,,9,,Other,Tier 2,Germany,51.165691,10.451526
Resolved,2961,Low,Email,Product setup,1st line support,Bernard Beckley,25-08-2023 22:55,27-08-2023 22:55,25-08-2023 23:55,18:33.1,Within SLA,02:31.9,Within SLA,,3,,Training and Consulting Services,Tier 1,Italy,43.036776,12.678565
Resolved,2962,Low,Chat,Bug report,1st line support,Connor Danielovitch,26-08-2023 01:17,27-08-2023 01:17,26-08-2023 01:19,18:43.6,Within SLA,47:48.6,Within SLA,,9,,Custom software development,Tier 1,Germany,51.165691,10.451526
Closed,2974,Medium,Chat,Product setup,1st line support,Bernard Beckley,27-08-2023 12:53,28-08-2023 12:53,27-08-2023 12:55,54:21.2,Within SLA,18:22.6,Within SLA,57:24.2,60,3,Ready to use Software,Tier 1,United Kingdom,55.378052,-3.435973
Closed,2975,High,Email,Purchasing and invoicing,1st line support,Connor Danielovitch,27-08-2023 12:42,29-08-2023 12:42,27-08-2023 13:42,08:21.2,Within SLA,19:13.0,Within SLA,00:52.3,6,5,Custom software development,Tier 1,Germany,51.165691,10.451526
In progress,2976,Medium,Chat,Bug report,2nd line support,Heather Urry,28-08-2023 12:32,29-08-2023 12:32,28-08-2023 12:34,34:29.4,Within SLA,,SLA Violated,,8,,Ready to use Software,Tier 2,Bulgaria,42.7249925,25.4833039
Resolved,2977,Low,Phone,Purchasing and invoicing,1st line support,Nicola Wane,28-08-2023 21:46,30-08-2023 21:46,28-08-2023 21:48,47:19.6,Within SLA,48:49.8,Within SLA,,1,,Custom software development,Tier 1,France,48.864716,2.349014
In progress,2978,Low,Email,Feature request,1st line support,Connor Danielovitch,28-08-2023 12:12,30-08-2023 12:12,28-08-2023 13:12,19:39.8,Within SLA,,SLA Violated,,3,,Custom software development,Tier 1,Spain,39.67337,-4.767726
Resolved,2979,Low,Chat,Product setup,1st line support,Nicola Wane,28-08-2023 05:34,29-08-2023 05:34,28-08-2023 05:36,34:23.8,Within SLA,19:37.5,SLA Violated,,7,,Other,Tier 1,Italy,43.036776,12.678565
Closed,2980,Medium,Email,Training request,1st line support,Bernard Beckley,28-08-2023 01:24,30-08-2023 01:24,28-08-2023 02:24,03:10.6,Within SLA,50:12.9,Within SLA,11:11.5,9,4,Training and Consulting Services,Tier 1,Republic of Ireland,53.094024,-8.019675
Resolved,2981,High,Chat,Pricing and licensing,1st line support,Kristos Westoll,28-08-2023 09:07,29-08-2023 09:07,28-08-2023 09:09,12:47.2,SLA Violated,38:16.3,Within SLA,,2,,Ready to use Software,Tier 1,Bulgaria,42.7249925,25.4833039
In progress,2982,Medium,Email,Product setup,1st line support,Connor Danielovitch,28-08-2023 10:05,30-08-2023 10:05,28-08-2023 11:05,21:37.9,Within SLA,,SLA Violated,,10,,Ready to use Software,Tier 1,Spain,39.67337,-4.767726
In progress,2983,Low,Phone,Other,1st line support,Bernard Beckley,28-08-2023 19:45,30-08-2023 19:45,28-08-2023 19:47,50:54.5,SLA Violated,,SLA Violated,,5,,Training and Consulting Services,Tier 1,Germany,51.165691,10.451526
Closed,2984,Low,Email,Product setup,1st line support,Bernard Beckley,29-08-2023 08:29,31-08-2023 08:29,29-08-2023 09:29,55:17.9,Within SLA,22:21.6,Within SLA,43:35.1,6,4,Ready to use Software,Tier 1,Slovenia,46.1491664,14.9860106
In progress,2985,Low,Email,Pricing and licensing,2nd line support,Adolpho Messingham,29-08-2023 06:58,31-08-2023 06:58,29-08-2023 07:58,15:23.5,Within SLA,,SLA Violated,,1,,Ready to use Software,Tier 2,Bulgaria,42.7249925,25.4833039
Closed,2986,Low,Email,Pricing and licensing,1st line support,Connor Danielovitch,29-08-2023 11:45,31-08-2023 11:45,29-08-2023 12:45,59:05.5,Within SLA,00:12.7,Within SLA,36:51.1,2,3,Ready to use Software,Tier 1,Poland,52.536273,19.050639
Resolved,2987,Medium,Chat,Bug report,1st line support,Nicola Wane,29-08-2023 05:25,30-08-2023 05:25,29-08-2023 05:27,26:50.4,Within SLA,38:12.3,SLA Violated,,8,,Custom software development,Tier 1,Poland,52.536273,19.050639
Resolved,2988,Medium,Chat,Training request,1st line support,Connor Danielovitch,29-08-2023 08:19,30-08-2023 08:19,29-08-2023 08:21,25:33.2,SLA Violated,58:18.5,Within SLA,,2,,Training and Consulting Services,Tier 1,Italy,43.036776,12.678565
Resolved,2989,High,Email,Product setup,2nd line support,Adolpho Messingham,29-08-2023 05:38,31-08-2023 05:38,29-08-2023 06:38,58:09.2,Within SLA,09:41.5,Within SLA,,6,,Ready to use Software,Tier 2,Italy,43.036776,12.678565
Closed,2990,Medium,Email,Other,1st line support,Nicola Wane,29-08-2023 22:00,31-08-2023 22:00,29-08-2023 23:00,48:24.8,Within SLA,38:54.9,Within SLA,07:09.7,9,2,Ready to use Software,Tier 1,Austria,47.6964719,13.3457347
Closed,2991,Medium,Email,Feature request,2nd line support,Heather Urry,30-08-2023 21:41,01-09-2023 21:41,30-08-2023 22:41,33:12.3,Within SLA,32:19.6,Within SLA,04:36.6,3,5,Ready to use Software,Tier 2,United Kingdom,55.378052,-3.435973
Closed,2992,Low,Phone,Purchasing and invoicing,1st line support,Sheela Cutten,30-08-2023 17:06,01-09-2023 17:06,30-08-2023 17:08,07:10.9,Within SLA,10:36.2,Within SLA,53:44.6,3,3,Ready to use Software,Tier 1,United Kingdom,55.378052,-3.435973
Closed,2993,Medium,Email,Pricing and licensing,1st line support,Bernard Beckley,30-08-2023 10:31,01-09-2023 10:31,30-08-2023 11:31,27:56.5,Within SLA,27:51.6,SLA Violated,41:31.8,1,3,Ready to use Software,Tier 1,Austria,47.6964719,13.3457347
Closed,2994,Low,Chat,Product setup,2nd line support,Adolpho Messingham,30-08-2023 23:45,31-08-2023 23:45,30-08-2023 23:47,46:51.6,Within SLA,57:09.3,SLA Violated,55:50.0,6,5,Ready to use Software,Tier 2,Republic of Ireland,53.094024,-8.019675
Closed,2995,High,Email,Feature request,2nd line support,Adolpho Messingham,30-08-2023 12:44,01-09-2023 12:44,30-08-2023 13:44,13:59.3,Within SLA,25:56.6,Within SLA,16:56.2,2,4,Other,Tier 2,Bulgaria,42.7249925,25.4833039
Closed,2996,Low,Chat,Bug report,2nd line support,Heather Urry,30-08-2023 09:09,31-08-2023 09:09,30-08-2023 09:11,10:43.4,Within SLA,48:23.9,Within SLA,25:15.2,6,1,Training and Consulting Services,Tier 2,Poland,52.536273,19.050639
In progress,2997,Low,Chat,Purchasing and invoicing,1st line support,Kristos Westoll,30-08-2023 19:32,31-08-2023 19:32,30-08-2023 19:34,33:08.9,Within SLA,,SLA Violated,,6,,Other,Tier 1,Austria,47.6964719,13.3457347
Resolved,2998,Low,Chat,Pricing and licensing,1st line support,Kristos Westoll,30-08-2023 04:21,31-08-2023 04:21,30-08-2023 04:23,21:44.2,Within SLA,01:37.3,Within SLA,,7,,Ready to use Software,Tier 1,Republic of Ireland,53.094024,-8.019675
Resolved,2999,Low,Email,Feature request,1st line support,Nicola Wane,30-08-2023 05:34,01-09-2023 05:34,30-08-2023 06:34,52:40.2,Within SLA,34:12.4,SLA Violated,,1,,Ready to use Software,Tier 1,Italy,43.036776,12.678565
In progress,3000,Low,Phone,Product setup,1st line support,Nicola Wane,31-08-2023 02:16,02-09-2023 02:16,31-08-2023 02:18,18:19.4,Within SLA,,SLA Violated,,1,,Other,Tier 1,Slovenia,46.1491664,14.9860106
Closed,3001,Low,Email,Feature request,2nd line support,Michele Whyatt,31-08-2023 17:03,02-09-2023 17:03,31-08-2023 18:03,45:13.5,SLA Violated,34:27.8,Within SLA,51:55.2,5,4,Ready to use Software,Tier 2,Poland,52.536273,19.050639
Resolved,3002,Medium,Email,Product setup,1st line support,Connor Danielovitch,31-08-2023 22:11,02-09-2023 22:11,31-08-2023 23:11,32:55.9,Within SLA,06:58.0,Within SLA,,1,,Ready to use Software,Tier 1,Czech Republic,49.8037633,15.4749126
Resolved,3003,Low,Phone,Product setup,1st line support,Bernard Beckley,31-08-2023 16:32,02-09-2023 16:32,31-08-2023 16:34,34:37.4,Within SLA,33:45.4,Within SLA,,1,,Ready to use Software,Tier 1,Germany,51.165691,10.451526
In progress,3004,High,Chat,Pricing and Licensing,1st line support,Sheela Cutten,31-08-2023 17:52,01-09-2023 17:52,31-08-2023 17:54,54:35.9,Within SLA,,SLA Violated,,2,,Custom software development,Tier 1,Austria,47.6964719,13.3457347
Closed,3005,Medium,Chat,Other,1st line support,Connor Danielovitch,31-08-2023 06:04,01-09-2023 06:04,31-08-2023 06:06,05:48.7,Within SLA,26:39.7,Within SLA,05:01.4,6,3,Ready to use Software,Tier 1,United Kingdom,55.378052,-3.435973
Closed,3006,Medium,Email,Feature request,1st line support,Nicola Wane,31-08-2023 08:10,02-09-2023 08:10,31-08-2023 09:10,48:27.9,Within SLA,26:58.7,SLA Violated,34:57.0,4,5,Ready to use Software,Tier 1,Republic of Ireland,53.094024,-8.019675
Closed,3007,High,Email,Feature request,2nd line support,Michele Whyatt,31-08-2023 18:47,02-09-2023 18:47,31-08-2023 19:47,02:06.8,Within SLA,09:03.3,Within SLA,22:19.9,2,4,Ready to use Software,Tier 2,Poland,52.536273,19.050639
Closed,3008,High,Email,Pricing and Licensing,1st line support,Bernard Beckley,01-09-2023 21:09,03-09-2023 21:09,01-09-2023 22:09,28:34.5,Within SLA,06:09.9,Within SLA,25:48.5,2,5,Custom software development,Tier 1,United Kingdom,55.378052,-3.435973
Closed,3009,Medium,Email,Bug report,1st line support,Bernard Beckley,01-09-2023 23:33,03-09-2023 23:33,02-09-2023 00:33,10:50.7,Within SLA,42:38.2,SLA Violated,24:40.5,4,3,Custom software development,Tier 1,Spain,39.67337,-4.767726
Resolved,3010,Low,Email,Pricing and Licensing,1st line support,Bernard Beckley,01-09-2023 20:08,03-09-2023 20:08,01-09-2023 21:08,28:43.6,Within SLA,15:18.6,Within SLA,,2,,Custom software development,Tier 1,Austria,47.6964719,13.3457347
Resolved,3011,Medium,Phone,Product setup,1st line support,Connor Danielovitch,01-09-2023 11:39,03-09-2023 11:39,01-09-2023 11:41,40:57.3,Within SLA,16:52.6,Within SLA,,1,,Other,Tier 1,Italy,43.036776,12.678565
Resolved,3012,Low,Email,Product setup,1st line support,Kristos Westoll,01-09-2023 11:16,03-09-2023 11:16,01-09-2023 12:16,51:09.8,Within SLA,46:04.1,Within SLA,,1,,Training and Consulting Services,Tier 1,France,48.864716,2.349014
Resolved,3013,Low,Email,Pricing and licensing,1st line support,Connor Danielovitch,01-09-2023 04:42,03-09-2023 04:42,01-09-2023 05:42,03:29.0,Within SLA,13:10.2,Within SLA,,1,,Ready to use Software,Tier 1,United Kingdom,55.378052,-3.435973
Closed,3014,High,Email,Product setup,1st line support,Nicola Wane,01-09-2023 14:27,03-09-2023 14:27,01-09-2023 15:27,21:20.9,Within SLA,35:30.2,Within SLA,43:30.7,2,1,Other,Tier 1,United Kingdom,55.378052,-3.435973
Closed,3015,Medium,Email,Pricing and licensing,1st line support,Sheela Cutten,01-09-2023 15:08,03-09-2023 15:08,01-09-2023 16:08,51:54.8,Within SLA,33:14.3,SLA Violated,03:09.7,2,3,Ready to use Software,Tier 1,Poland,52.536273,19.050639
Resolved,3020,Medium,Email,Pricing and licensing,1st line support,Connor Danielovitch,02-09-2023 17:49,04-09-2023 17:49,02-09-2023 18:49,28:41.8,Within SLA,37:27.6,SLA Violated,,5,,Ready to use Software,Tier 1,Austria,47.6964719,13.3457347
Closed,3021,Medium,Chat,Pricing and Licensing,1st line support,Sheela Cutten,02-09-2023 02:22,03-09-2023 02:22,02-09-2023 02:24,23:50.9,Within SLA,20:28.3,SLA Violated,12:51.8,7,5,Custom software development,Tier 1,Poland,52.536273,19.050639
Closed,3022,High,Chat,Pricing and Licensing,1st line support,Connor Danielovitch,03-09-2023 16:18,04-09-2023 16:18,03-09-2023 16:20,18:48.0,Within SLA,07:23.3,Within SLA,45:04.1,2,4,Custom software development,Tier 1,Slovenia,46.1491664,14.9860106
Resolved,3023,Medium,Chat,Feature request,1st line support,Sheela Cutten,03-09-2023 08:27,04-09-2023 08:27,03-09-2023 08:29,29:36.4,Within SLA,02:16.0,Within SLA,,9,,Custom software development,Tier 1,Poland,52.536273,19.050639
Resolved,3024,Medium,Chat,Product setup,2nd line support,Adolpho Messingham,03-09-2023 14:17,04-09-2023 14:17,03-09-2023 14:19,19:03.4,Within SLA,46:18.3,SLA Violated,,6,,Custom software development,Tier 2,France,48.864716,2.349014
Closed,3025,Low,Email,Bug report,1st line support,Kristos Westoll,03-09-2023 11:23,05-09-2023 11:23,03-09-2023 12:23,48:05.7,Within SLA,15:40.1,Within SLA,43:38.2,6,1,Custom software development,Tier 1,Republic of Ireland,53.094024,-8.019675
Closed,3026,Low,Chat,Feature request,1st line support,Sheela Cutten,04-09-2023 20:05,05-09-2023 20:05,04-09-2023 20:07,05:40.0,Within SLA,39:16.7,Within SLA,04:55.2,4,5,Other,Tier 1,Germany,51.165691,10.451526
Resolved,3027,Low,Chat,Product setup,1st line support,Connor Danielovitch,04-09-2023 22:18,05-09-2023 22:18,04-09-2023 22:20,19:18.3,Within SLA,33:37.4,Within SLA,,2,,Ready to use Software,Tier 1,Germany,51.165691,10.451526
Closed,3028,Low,Phone,Product setup,1st line support,Kristos Westoll,04-09-2023 01:34,06-09-2023 01:34,04-09-2023 01:36,40:51.1,SLA Violated,01:40.9,SLA Violated,29:23.8,3,5,Ready to use Software,Tier 1,Italy,43.036776,12.678565
Closed,3029,Low,Email,Feature request,2nd line support,Michele Whyatt,04-09-2023 23:39,06-09-2023 23:39,05-09-2023 00:39,48:27.6,Within SLA,11:46.4,Within SLA,26:48.6,7,1,Other,Tier 2,Italy,43.036776,12.678565
Resolved,3030,Low,Chat,Feature request,1st line support,Kristos Westoll,04-09-2023 10:55,05-09-2023 10:55,04-09-2023 10:57,56:32.1,Within SLA,16:41.2,Within SLA,,5,,Custom software development,Tier 1,United Kingdom,55.378052,-3.435973
In progress,3031,Low,Chat,Purchasing and invoicing,2nd line support,Heather Urry,04-09-2023 10:51,05-09-2023 10:51,04-09-2023 10:53,52:23.9,Within SLA,,SLA Violated,,5,,Ready to use Software,Tier 2,Czech Republic,49.8037633,15.4749126
Resolved,3032,Low,Email,Feature request,1st line support,Bernard Beckley,04-09-2023 15:27,06-09-2023 15:27,04-09-2023 16:27,45:33.2,Within SLA,58:53.8,Within SLA,,7,,Ready to use Software,Tier 1,Czech Republic,49.8037633,15.4749126
Closed,3033,High,Chat,Purchasing and invoicing,1st line support,Connor Danielovitch,05-09-2023 06:07,06-09-2023 06:07,05-09-2023 06:09,09:09.6,Within SLA,35:53.2,Within SLA,03:00.7,5,5,Other,Tier 1,United Kingdom,55.378052,-3.435973
Closed,3034,Low,Chat,Product setup,1st line support,Kristos Westoll,05-09-2023 03:58,06-09-2023 03:58,05-09-2023 04:00,59:03.4,Within SLA,52:41.3,SLA Violated,09:26.0,6,1,Ready to use Software,Tier 1,Spain,39.67337,-4.767726
Closed,3035,Medium,Chat,Pricing and Licensing,1st line support,Connor Danielovitch,05-09-2023 14:43,06-09-2023 14:43,05-09-2023 14:45,44:36.7,Within SLA,18:09.2,Within SLA,10:15.7,6,4,Custom software development,Tier 1,Bulgaria,42.7249925,25.4833039
Closed,3036,Low,Email,Feature request,1st line support,Connor Danielovitch,06-09-2023 16:42,08-09-2023 16:42,06-09-2023 17:42,23:57.6,Within SLA,34:18.2,SLA Violated,18:44.6,6,3,Custom software development,Tier 1,Germany,51.165691,10.451526
Closed,3037,Medium,Email,Feature request,2nd line support,Michele Whyatt,06-09-2023 17:04,08-09-2023 17:04,06-09-2023 18:04,42:34.4,Within SLA,12:19.7,Within SLA,38:13.4,1,5,Ready to use Software,Tier 2,France,48.864716,2.349014
Resolved,3038,Low,Chat,Bug report,1st line support,Bernard Beckley,06-09-2023 02:29,07-09-2023 02:29,06-09-2023 02:31,30:36.1,Within SLA,41:39.6,Within SLA,,5,,Ready to use Software,Tier 1,Italy,43.036776,12.678565
Closed,3039,Low,Chat,Pricing and licensing,1st line support,Connor Danielovitch,06-09-2023 15:30,07-09-2023 15:30,06-09-2023 15:32,31:51.4,Within SLA,04:07.5,Within SLA,07:03.8,8,4,Custom software development,Tier 1,Germany,51.165691,10.451526
Closed,3040,Medium,Email,Product setup,2nd line support,Michele Whyatt,06-09-2023 23:22,08-09-2023 23:22,07-09-2023 00:22,45:19.8,Within SLA,58:03.3,SLA Violated,02:40.2,3,4,Custom software development,Tier 2,Germany,51.165691,10.451526
In progress,3041,Medium,Email,Purchasing and invoicing,2nd line support,Heather Urry,06-09-2023 02:31,08-09-2023 02:31,06-09-2023 03:31,24:36.6,SLA Violated,,SLA Violated,,5,,Ready to use Software,Tier 2,Slovenia,46.1491664,14.9860106
Resolved,3042,Medium,Email,Other,1st line support,Kristos Westoll,06-09-2023 06:16,08-09-2023 06:16,06-09-2023 07:16,46:58.5,Within SLA,22:59.5,SLA Violated,,5,,Ready to use Software,Tier 1,Poland,52.536273,19.050639
Closed,3043,Medium,Chat,Pricing and licensing,1st line support,Kristos Westoll,07-09-2023 10:11,08-09-2023 10:11,07-09-2023 10:13,12:22.8,Within SLA,21:55.6,Within SLA,01:01.8,6,2,Custom software development,Tier 1,United Kingdom,55.378052,-3.435973
Closed,3044,Medium,Chat,Other,1st line support,Bernard Beckley,07-09-2023 00:48,08-09-2023 00:48,07-09-2023 00:50,49:59.9,Within SLA,48:24.9,Within SLA,10:34.2,6,5,Ready to use Software,Tier 1,France,48.864716,2.349014
Closed,3045,Low,Phone,Purchasing and invoicing,1st line support,Nicola Wane,07-09-2023 10:33,09-09-2023 10:33,07-09-2023 10:35,34:02.9,Within SLA,19:43.9,Within SLA,41:33.4,1,5,Training and Consulting Services,Tier 1,Italy,43.036776,12.678565
Closed,3046,Low,Email,Pricing and licensing,1st line support,Connor Danielovitch,07-09-2023 14:17,09-09-2023 14:17,07-09-2023 15:17,40:32.4,Within SLA,56:00.2,Within SLA,50:54.7,2,4,Custom software development,Tier 1,United Kingdom,55.378052,-3.435973
Closed,3047,Low,Phone,Pricing and licensing,2nd line support,Michele Whyatt,07-09-2023 02:32,09-09-2023 02:32,07-09-2023 02:34,32:34.6,Within SLA,10:45.4,Within SLA,32:58.8,1,3,Ready to use Software,Tier 2,Czech Republic,49.8037633,15.4749126
Closed,3048,Low,Chat,Other,1st line support,Connor Danielovitch,07-09-2023 08:39,08-09-2023 08:39,07-09-2023 08:41,41:13.4,Within SLA,24:13.6,Within SLA,35:52.2,9,5,Custom software development,Tier 1,Slovenia,46.1491664,14.9860106
Resolved,3049,Medium,Chat,Bug report,2nd line support,Michele Whyatt,07-09-2023 11:21,08-09-2023 11:21,07-09-2023 11:23,22:47.8,Within SLA,35:51.3,SLA Violated,,5,,Ready to use Software,Tier 2,Slovenia,46.1491664,14.9860106
In progress,3050,Medium,Chat,Product setup,1st line support,Connor Danielovitch,08-09-2023 06:40,09-09-2023 06:40,08-09-2023 06:42,41:04.6,Within SLA,,SLA Violated,,6,,Other,Tier 1,Poland,52.536273,19.050639
Closed,3051,Low,Chat,Feature request,2nd line support,Adolpho Messingham,08-09-2023 09:52,09-09-2023 09:52,08-09-2023 09:54,54:37.0,Within SLA,34:42.4,Within SLA,37:09.7,5,4,Ready to use Software,Tier 2,Poland,52.536273,19.050639
Resolved,3052,Medium,Email,Other,2nd line support,Heather Urry,08-09-2023 08:22,10-09-2023 08:22,08-09-2023 09:22,08:48.3,Within SLA,23:22.3,SLA Violated,,5,,Ready to use Software,Tier 2,United Kingdom,55.378052,-3.435973
Closed,3053,High,Email,Other,2nd line support,Michele Whyatt,08-09-2023 22:51,10-09-2023 22:51,08-09-2023 23:51,27:09.2,Within SLA,49:02.2,Within SLA,31:55.0,7,4,Ready to use Software,Tier 2,Poland,52.536273,19.050639
In progress,3054,Low,Chat,Pricing and licensing,1st line support,Connor Danielovitch,08-09-2023 20:21,09-09-2023 20:21,08-09-2023 20:23,21:56.0,Within SLA,,SLA Violated,,6,,Other,Tier 1,United Kingdom,55.378052,-3.435973
In progress,3055,Low,Phone,Other,2nd line support,Michele Whyatt,09-09-2023 13:21,11-09-2023 13:21,09-09-2023 13:23,22:12.3,Within SLA,,SLA Violated,,2,,Ready to use Software,Tier 2,United Kingdom,55.378052,-3.435973
In progress,3056,Low,Email,Product setup,1st line support,Nicola Wane,09-09-2023 15:22,11-09-2023 15:22,09-09-2023 16:22,32:08.5,Within SLA,,SLA Violated,,3,,Ready to use Software,Tier 1,Spain,39.67337,-4.767726
Resolved,3057,Low,Chat,Feature request,1st line support,Nicola Wane,09-09-2023 07:08,10-09-2023 07:08,09-09-2023 07:10,08:27.9,Within SLA,46:44.4,Within SLA,,2,,Ready to use Software,Tier 1,Slovenia,46.1491664,14.9860106
Closed,3058,High,Phone,Feature request,1st line support,Nicola Wane,09-09-2023 06:14,11-09-2023 06:14,09-09-2023 06:16,15:53.1,Within SLA,59:48.6,Within SLA,56:30.6,3,2,Custom software development,Tier 1,Greece,39.368279,21.863141
In progress,3068,High,Chat,Product setup,2nd line support,Adolpho Messingham,10-09-2023 09:12,11-09-2023 09:12,10-09-2023 09:14,14:34.3,Within SLA,,SLA Violated,,6,,Custom software development,Tier 2,Poland,52.536273,19.050639
Closed,3069,Medium,Chat,Bug report,1st line support,Sheela Cutten,10-09-2023 03:13,11-09-2023 03:13,10-09-2023 03:15,19:46.3,SLA Violated,16:13.4,Within SLA,45:49.0,9,5,Custom software development,Tier 1,Germany,51.165691,10.451526
Resolved,3070,Medium,Chat,Product setup,1st line support,Bernard Beckley,10-09-2023 20:22,11-09-2023 20:22,10-09-2023 20:24,24:12.7,Within SLA,21:39.6,Within SLA,,60,,Ready to use Software,Tier 1,Bulgaria,42.7249925,25.4833039
Resolved,3071,Low,Chat,Purchasing and invoicing,1st line support,Connor Danielovitch,10-09-2023 06:36,11-09-2023 06:36,10-09-2023 06:38,36:14.4,Within SLA,00:25.8,Within SLA,,5,,Ready to use Software,Tier 1,Spain,39.67337,-4.767726
In progress,3072,Medium,Chat,Product setup,1st line support,Nicola Wane,11-09-2023 12:01,12-09-2023 12:01,11-09-2023 12:03,02:31.3,Within SLA,,SLA Violated,,6,,Ready to use Software,Tier 1,Greece,39.368279,21.863141
Closed,3073,Low,Email,Pricing and licensing,1st line support,Nicola Wane,11-09-2023 06:29,13-09-2023 06:29,11-09-2023 07:29,09:56.5,Within SLA,25:50.7,SLA Violated,40:11.9,2,5,Ready to use Software,Tier 1,Czech Republic,49.8037633,15.4749126
Closed,3074,Low,Chat,Purchasing and invoicing,1st line support,Connor Danielovitch,11-09-2023 05:40,12-09-2023 05:40,11-09-2023 05:42,41:12.1,Within SLA,48:04.7,Within SLA,34:16.7,9,5,Training and Consulting Services,Tier 1,Greece,39.368279,21.863141
Resolved,3075,Medium,Email,Other,1st line support,Kristos Westoll,11-09-2023 23:52,13-09-2023 23:52,12-09-2023 00:52,29:58.6,Within SLA,02:18.1,SLA Violated,,1,,Ready to use Software,Tier 1,Austria,47.6964719,13.3457347
Resolved,3076,High,Chat,Pricing and Licensing,1st line support,Sheela Cutten,11-09-2023 07:01,12-09-2023 07:01,11-09-2023 07:03,02:06.2,Within SLA,15:28.2,Within SLA,,4,,Custom software development,Tier 1,Italy,43.036776,12.678565
Resolved,3077,Low,Email,Bug report,2nd line support,Heather Urry,11-09-2023 00:39,13-09-2023 00:39,11-09-2023 01:39,36:09.4,Within SLA,09:09.5,Within SLA,,5,,Custom software development,Tier 2,France,48.864716,2.349014
Closed,3078,Low,Email,Feature request,2nd line support,Adolpho Messingham,11-09-2023 01:52,13-09-2023 01:52,11-09-2023 02:52,47:22.7,Within SLA,22:18.2,Within SLA,04:06.5,3,5,Ready to use Software,Tier 2,France,48.864716,2.349014
Closed,3079,Low,Email,Feature request,1st line support,Bernard Beckley,11-09-2023 16:12,13-09-2023 16:12,11-09-2023 17:12,22:53.9,SLA Violated,22:40.2,SLA Violated,12:51.4,2,4,Ready to use Software,Tier 1,United Kingdom,55.378052,-3.435973
Closed,3080,Low,Chat,Training request,1st line support,Connor Danielovitch,12-09-2023 15:14,13-09-2023 15:14,12-09-2023 15:16,16:09.7,Within SLA,40:36.8,Within SLA,26:43.8,7,5,Training and Consulting Services,Tier 1,Germany,51.165691,10.451526
Resolved,3081,High,Chat,Feature request,1st line support,Bernard Beckley,12-09-2023 23:05,13-09-2023 23:05,12-09-2023 23:07,10:40.5,SLA Violated,25:52.2,Within SLA,,2,,Ready to use Software,Tier 1,Germany,51.165691,10.451526
Resolved,3082,Low,Chat,Feature request,2nd line support,Adolpho Messingham,12-09-2023 13:30,13-09-2023 13:30,12-09-2023 13:32,30:53.9,Within SLA,04:12.9,SLA Violated,,6,,Other,Tier 2,France,48.864716,2.349014
Closed,3083,Medium,Chat,Pricing and Licensing,1st line support,Sheela Cutten,12-09-2023 01:42,13-09-2023 01:42,12-09-2023 01:44,43:05.7,Within SLA,53:40.5,Within SLA,53:38.7,4,4,Custom software development,Tier 1,Poland,52.536273,19.050639
Closed,3084,Low,Email,Bug report,2nd line support,Adolpho Messingham,12-09-2023 21:51,14-09-2023 21:51,12-09-2023 22:51,12:13.9,Within SLA,06:18.3,Within SLA,32:47.8,10,4,Training and Consulting Services,Tier 2,France,48.864716,2.349014
Closed,3085,High,Chat,Purchasing and invoicing,1st line support,Connor Danielovitch,12-09-2023 05:30,13-09-2023 05:30,12-09-2023 05:32,30:19.6,Within SLA,05:41.2,Within SLA,27:39.4,6,5,Training and Consulting Services,Tier 1,Greece,39.368279,21.863141
In progress,3086,Low,Chat,Feature request,1st line support,Kristos Westoll,12-09-2023 07:10,13-09-2023 07:10,12-09-2023 07:12,10:50.7,Within SLA,,SLA Violated,,5,,Custom software development,Tier 1,Spain,39.67337,-4.767726
Resolved,3087,Low,Email,Pricing and licensing,1st line support,Nicola Wane,13-09-2023 08:10,15-09-2023 08:10,13-09-2023 09:10,17:34.6,Within SLA,28:32.2,Within SLA,,6,,Ready to use Software,Tier 1,Czech Republic,49.8037633,15.4749126
Resolved,3088,Low,Email,Product setup,1st line support,Bernard Beckley,13-09-2023 07:27,15-09-2023 07:27,13-09-2023 08:27,52:03.8,Within SLA,46:52.2,Within SLA,,2,,Ready to use Software,Tier 1,Poland,52.536273,19.050639
Resolved,3089,High,Email,Pricing and licensing,1st line support,Connor Danielovitch,13-09-2023 22:49,15-09-2023 22:49,13-09-2023 23:49,39:43.6,Within SLA,53:26.4,Within SLA,,1,,Ready to use Software,Tier 1,Spain,39.67337,-4.767726
Closed,3090,Medium,Email,Pricing and licensing,1st line support,Nicola Wane,13-09-2023 18:38,15-09-2023 18:38,13-09-2023 19:38,31:26.2,Within SLA,53:51.3,SLA Violated,05:41.1,3,2,Ready to use Software,Tier 1,Czech Republic,49.8037633,15.4749126
Closed,3091,Medium,Email,Bug report,1st line support,Nicola Wane,13-09-2023 05:38,15-09-2023 05:38,13-09-2023 06:38,48:28.0,Within SLA,09:31.2,Within SLA,12:41.4,2,1,Custom software development,Tier 1,France,48.864716,2.349014
Closed,3092,Medium,Chat,Other,1st line support,Nicola Wane,14-09-2023 02:24,15-09-2023 02:24,14-09-2023 02:26,30:21.3,SLA Violated,20:30.6,Within SLA,00:48.1,9,4,Ready to use Software,Tier 1,Austria,47.6964719,13.3457347
Closed,3093,Low,Email,Feature request,2nd line support,Adolpho Messingham,14-09-2023 16:22,16-09-2023 16:22,14-09-2023 17:22,18:30.3,Within SLA,27:22.2,Within SLA,52:41.4,9,2,Ready to use Software,Tier 2,Poland,52.536273,19.050639
Resolved,3094,Low,Email,Pricing and licensing,1st line support,Connor Danielovitch,14-09-2023 01:53,16-09-2023 01:53,14-09-2023 02:53,04:37.3,Within SLA,40:06.3,Within SLA,,1,,Custom software development,Tier 1,United Kingdom,55.378052,-3.435973
In progress,3095,Low,Email,Purchasing and invoicing,1st line support,Bernard Beckley,14-09-2023 12:58,16-09-2023 12:58,14-09-2023 13:58,27:52.5,Within SLA,,SLA Violated,,2,,Other,Tier 1,Poland,52.536273,19.050639
Closed,3096,Low,Email,Purchasing and invoicing,1st line support,Connor Danielovitch,15-09-2023 02:21,17-09-2023 02:21,15-09-2023 03:21,33:21.7,Within SLA,11:00.0,Within SLA,59:49.9,2,5,Custom software development,Tier 1,Poland,52.536273,19.050639
In progress,3097,Low,Chat,Feature request,1st line support,Nicola Wane,15-09-2023 23:13,16-09-2023 23:13,15-09-2023 23:15,13:56.6,Within SLA,,SLA Violated,,60,,Ready to use Software,Tier 1,Poland,52.536273,19.050639
Closed,3098,High,Chat,Pricing and licensing,2nd line support,Adolpho Messingham,15-09-2023 09:52,16-09-2023 09:52,15-09-2023 09:54,52:49.4,Within SLA,30:02.5,SLA Violated,39:21.8,6,4,Training and Consulting Services,Tier 2,Slovenia,46.1491664,14.9860106
Closed,3099,Medium,Chat,Purchasing and invoicing,1st line support,Nicola Wane,15-09-2023 02:34,16-09-2023 02:34,15-09-2023 02:36,34:46.7,Within SLA,05:19.5,Within SLA,21:19.8,5,2,Ready to use Software,Tier 1,Austria,47.6964719,13.3457347
Resolved,3100,Medium,Phone,Pricing and licensing,1st line support,Kristos Westoll,15-09-2023 12:12,17-09-2023 12:12,15-09-2023 12:14,13:39.7,Within SLA,33:43.5,Within SLA,,1,,Other,Tier 1,United Kingdom,55.378052,-3.435973
Closed,3101,High,Chat,Pricing and licensing,1st line support,Sheela Cutten,15-09-2023 07:31,16-09-2023 07:31,15-09-2023 07:33,31:29.4,Within SLA,16:51.3,SLA Violated,47:40.0,6,3,Training and Consulting Services,Tier 1,Germany,51.165691,10.451526
Closed,3102,Medium,Chat,Product setup,1st line support,Sheela Cutten,15-09-2023 09:48,16-09-2023 09:48,15-09-2023 09:50,50:46.5,Within SLA,28:44.4,Within SLA,11:08.0,6,4,Ready to use Software,Tier 1,Poland,52.536273,19.050639
Closed,3103,Low,Phone,Pricing and licensing,2nd line support,Michele Whyatt,15-09-2023 13:32,17-09-2023 13:32,15-09-2023 13:34,34:24.6,SLA Violated,18:41.8,Within SLA,27:31.8,6,5,Ready to use Software,Tier 2,Czech Republic,49.8037633,15.4749126
Resolved,3104,Low,Chat,Purchasing and invoicing,1st line support,Sheela Cutten,16-09-2023 21:36,17-09-2023 21:36,16-09-2023 21:38,38:37.4,Within SLA,43:43.9,SLA Violated,,6,,Other,Tier 1,Republic of Ireland,53.094024,-8.019675
Closed,3105,Low,Email,Product setup,2nd line support,Heather Urry,16-09-2023 03:27,18-09-2023 03:27,16-09-2023 04:27,11:39.5,Within SLA,23:53.6,Within SLA,51:05.3,2,1,Ready to use Software,Tier 2,Spain,39.67337,-4.767726
Resolved,3120,High,Chat,Product setup,1st line support,Kristos Westoll,17-09-2023 04:00,18-09-2023 04:00,17-09-2023 04:02,01:33.3,Within SLA,22:26.3,Within SLA,,5,,Other,Tier 1,United Kingdom,55.378052,-3.435973
Closed,3122,Medium,Email,Product setup,1st line support,Kristos Westoll,17-09-2023 07:39,19-09-2023 07:39,17-09-2023 08:39,29:39.0,Within SLA,40:12.7,Within SLA,31:51.0,9,1,Ready to use Software,Tier 1,Italy,43.036776,12.678565
Closed,3124,Low,Email,Bug report,1st line support,Nicola Wane,18-09-2023 21:59,20-09-2023 21:59,18-09-2023 22:59,30:58.0,Within SLA,32:02.4,Within SLA,19:46.7,2,5,Ready to use Software,Tier 1,Czech Republic,49.8037633,15.4749126
Closed,3125,High,Chat,Purchasing and invoicing,2nd line support,Heather Urry,18-09-2023 18:47,19-09-2023 18:47,18-09-2023 18:49,47:20.1,Within SLA,03:28.7,Within SLA,27:16.7,5,3,Training and Consulting Services,Tier 2,Bulgaria,42.7249925,25.4833039
Closed,3126,Low,Email,Other,1st line support,Kristos Westoll,18-09-2023 02:37,20-09-2023 02:37,18-09-2023 03:37,57:41.9,Within SLA,43:58.0,Within SLA,25:06.3,7,1,Ready to use Software,Tier 1,Bulgaria,42.7249925,25.4833039
Closed,3127,Medium,Email,Other,1st line support,Sheela Cutten,18-09-2023 10:26,20-09-2023 10:26,18-09-2023 11:26,12:26.4,Within SLA,50:52.0,Within SLA,38:40.8,3,2,Custom software development,Tier 1,Austria,47.6964719,13.3457347
Closed,3128,Medium,Chat,Pricing and Licensing,1st line support,Nicola Wane,18-09-2023 19:11,19-09-2023 19:11,18-09-2023 19:13,11:56.9,Within SLA,01:30.0,SLA Violated,55:26.9,6,3,Custom software development,Tier 1,Germany,51.165691,10.451526
Resolved,3130,High,Email,Product setup,2nd line support,Michele Whyatt,18-09-2023 22:00,20-09-2023 22:00,18-09-2023 23:00,12:46.3,Within SLA,54:29.5,Within SLA,,2,,Training and Consulting Services,Tier 2,Austria,47.6964719,13.3457347
Closed,3132,Low,Chat,Training request,1st line support,Nicola Wane,18-09-2023 06:51,19-09-2023 06:51,18-09-2023 06:53,54:54.7,SLA Violated,38:34.5,SLA Violated,49:54.3,9,2,Training and Consulting Services,Tier 1,Germany,51.165691,10.451526
Closed,3133,Medium,Email,Product setup,1st line support,Sheela Cutten,18-09-2023 11:31,20-09-2023 11:31,18-09-2023 12:31,25:29.7,SLA Violated,58:58.0,Within SLA,29:32.7,3,5,Ready to use Software,Tier 1,Slovenia,46.1491664,14.9860106
Closed,3134,High,Email,Other,1st line support,Bernard Beckley,18-09-2023 14:49,20-09-2023 14:49,18-09-2023 15:49,51:20.6,Within SLA,39:53.1,SLA Violated,28:30.8,2,4,Training and Consulting Services,Tier 1,Bulgaria,42.7249925,25.4833039
In progress,3135,Low,Email,Product setup,1st line support,Sheela Cutten,19-09-2023 11:41,21-09-2023 11:41,19-09-2023 12:41,59:26.4,Within SLA,,SLA Violated,,10,,Other,Tier 1,Italy,43.036776,12.678565
Closed,3136,High,Email,Feature request,2nd line support,Michele Whyatt,19-09-2023 07:00,21-09-2023 07:00,19-09-2023 08:00,57:24.5,Within SLA,49:37.7,Within SLA,32:37.7,2,4,Ready to use Software,Tier 2,Spain,39.67337,-4.767726
Resolved,3137,Medium,Chat,Pricing and licensing,1st line support,Connor Danielovitch,19-09-2023 05:34,20-09-2023 05:34,19-09-2023 05:36,34:36.8,Within SLA,17:57.7,Within SLA,,2,,Ready to use Software,Tier 1,Poland,52.536273,19.050639
Closed,3138,High,Email,Pricing and licensing,2nd line support,Michele Whyatt,20-09-2023 01:36,22-09-2023 01:36,20-09-2023 02:36,52:15.8,Within SLA,46:41.3,Within SLA,33:13.8,1,1,Custom software development,Tier 2,Republic of Ireland,53.094024,-8.019675
Closed,3139,Low,Email,Other,2nd line support,Heather Urry,20-09-2023 05:23,22-09-2023 05:23,20-09-2023 06:23,23:17.9,Within SLA,56:50.8,Within SLA,49:11.8,1,1,Training and Consulting Services,Tier 2,Czech Republic,49.8037633,15.4749126
Resolved,3141,Low,Phone,Feature request,2nd line support,Heather Urry,20-09-2023 11:15,22-09-2023 11:15,20-09-2023 11:17,20:17.6,SLA Violated,19:07.3,Within SLA,,1,,Other,Tier 2,Republic of Ireland,53.094024,-8.019675
In progress,3142,Medium,Chat,Product setup,2nd line support,Heather Urry,20-09-2023 15:41,21-09-2023 15:41,20-09-2023 15:43,42:55.2,Within SLA,,SLA Violated,,5,,Other,Tier 2,Germany,51.165691,10.451526
Closed,3143,Low,Chat,Feature request,2nd line support,Michele Whyatt,20-09-2023 00:42,21-09-2023 00:42,20-09-2023 00:44,44:01.8,Within SLA,25:11.9,Within SLA,24:22.6,8,3,Other,Tier 2,Bulgaria,42.7249925,25.4833039
Closed,3144,Medium,Email,Purchasing and invoicing,1st line support,Nicola Wane,21-09-2023 15:52,23-09-2023 15:52,21-09-2023 16:52,50:20.5,Within SLA,53:20.8,Within SLA,43:44.4,2,2,Ready to use Software,Tier 1,Spain,39.67337,-4.767726
Resolved,3145,Medium,Chat,Product setup,2nd line support,Heather Urry,21-09-2023 22:13,22-09-2023 22:13,21-09-2023 22:15,15:36.8,Within SLA,20:05.4,Within SLA,,60,,Custom software development,Tier 2,Germany,51.165691,10.451526
Closed,3146,High,Email,Pricing and licensing,1st line support,Sheela Cutten,21-09-2023 23:10,23-09-2023 23:10,22-09-2023 00:10,06:16.7,Within SLA,42:23.4,Within SLA,54:10.4,2,3,Training and Consulting Services,Tier 1,Greece,39.368279,21.863141
Closed,3147,Medium,Phone,Feature request,2nd line support,Adolpho Messingham,21-09-2023 14:23,23-09-2023 14:23,21-09-2023 14:25,24:49.9,Within SLA,27:57.0,Within SLA,47:09.4,6,5,Other,Tier 2,Austria,47.6964719,13.3457347
Closed,3148,Medium,Email,Pricing and licensing,1st line support,Connor Danielovitch,21-09-2023 07:49,23-09-2023 07:49,21-09-2023 08:49,20:44.1,Within SLA,47:18.2,SLA Violated,22:29.9,1,3,Ready to use Software,Tier 1,Germany,51.165691,10.451526
Closed,3149,Low,Phone,Feature request,1st line support,Sheela Cutten,21-09-2023 19:00,23-09-2023 19:00,21-09-2023 19:02,01:53.0,Within SLA,38:30.1,Within SLA,25:31.2,1,2,Other,Tier 1,United Kingdom,55.378052,-3.435973
Closed,3150,Low,Phone,Pricing and licensing,2nd line support,Heather Urry,21-09-2023 16:36,23-09-2023 16:36,21-09-2023 16:38,37:33.9,Within SLA,45:03.0,SLA Violated,31:14.6,1,4,Training and Consulting Services,Tier 2,France,48.864716,2.349014
Closed,3151,Medium,Phone,Feature request,1st line support,Connor Danielovitch,21-09-2023 10:25,23-09-2023 10:25,21-09-2023 10:27,29:59.2,SLA Violated,50:53.6,Within SLA,41:30.0,1,5,Ready to use Software,Tier 1,Germany,51.165691,10.451526
Closed,3152,Medium,Chat,Pricing and licensing,2nd line support,Michele Whyatt,22-09-2023 01:23,23-09-2023 01:23,22-09-2023 01:25,29:28.8,SLA Violated,35:24.9,Within SLA,19:43.2,5,4,Custom software development,Tier 2,Italy,43.036776,12.678565
Closed,3153,Low,Chat,Bug report,1st line support,Connor Danielovitch,22-09-2023 15:53,23-09-2023 15:53,22-09-2023 15:55,53:56.6,Within SLA,13:56.8,SLA Violated,07:17.3,8,5,Ready to use Software,Tier 1,United Kingdom,55.378052,-3.435973
Closed,3154,Low,Email,Pricing and licensing,1st line support,Nicola Wane,22-09-2023 04:05,24-09-2023 04:05,22-09-2023 05:05,48:27.5,Within SLA,10:31.2,Within SLA,09:57.7,1,1,Custom software development,Tier 1,Germany,51.165691,10.451526
Resolved,3155,Low,Phone,Product setup,1st line support,Nicola Wane,22-09-2023 05:52,24-09-2023 05:52,22-09-2023 05:54,53:50.5,Within SLA,15:40.6,Within SLA,,3,,Training and Consulting Services,Tier 1,France,48.864716,2.349014
Closed,3156,High,Phone,Other,2nd line support,Heather Urry,22-09-2023 23:23,24-09-2023 23:23,22-09-2023 23:25,24:15.7,Within SLA,05:46.7,Within SLA,30:16.1,3,5,Ready to use Software,Tier 2,United Kingdom,55.378052,-3.435973
Resolved,3157,Medium,Chat,Purchasing and invoicing,1st line support,Bernard Beckley,22-09-2023 21:49,23-09-2023 21:49,22-09-2023 21:51,50:19.3,Within SLA,59:05.8,Within SLA,,8,,Ready to use Software,Tier 1,Republic of Ireland,53.094024,-8.019675
Closed,3158,Low,Chat,Pricing and Licensing,1st line support,Kristos Westoll,22-09-2023 19:56,23-09-2023 19:56,22-09-2023 19:58,56:38.2,Within SLA,01:59.0,SLA Violated,33:41.2,2,5,Custom software development,Tier 1,Poland,52.536273,19.050639
Resolved,3159,Medium,Email,Product setup,2nd line support,Adolpho Messingham,22-09-2023 01:37,24-09-2023 01:37,22-09-2023 02:37,50:37.9,Within SLA,33:14.4,SLA Violated,,6,,Custom software development,Tier 2,France,48.864716,2.349014
Closed,3160,Medium,Phone,Purchasing and invoicing,1st line support,Bernard Beckley,22-09-2023 09:32,24-09-2023 09:32,22-09-2023 09:34,32:42.2,Within SLA,36:07.5,Within SLA,15:41.0,1,3,Ready to use Software,Tier 1,Germany,51.165691,10.451526
Resolved,3161,Low,Chat,Product setup,1st line support,Connor Danielovitch,22-09-2023 00:55,23-09-2023 00:55,22-09-2023 00:57,55:40.8,Within SLA,14:26.4,Within SLA,,6,,Training and Consulting Services,Tier 1,Spain,39.67337,-4.767726
Closed,3162,Low,Email,Pricing and licensing,1st line support,Kristos Westoll,23-09-2023 16:45,25-09-2023 16:45,23-09-2023 17:45,55:13.4,Within SLA,04:32.9,SLA Violated,13:29.9,5,1,Ready to use Software,Tier 1,Spain,39.67337,-4.767726
Closed,3163,Low,Email,Feature request,2nd line support,Michele Whyatt,23-09-2023 00:34,25-09-2023 00:34,23-09-2023 01:34,32:32.8,Within SLA,12:16.9,Within SLA,29:32.1,10,4,Other,Tier 2,Greece,39.368279,21.863141
Closed,3164,Low,Email,Purchasing and invoicing,2nd line support,Michele Whyatt,23-09-2023 01:32,25-09-2023 01:32,23-09-2023 02:32,00:10.0,Within SLA,19:51.7,Within SLA,10:02.0,1,4,Ready to use Software,Tier 2,United Kingdom,55.378052,-3.435973
In progress,3178,Low,Email,Product setup,1st line support,Bernard Beckley,24-09-2023 19:44,26-09-2023 19:44,24-09-2023 20:44,33:08.5,Within SLA,,SLA Violated,,7,,Other,Tier 1,Germany,51.165691,10.451526
Closed,3179,Medium,Chat,Pricing and licensing,2nd line support,Michele Whyatt,24-09-2023 03:25,25-09-2023 03:25,24-09-2023 03:27,27:06.3,Within SLA,19:16.2,Within SLA,53:20.2,60,5,Custom software development,Tier 2,United Kingdom,55.378052,-3.435973
In progress,3180,Low,Chat,Pricing and Licensing,1st line support,Connor Danielovitch,24-09-2023 21:16,25-09-2023 21:16,24-09-2023 21:18,18:30.2,Within SLA,,SLA Violated,,8,,Custom software development,Tier 1,Germany,51.165691,10.451526
Closed,3181,Low,Chat,Product setup,2nd line support,Adolpho Messingham,25-09-2023 10:35,26-09-2023 10:35,25-09-2023 10:37,36:35.5,Within SLA,54:57.7,Within SLA,56:20.2,7,4,Training and Consulting Services,Tier 2,Italy,43.036776,12.678565
Closed,3182,High,Email,Feature request,1st line support,Nicola Wane,25-09-2023 15:13,27-09-2023 15:13,25-09-2023 16:13,40:02.8,Within SLA,59:33.6,Within SLA,13:15.3,2,5,Custom software development,Tier 1,Austria,47.6964719,13.3457347
In progress,3183,High,Email,Purchasing and invoicing,1st line support,Kristos Westoll,25-09-2023 01:25,27-09-2023 01:25,25-09-2023 02:25,27:56.2,Within SLA,,SLA Violated,,2,,Training and Consulting Services,Tier 1,Italy,43.036776,12.678565
Resolved,3184,Medium,Chat,Purchasing and invoicing,2nd line support,Heather Urry,25-09-2023 03:28,26-09-2023 03:28,25-09-2023 03:30,30:36.0,Within SLA,49:06.7,Within SLA,,2,,Other,Tier 2,United Kingdom,55.378052,-3.435973
Resolved,3185,Low,Phone,Purchasing and invoicing,1st line support,Kristos Westoll,25-09-2023 03:57,27-09-2023 03:57,25-09-2023 03:59,03:16.2,SLA Violated,05:46.8,SLA Violated,,1,,Custom software development,Tier 1,Slovenia,46.1491664,14.9860106
Resolved,3186,Low,Phone,Product setup,1st line support,Nicola Wane,25-09-2023 05:24,27-09-2023 05:24,25-09-2023 05:26,25:35.3,Within SLA,23:42.7,Within SLA,,4,,Ready to use Software,Tier 1,Spain,39.67337,-4.767726
Closed,3187,Medium,Chat,Bug report,1st line support,Kristos Westoll,25-09-2023 15:07,26-09-2023 15:07,25-09-2023 15:09,09:36.8,Within SLA,31:53.6,Within SLA,23:49.8,6,1,Custom software development,Tier 1,Poland,52.536273,19.050639
Closed,3188,Low,Phone,Feature request,1st line support,Sheela Cutten,25-09-2023 09:47,27-09-2023 09:47,25-09-2023 09:49,47:36.2,Within SLA,31:02.8,Within SLA,53:56.7,1,4,Custom software development,Tier 1,Bulgaria,42.7249925,25.4833039
Resolved,3189,Low,Chat,Pricing and licensing,1st line support,Bernard Beckley,25-09-2023 15:40,26-09-2023 15:40,25-09-2023 15:42,41:08.4,Within SLA,33:03.4,Within SLA,,4,,Custom software development,Tier 1,Poland,52.536273,19.050639
Closed,3190,Low,Email,Purchasing and invoicing,1st line support,Connor Danielovitch,26-09-2023 22:51,28-09-2023 22:51,26-09-2023 23:51,07:18.1,Within SLA,56:17.3,Within SLA,43:20.9,1,3,Custom software development,Tier 1,Republic of Ireland,53.094024,-8.019675
Closed,3191,Medium,Email,Pricing and licensing,1st line support,Kristos Westoll,26-09-2023 15:34,28-09-2023 15:34,26-09-2023 16:34,24:49.8,Within SLA,36:10.5,SLA Violated,04:21.3,1,5,Other,Tier 1,Bulgaria,42.7249925,25.4833039
Closed,3192,Medium,Email,Product setup,1st line support,Bernard Beckley,26-09-2023 17:16,28-09-2023 17:16,26-09-2023 18:16,53:48.9,Within SLA,30:47.0,Within SLA,48:56.4,7,1,Ready to use Software,Tier 1,Bulgaria,42.7249925,25.4833039
Closed,3193,Low,Phone,Feature request,2nd line support,Michele Whyatt,26-09-2023 11:00,28-09-2023 11:00,26-09-2023 11:02,00:21.4,Within SLA,55:06.8,Within SLA,52:50.7,6,4,Other,Tier 2,Bulgaria,42.7249925,25.4833039
In progress,3194,Low,Email,Product setup,1st line support,Connor Danielovitch,26-09-2023 12:56,28-09-2023 12:56,26-09-2023 13:56,15:00.4,Within SLA,,SLA Violated,,2,,Ready to use Software,Tier 1,Czech Republic,49.8037633,15.4749126
Resolved,3196,Medium,Email,Other,2nd line support,Michele Whyatt,27-09-2023 01:56,29-09-2023 01:56,27-09-2023 02:56,42:28.2,Within SLA,08:42.3,Within SLA,,2,,Custom software development,Tier 2,Spain,39.67337,-4.767726
In progress,3197,Low,Email,Feature request,1st line support,Nicola Wane,27-09-2023 22:45,29-09-2023 22:45,27-09-2023 23:45,26:03.7,Within SLA,,SLA Violated,,5,,Ready to use Software,Tier 1,United Kingdom,55.378052,-3.435973
Closed,3198,Low,Chat,Bug report,1st line support,Bernard Beckley,27-09-2023 05:29,28-09-2023 05:29,27-09-2023 05:31,33:14.1,SLA Violated,01:11.6,SLA Violated,08:12.9,7,1,Ready to use Software,Tier 1,United Kingdom,55.378052,-3.435973
Closed,3200,High,Chat,Pricing and licensing,2nd line support,Michele Whyatt,27-09-2023 06:14,28-09-2023 06:14,27-09-2023 06:16,19:46.1,SLA Violated,31:15.2,Within SLA,32:58.3,2,5,Ready to use Software,Tier 2,Greece,39.368279,21.863141
Closed,3201,Medium,Chat,Pricing and licensing,2nd line support,Adolpho Messingham,27-09-2023 05:52,28-09-2023 05:52,27-09-2023 05:54,54:09.0,Within SLA,32:54.4,SLA Violated,42:21.4,2,5,Training and Consulting Services,Tier 2,Poland,52.536273,19.050639
Resolved,3202,High,Chat,Product setup,1st line support,Bernard Beckley,27-09-2023 09:00,28-09-2023 09:00,27-09-2023 09:02,01:38.2,Within SLA,56:50.4,Within SLA,,6,,Ready to use Software,Tier 1,Bulgaria,42.7249925,25.4833039
In progress,3203,Low,Chat,Pricing and licensing,1st line support,Kristos Westoll,27-09-2023 10:58,28-09-2023 10:58,27-09-2023 11:00,00:23.7,Within SLA,,SLA Violated,,6,,Custom software development,Tier 1,France,48.864716,2.349014
Closed,3204,Low,Email,Bug report,2nd line support,Heather Urry,27-09-2023 00:18,29-09-2023 00:18,27-09-2023 01:18,49:10.0,Within SLA,08:57.8,Within SLA,14:05.0,9,4,Training and Consulting Services,Tier 2,Poland,52.536273,19.050639
Closed,3205,Low,Email,Purchasing and invoicing,1st line support,Sheela Cutten,27-09-2023 14:36,29-09-2023 14:36,27-09-2023 15:36,13:43.4,Within SLA,48:29.8,Within SLA,01:21.1,3,3,Training and Consulting Services,Tier 1,France,48.864716,2.349014
In progress,3206,Medium,Chat,Product setup,1st line support,Kristos Westoll,28-09-2023 11:38,29-09-2023 11:38,28-09-2023 11:40,40:12.2,Within SLA,,SLA Violated,,2,,Ready to use Software,Tier 1,Slovenia,46.1491664,14.9860106
Closed,3207,Low,Chat,Purchasing and invoicing,1st line support,Kristos Westoll,28-09-2023 02:28,29-09-2023 02:28,28-09-2023 02:30,33:31.5,SLA Violated,03:24.8,Within SLA,04:20.4,5,4,Custom software development,Tier 1,Poland,52.536273,19.050639
Resolved,3208,Medium,Email,Other,1st line support,Kristos Westoll,28-09-2023 08:07,30-09-2023 08:07,28-09-2023 09:07,43:25.0,Within SLA,54:36.9,Within SLA,,8,,Other,Tier 1,Bulgaria,42.7249925,25.4833039
Closed,3209,High,Email,Product setup,1st line support,Bernard Beckley,28-09-2023 14:43,30-09-2023 14:43,28-09-2023 15:43,12:18.8,Within SLA,26:33.2,SLA Violated,27:28.5,1,3,Other,Tier 1,Italy,43.036776,12.678565
Closed,3210,Low,Email,Pricing and Licensing,1st line support,Bernard Beckley,28-09-2023 18:54,30-09-2023 18:54,28-09-2023 19:54,56:27.8,Within SLA,54:07.0,SLA Violated,41:47.9,1,1,Custom software development,Tier 1,Poland,52.536273,19.050639
Closed,3211,Medium,Chat,Training request,1st line support,Sheela Cutten,28-09-2023 07:43,29-09-2023 07:43,28-09-2023 07:45,43:57.9,Within SLA,39:35.0,Within SLA,21:10.9,6,3,Training and Consulting Services,Tier 1,Italy,43.036776,12.678565
In progress,3212,Medium,Chat,Pricing and Licensing,1st line support,Nicola Wane,28-09-2023 18:52,29-09-2023 18:52,28-09-2023 18:54,52:16.6,Within SLA,,SLA Violated,,4,,Custom software development,Tier 1,Greece,39.368279,21.863141
Closed,3214,Low,Email,Purchasing and invoicing,1st line support,Kristos Westoll,29-09-2023 01:39,01-10-2023 01:39,29-09-2023 02:39,14:56.6,Within SLA,55:59.3,Within SLA,03:43.7,1,2,Other,Tier 1,France,48.864716,2.349014
Closed,3215,Low,Email,Product setup,1st line support,Connor Danielovitch,29-09-2023 23:41,01-10-2023 23:41,30-09-2023 00:41,14:07.8,Within SLA,24:51.6,Within SLA,20:52.5,9,5,Ready to use Software,Tier 1,United Kingdom,55.378052,-3.435973
Resolved,3216,High,Email,Product setup,1st line support,Kristos Westoll,29-09-2023 09:45,01-10-2023 09:45,29-09-2023 10:45,37:03.2,Within SLA,43:47.3,Within SLA,,1,,Training and Consulting Services,Tier 1,Bulgaria,42.7249925,25.4833039
Closed,3218,Medium,Email,Pricing and licensing,1st line support,Kristos Westoll,30-09-2023 01:21,02-10-2023 01:21,30-09-2023 02:21,59:58.1,Within SLA,54:07.6,SLA Violated,18:45.8,8,5,Ready to use Software,Tier 1,Greece,39.368279,21.863141
Resolved,3219,Low,Phone,Pricing and licensing,1st line support,Kristos Westoll,30-09-2023 02:53,02-10-2023 02:53,30-09-2023 02:55,59:13.8,SLA Violated,12:59.2,SLA Violated,,1,,Other,Tier 1,Italy,43.036776,12.678565
Closed,3220,Low,Email,Feature request,2nd line support,Heather Urry,30-09-2023 16:21,02-10-2023 16:21,30-09-2023 17:21,09:31.9,Within SLA,48:13.4,Within SLA,04:32.7,6,1,Ready to use Software,Tier 2,France,48.864716,2.349014
Resolved,3228,Low,Phone,Pricing and licensing,1st line support,Bernard Beckley,01-10-2023 12:32,03-10-2023 12:32,01-10-2023 12:34,34:07.1,Within SLA,04:41.8,Within SLA,,5,,Ready to use Software,Tier 1,Italy,43.036776,12.678565
Resolved,3229,Low,Phone,Product setup,1st line support,Connor Danielovitch,02-10-2023 02:28,04-10-2023 02:28,02-10-2023 02:30,29:17.2,Within SLA,24:06.4,SLA Violated,,4,,Custom software development,Tier 1,United Kingdom,55.378052,-3.435973
Resolved,3230,Medium,Email,Pricing and licensing,1st line support,Kristos Westoll,02-10-2023 18:04,04-10-2023 18:04,02-10-2023 19:04,28:48.5,SLA Violated,39:20.7,Within SLA,,1,,Training and Consulting Services,Tier 1,Republic of Ireland,53.094024,-8.019675
Resolved,3231,High,Chat,Feature request,1st line support,Nicola Wane,02-10-2023 08:19,03-10-2023 08:19,02-10-2023 08:21,19:59.3,Within SLA,05:09.5,Within SLA,,60,,Ready to use Software,Tier 1,Italy,43.036776,12.678565
Resolved,3232,Low,Chat,Product setup,2nd line support,Heather Urry,02-10-2023 20:30,03-10-2023 20:30,02-10-2023 20:32,32:39.0,Within SLA,55:23.3,Within SLA,,2,,Training and Consulting Services,Tier 2,Spain,39.67337,-4.767726
Closed,3233,Medium,Phone,Other,1st line support,Kristos Westoll,02-10-2023 06:05,04-10-2023 06:05,02-10-2023 06:07,06:45.3,Within SLA,30:26.1,Within SLA,26:01.5,5,2,Ready to use Software,Tier 1,Poland,52.536273,19.050639
Resolved,3234,Low,Email,Product setup,1st line support,Sheela Cutten,02-10-2023 23:15,04-10-2023 23:15,03-10-2023 00:15,55:47.1,Within SLA,21:34.7,SLA Violated,,8,,Ready to use Software,Tier 1,United Kingdom,55.378052,-3.435973
Closed,3235,Medium,Phone,Other,1st line support,Sheela Cutten,02-10-2023 03:14,04-10-2023 03:14,02-10-2023 03:16,19:14.9,SLA Violated,36:35.4,Within SLA,04:21.5,2,3,Custom software development,Tier 1,Austria,47.6964719,13.3457347
Resolved,3236,Medium,Email,Bug report,2nd line support,Heather Urry,03-10-2023 01:21,05-10-2023 01:21,03-10-2023 02:21,49:32.9,Within SLA,40:49.9,Within SLA,,1,,Ready to use Software,Tier 2,Greece,39.368279,21.863141
Closed,3237,Medium,Chat,Training request,1st line support,Sheela Cutten,03-10-2023 08:47,04-10-2023 08:47,03-10-2023 08:49,50:32.8,SLA Violated,40:20.2,Within SLA,00:58.2,5,4,Training and Consulting Services,Tier 1,Poland,52.536273,19.050639
Resolved,3238,Low,Chat,Pricing and licensing,1st line support,Nicola Wane,03-10-2023 02:51,04-10-2023 02:51,03-10-2023 02:53,53:08.4,Within SLA,17:37.9,Within SLA,,8,,Custom software development,Tier 1,Italy,43.036776,12.678565
Closed,3239,High,Email,Product setup,2nd line support,Heather Urry,03-10-2023 02:21,05-10-2023 02:21,03-10-2023 03:21,38:44.2,Within SLA,30:32.5,Within SLA,48:12.1,1,3,Custom software development,Tier 2,Spain,39.67337,-4.767726
Resolved,3240,Low,Chat,Feature request,2nd line support,Michele Whyatt,03-10-2023 22:55,04-10-2023 22:55,03-10-2023 22:57,56:58.3,Within SLA,01:05.1,SLA Violated,,2,,Other,Tier 2,United Kingdom,55.378052,-3.435973
In progress,3241,Medium,Email,Pricing and licensing,1st line support,Connor Danielovitch,03-10-2023 16:05,05-10-2023 16:05,03-10-2023 17:05,53:53.4,Within SLA,,SLA Violated,,1,,Ready to use Software,Tier 1,Slovenia,46.1491664,14.9860106
Closed,3242,High,Chat,Purchasing and invoicing,2nd line support,Heather Urry,03-10-2023 12:16,04-10-2023 12:16,03-10-2023 12:18,18:21.9,Within SLA,25:14.7,SLA Violated,41:20.2,2,4,Ready to use Software,Tier 2,Poland,52.536273,19.050639
In progress,3243,Medium,Email,Product setup,2nd line support,Adolpho Messingham,04-10-2023 01:11,06-10-2023 01:11,04-10-2023 02:11,17:30.2,Within SLA,,SLA Violated,,4,,Other,Tier 2,United Kingdom,55.378052,-3.435973
Closed,3244,Low,Email,Product setup,1st line support,Kristos Westoll,04-10-2023 21:18,06-10-2023 21:18,04-10-2023 22:18,10:39.9,Within SLA,01:25.4,Within SLA,18:13.2,9,2,Custom software development,Tier 1,Germany,51.165691,10.451526
Closed,3245,High,Email,Other,1st line support,Connor Danielovitch,04-10-2023 03:45,06-10-2023 03:45,04-10-2023 04:45,19:29.8,Within SLA,18:38.2,Within SLA,26:39.4,8,3,Ready to use Software,Tier 1,Greece,39.368279,21.863141
Closed,3246,Low,Email,Product setup,1st line support,Bernard Beckley,04-10-2023 13:30,06-10-2023 13:30,04-10-2023 14:30,12:43.1,Within SLA,11:59.8,SLA Violated,30:16.5,7,3,Ready to use Software,Tier 1,Czech Republic,49.8037633,15.4749126
Resolved,3247,Low,Chat,Product setup,2nd line support,Adolpho Messingham,04-10-2023 00:32,05-10-2023 00:32,04-10-2023 00:34,33:57.3,Within SLA,25:15.3,Within SLA,,2,,Custom software development,Tier 2,United Kingdom,55.378052,-3.435973
Resolved,3248,Medium,Email,Product setup,1st line support,Nicola Wane,04-10-2023 07:03,06-10-2023 07:03,04-10-2023 08:03,28:29.1,Within SLA,51:43.4,Within SLA,,1,,Training and Consulting Services,Tier 1,Bulgaria,42.7249925,25.4833039
Resolved,3249,Medium,Email,Product setup,1st line support,Kristos Westoll,04-10-2023 09:31,06-10-2023 09:31,04-10-2023 10:31,48:33.0,Within SLA,59:17.7,Within SLA,,10,,Ready to use Software,Tier 1,Spain,39.67337,-4.767726
In progress,3250,Low,Email,Product setup,1st line support,Nicola Wane,05-10-2023 05:10,07-10-2023 05:10,05-10-2023 06:10,41:14.1,Within SLA,,SLA Violated,,1,,Training and Consulting Services,Tier 1,United Kingdom,55.378052,-3.435973
Resolved,3251,High,Phone,Other,1st line support,Bernard Beckley,05-10-2023 16:45,07-10-2023 16:45,05-10-2023 16:47,47:09.3,Within SLA,56:17.8,Within SLA,,3,,Other,Tier 1,Poland,52.536273,19.050639
Closed,3252,High,Email,Product setup,1st line support,Connor Danielovitch,05-10-2023 04:06,07-10-2023 04:06,05-10-2023 05:06,19:47.8,Within SLA,03:56.9,SLA Violated,10:44.4,4,5,Ready to use Software,Tier 1,Poland,52.536273,19.050639
Closed,3253,Low,Email,Pricing and licensing,1st line support,Kristos Westoll,05-10-2023 12:30,07-10-2023 12:30,05-10-2023 13:30,59:34.2,Within SLA,48:44.0,Within SLA,50:28.0,6,4,Ready to use Software,Tier 1,Slovenia,46.1491664,14.9860106
Resolved,3254,High,Email,Feature request,1st line support,Sheela Cutten,05-10-2023 21:48,07-10-2023 21:48,05-10-2023 22:48,32:03.6,Within SLA,49:16.7,Within SLA,,3,,Ready to use Software,Tier 1,France,48.864716,2.349014
In progress,3255,Low,Email,Pricing and licensing,2nd line support,Adolpho Messingham,05-10-2023 06:04,07-10-2023 06:04,05-10-2023 07:04,16:41.0,Within SLA,,SLA Violated,,1,,Ready to use Software,Tier 2,Italy,43.036776,12.678565
Closed,3256,Low,Chat,Training request,1st line support,Kristos Westoll,05-10-2023 06:44,06-10-2023 06:44,05-10-2023 06:46,45:27.3,Within SLA,23:04.3,SLA Violated,19:23.3,6,4,Training and Consulting Services,Tier 1,Austria,47.6964719,13.3457347
Resolved,3257,Medium,Email,Feature request,2nd line support,Michele Whyatt,06-10-2023 03:18,08-10-2023 03:18,06-10-2023 04:18,38:39.3,Within SLA,11:06.7,Within SLA,,1,,Other,Tier 2,United Kingdom,55.378052,-3.435973
Closed,3258,Low,Phone,Pricing and licensing,2nd line support,Michele Whyatt,06-10-2023 08:01,08-10-2023 08:01,06-10-2023 08:03,03:15.1,Within SLA,10:29.5,Within SLA,30:18.0,2,3,Ready to use Software,Tier 2,Italy,43.036776,12.678565
Closed,3259,Medium,Email,Pricing and licensing,1st line support,Nicola Wane,06-10-2023 21:17,08-10-2023 21:17,06-10-2023 22:17,24:07.2,Within SLA,30:53.8,Within SLA,02:33.6,9,2,Custom software development,Tier 1,Spain,39.67337,-4.767726
In progress,3260,Medium,Chat,Training request,1st line support,Sheela Cutten,06-10-2023 14:38,07-10-2023 14:38,06-10-2023 14:40,39:33.1,Within SLA,,SLA Violated,,5,,Training and Consulting Services,Tier 1,United Kingdom,55.378052,-3.435973
Closed,3261,Low,Chat,Feature request,1st line support,Nicola Wane,06-10-2023 07:23,07-10-2023 07:23,06-10-2023 07:25,24:38.6,Within SLA,18:49.5,Within SLA,48:03.6,6,3,Custom software development,Tier 1,Italy,43.036776,12.678565
Resolved,3262,Low,Phone,Product setup,1st line support,Bernard Beckley,06-10-2023 05:55,08-10-2023 05:55,06-10-2023 05:57,56:29.2,Within SLA,51:07.3,Within SLA,,5,,Ready to use Software,Tier 1,Czech Republic,49.8037633,15.4749126
Closed,3263,Medium,Email,Product setup,1st line support,Sheela Cutten,06-10-2023 03:10,08-10-2023 03:10,06-10-2023 04:10,24:29.5,Within SLA,56:55.9,SLA Violated,56:56.2,2,3,Custom software development,Tier 1,Italy,43.036776,12.678565
Closed,3264,Medium,Chat,Feature request,1st line support,Connor Danielovitch,06-10-2023 00:29,07-10-2023 00:29,06-10-2023 00:31,33:25.5,SLA Violated,34:09.9,SLA Violated,44:39.3,6,3,Ready to use Software,Tier 1,Spain,39.67337,-4.767726
Closed,3265,Low,Email,Product setup,2nd line support,Adolpho Messingham,06-10-2023 23:57,08-10-2023 23:57,07-10-2023 00:57,55:57.3,Within SLA,05:11.6,Within SLA,09:37.4,1,2,Training and Consulting Services,Tier 2,Germany,51.165691,10.451526
Resolved,3266,Medium,Email,Bug report,2nd line support,Heather Urry,06-10-2023 18:47,08-10-2023 18:47,06-10-2023 19:47,07:41.3,SLA Violated,24:33.7,Within SLA,,1,,Other,Tier 2,Republic of Ireland,53.094024,-8.019675
Resolved,3267,Low,Chat,Product setup,1st line support,Bernard Beckley,07-10-2023 17:08,08-10-2023 17:08,07-10-2023 17:10,09:32.8,Within SLA,27:11.5,Within SLA,,7,,Custom software development,Tier 1,Poland,52.536273,19.050639
Closed,3269,Low,Chat,Product setup,2nd line support,Michele Whyatt,07-10-2023 06:00,08-10-2023 06:00,07-10-2023 06:02,02:53.3,Within SLA,02:55.1,Within SLA,28:44.5,9,1,Ready to use Software,Tier 2,Greece,39.368279,21.863141
In progress,3271,Low,Email,Purchasing and invoicing,1st line support,Sheela Cutten,07-10-2023 03:30,09-10-2023 03:30,07-10-2023 04:30,00:32.8,Within SLA,,SLA Violated,,1,,Custom software development,Tier 1,Italy,43.036776,12.678565
Closed,3272,Medium,Chat,Other,1st line support,Kristos Westoll,07-10-2023 16:37,08-10-2023 16:37,07-10-2023 16:39,37:33.5,Within SLA,48:55.6,SLA Violated,44:57.5,2,4,Custom software development,Tier 1,Austria,47.6964719,13.3457347
Closed,3279,Low,Chat,Bug report,2nd line support,Michele Whyatt,08-10-2023 09:20,09-10-2023 09:20,08-10-2023 09:22,20:39.1,Within SLA,05:13.1,Within SLA,40:28.4,5,5,Training and Consulting Services,Tier 2,Spain,39.67337,-4.767726
Closed,3281,Low,Chat,Product setup,2nd line support,Adolpho Messingham,09-10-2023 07:02,10-10-2023 07:02,09-10-2023 07:04,03:12.3,Within SLA,13:42.8,SLA Violated,42:07.9,4,5,Ready to use Software,Tier 2,Greece,39.368279,21.863141
Closed,3282,Medium,Email,Bug report,1st line support,Nicola Wane,09-10-2023 15:02,11-10-2023 15:02,09-10-2023 16:02,38:42.1,Within SLA,25:26.9,Within SLA,15:42.2,6,5,Ready to use Software,Tier 1,Czech Republic,49.8037633,15.4749126
Resolved,3283,High,Email,Product setup,1st line support,Bernard Beckley,09-10-2023 07:10,11-10-2023 07:10,09-10-2023 08:10,41:54.3,Within SLA,24:23.7,Within SLA,,4,,Other,Tier 1,Italy,43.036776,12.678565
Closed,3284,High,Chat,Bug report,1st line support,Connor Danielovitch,09-10-2023 04:28,10-10-2023 04:28,09-10-2023 04:30,30:16.1,Within SLA,56:43.0,SLA Violated,51:40.5,9,5,Training and Consulting Services,Tier 1,Italy,43.036776,12.678565
Closed,3285,Low,Email,Pricing and licensing,1st line support,Kristos Westoll,09-10-2023 18:03,11-10-2023 18:03,09-10-2023 19:03,29:02.6,Within SLA,01:07.2,Within SLA,45:18.8,4,5,Other,Tier 1,Italy,43.036776,12.678565
Closed,3286,Low,Chat,Purchasing and invoicing,1st line support,Connor Danielovitch,09-10-2023 07:04,10-10-2023 07:04,09-10-2023 07:06,06:05.5,Within SLA,53:30.1,Within SLA,56:12.1,6,3,Ready to use Software,Tier 1,United Kingdom,55.378052,-3.435973
Closed,3287,Medium,Email,Feature request,1st line support,Kristos Westoll,09-10-2023 06:15,11-10-2023 06:15,09-10-2023 07:15,22:13.2,Within SLA,20:32.9,SLA Violated,20:41.0,8,5,Ready to use Software,Tier 1,Spain,39.67337,-4.767726
Resolved,3288,Medium,Email,Pricing and licensing,1st line support,Connor Danielovitch,09-10-2023 15:56,11-10-2023 15:56,09-10-2023 16:56,10:56.6,Within SLA,58:54.3,Within SLA,,1,,Custom software development,Tier 1,United Kingdom,55.378052,-3.435973
Closed,3290,Medium,Phone,Bug report,1st line support,Nicola Wane,10-10-2023 01:54,12-10-2023 01:54,10-10-2023 01:56,56:52.0,Within SLA,47:09.4,Within SLA,07:26.5,1,5,Ready to use Software,Tier 1,Czech Republic,49.8037633,15.4749126
Resolved,3291,Medium,Email,Purchasing and invoicing,1st line support,Connor Danielovitch,10-10-2023 07:14,12-10-2023 07:14,10-10-2023 08:14,07:36.3,Within SLA,20:48.2,Within SLA,,1,,Ready to use Software,Tier 1,Bulgaria,42.7249925,25.4833039
Closed,3292,Low,Email,Feature request,1st line support,Sheela Cutten,10-10-2023 16:12,12-10-2023 16:12,10-10-2023 17:12,40:38.1,Within SLA,09:34.9,SLA Violated,05:11.1,3,4,Other,Tier 1,United Kingdom,55.378052,-3.435973
Resolved,3293,Medium,Chat,Product setup,1st line support,Nicola Wane,10-10-2023 07:50,11-10-2023 07:50,10-10-2023 07:52,55:58.0,SLA Violated,09:32.8,SLA Violated,,7,,Ready to use Software,Tier 1,Czech Republic,49.8037633,15.4749126
Resolved,3294,Medium,Chat,Feature request,1st line support,Bernard Beckley,10-10-2023 15:50,11-10-2023 15:50,10-10-2023 15:52,52:41.7,Within SLA,38:24.5,Within SLA,,6,,Ready to use Software,Tier 1,Poland,52.536273,19.050639
Resolved,3295,Medium,Chat,Feature request,2nd line support,Michele Whyatt,11-10-2023 13:40,12-10-2023 13:40,11-10-2023 13:42,41:52.5,Within SLA,55:49.7,Within SLA,,5,,Custom software development,Tier 2,Italy,43.036776,12.678565
Resolved,3296,Low,Chat,Product setup,1st line support,Connor Danielovitch,11-10-2023 17:19,12-10-2023 17:19,11-10-2023 17:21,19:16.1,Within SLA,35:28.0,Within SLA,,7,,Other,Tier 1,Spain,39.67337,-4.767726
Resolved,3297,Low,Email,Product setup,2nd line support,Michele Whyatt,11-10-2023 08:14,13-10-2023 08:14,11-10-2023 09:14,12:06.8,Within SLA,41:02.1,Within SLA,,10,,Other,Tier 2,Slovenia,46.1491664,14.9860106
Closed,3298,Low,Email,Feature request,2nd line support,Michele Whyatt,11-10-2023 10:04,13-10-2023 10:04,11-10-2023 11:04,07:36.9,Within SLA,47:22.8,Within SLA,21:58.8,5,3,Ready to use Software,Tier 2,Austria,47.6964719,13.3457347
Closed,3299,Low,Email,Pricing and licensing,1st line support,Kristos Westoll,11-10-2023 08:09,13-10-2023 08:09,11-10-2023 09:09,25:58.1,Within SLA,41:09.6,SLA Violated,53:04.7,3,5,Custom software development,Tier 1,United Kingdom,55.378052,-3.435973
Closed,3300,Low,Chat,Pricing and licensing,1st line support,Nicola Wane,11-10-2023 17:24,12-10-2023 17:24,11-10-2023 17:26,26:27.9,Within SLA,26:57.7,Within SLA,14:30.3,6,3,Custom software development,Tier 1,Spain,39.67337,-4.767726
In progress,3301,High,Phone,Feature request,1st line support,Kristos Westoll,11-10-2023 01:12,13-10-2023 01:12,11-10-2023 01:14,14:12.7,Within SLA,,SLA Violated,,1,,Ready to use Software,Tier 1,Germany,51.165691,10.451526
Closed,3302,Low,Chat,Product setup,1st line support,Nicola Wane,11-10-2023 05:25,12-10-2023 05:25,11-10-2023 05:27,27:26.9,Within SLA,18:52.7,Within SLA,46:34.5,8,4,Custom software development,Tier 1,Italy,43.036776,12.678565
Closed,3303,Medium,Chat,Pricing and licensing,1st line support,Connor Danielovitch,12-10-2023 15:08,13-10-2023 15:08,12-10-2023 15:10,08:55.3,Within SLA,27:09.7,Within SLA,35:34.5,6,3,Other,Tier 1,Poland,52.536273,19.050639
Resolved,3304,Low,Chat,Other,2nd line support,Michele Whyatt,12-10-2023 04:25,13-10-2023 04:25,12-10-2023 04:27,26:47.4,Within SLA,55:18.3,Within SLA,,4,,Training and Consulting Services,Tier 2,Republic of Ireland,53.094024,-8.019675
Resolved,3305,Low,Chat,Product setup,1st line support,Nicola Wane,12-10-2023 12:33,13-10-2023 12:33,12-10-2023 12:35,35:37.5,Within SLA,29:04.9,SLA Violated,,8,,Ready to use Software,Tier 1,Poland,52.536273,19.050639
Closed,3306,Medium,Email,Pricing and licensing,1st line support,Nicola Wane,12-10-2023 15:03,14-10-2023 15:03,12-10-2023 16:03,27:47.0,Within SLA,11:07.1,Within SLA,22:54.3,2,4,Custom software development,Tier 1,Italy,43.036776,12.678565
In progress,3307,Low,Email,Pricing and licensing,1st line support,Sheela Cutten,12-10-2023 19:25,14-10-2023 19:25,12-10-2023 20:25,35:32.2,Within SLA,,SLA Violated,,1,,Ready to use Software,Tier 1,Italy,43.036776,12.678565
Closed,3308,Low,Chat,Pricing and licensing,1st line support,Bernard Beckley,12-10-2023 19:02,13-10-2023 19:02,12-10-2023 19:04,04:00.8,Within SLA,04:52.5,Within SLA,43:37.6,5,2,Custom software development,Tier 1,United Kingdom,55.378052,-3.435973
Closed,3309,Low,Email,Other,2nd line support,Adolpho Messingham,12-10-2023 12:47,14-10-2023 12:47,12-10-2023 13:47,10:13.9,Within SLA,09:27.0,Within SLA,48:40.7,9,1,Ready to use Software,Tier 2,Austria,47.6964719,13.3457347
Closed,3310,Medium,Email,Product setup,1st line support,Nicola Wane,12-10-2023 18:46,14-10-2023 18:46,12-10-2023 19:46,31:01.0,Within SLA,24:20.5,Within SLA,42:43.3,1,3,Training and Consulting Services,Tier 1,Italy,43.036776,12.678565
In progress,3311,Low,Chat,Product setup,1st line support,Bernard Beckley,13-10-2023 16:13,14-10-2023 16:13,13-10-2023 16:15,14:39.1,Within SLA,,SLA Violated,,2,,Other,Tier 1,France,48.864716,2.349014
Closed,3312,Low,Phone,Bug report,1st line support,Kristos Westoll,13-10-2023 22:23,15-10-2023 22:23,13-10-2023 22:25,24:01.2,Within SLA,41:25.0,Within SLA,03:00.5,3,5,Custom software development,Tier 1,Republic of Ireland,53.094024,-8.019675
In progress,3313,Medium,Chat,Purchasing and invoicing,1st line support,Connor Danielovitch,13-10-2023 12:25,14-10-2023 12:25,13-10-2023 12:27,26:46.1,Within SLA,,SLA Violated,,6,,Other,Tier 1,Bulgaria,42.7249925,25.4833039
Closed,3314,Medium,Email,Bug report,1st line support,Kristos Westoll,13-10-2023 17:04,15-10-2023 17:04,13-10-2023 18:04,41:12.1,Within SLA,26:44.7,SLA Violated,01:52.1,3,5,Custom software development,Tier 1,Slovenia,46.1491664,14.9860106
Resolved,3315,Medium,Chat,Feature request,2nd line support,Adolpho Messingham,14-10-2023 19:17,15-10-2023 19:17,14-10-2023 19:19,23:38.1,SLA Violated,19:30.6,SLA Violated,,7,,Ready to use Software,Tier 2,France,48.864716,2.349014
Closed,3316,Medium,Email,Feature request,1st line support,Sheela Cutten,14-10-2023 13:17,16-10-2023 13:17,14-10-2023 14:17,52:20.1,Within SLA,38:18.8,Within SLA,54:27.0,1,2,Custom software development,Tier 1,Republic of Ireland,53.094024,-8.019675
In progress,3317,Low,Email,Pricing and licensing,1st line support,Nicola Wane,14-10-2023 19:40,16-10-2023 19:40,14-10-2023 20:40,12:54.2,Within SLA,,SLA Violated,,2,,Ready to use Software,Tier 1,France,48.864716,2.349014
Resolved,3318,Low,Chat,Pricing and licensing,1st line support,Connor Danielovitch,14-10-2023 15:22,15-10-2023 15:22,14-10-2023 15:24,23:45.4,Within SLA,47:48.5,Within SLA,,5,,Ready to use Software,Tier 1,Spain,39.67337,-4.767726
Closed,3319,Medium,Chat,Pricing and licensing,1st line support,Kristos Westoll,14-10-2023 07:59,15-10-2023 07:59,14-10-2023 08:01,01:21.8,Within SLA,41:22.2,SLA Violated,28:17.1,2,2,Custom software development,Tier 1,Germany,51.165691,10.451526
Resolved,3331,Medium,Email,Purchasing and invoicing,1st line support,Nicola Wane,16-10-2023 09:32,18-10-2023 09:32,16-10-2023 10:32,11:30.4,Within SLA,05:13.2,Within SLA,,2,,Ready to use Software,Tier 1,Poland,52.536273,19.050639
In progress,3332,Medium,Email,Feature request,1st line support,Sheela Cutten,16-10-2023 14:25,18-10-2023 14:25,16-10-2023 15:25,42:19.8,Within SLA,,SLA Violated,,1,,Other,Tier 1,Italy,43.036776,12.678565
In progress,3333,Low,Phone,Product setup,1st line support,Connor Danielovitch,16-10-2023 14:14,18-10-2023 14:14,16-10-2023 14:16,16:19.4,Within SLA,,SLA Violated,,2,,Ready to use Software,Tier 1,Italy,43.036776,12.678565
In progress,3334,Low,Email,Pricing and licensing,1st line support,Bernard Beckley,16-10-2023 12:38,18-10-2023 12:38,16-10-2023 13:38,11:14.1,Within SLA,,SLA Violated,,9,,Ready to use Software,Tier 1,Slovenia,46.1491664,14.9860106
Resolved,3335,Low,Email,Bug report,1st line support,Nicola Wane,16-10-2023 22:24,18-10-2023 22:24,16-10-2023 23:24,51:50.3,Within SLA,58:32.4,Within SLA,,2,,Ready to use Software,Tier 1,Italy,43.036776,12.678565
Resolved,3336,Medium,Chat,Bug report,1st line support,Connor Danielovitch,16-10-2023 04:17,17-10-2023 04:17,16-10-2023 04:19,17:39.0,Within SLA,00:46.6,Within SLA,,5,,Ready to use Software,Tier 1,Germany,51.165691,10.451526
Resolved,3337,Low,Chat,Bug report,1st line support,Sheela Cutten,16-10-2023 13:54,17-10-2023 13:54,16-10-2023 13:56,54:23.6,Within SLA,00:55.2,SLA Violated,,2,,Training and Consulting Services,Tier 1,France,48.864716,2.349014
Closed,3338,High,Chat,Purchasing and invoicing,1st line support,Bernard Beckley,16-10-2023 18:14,17-10-2023 18:14,16-10-2023 18:16,15:28.1,Within SLA,29:16.4,Within SLA,58:03.5,5,3,Custom software development,Tier 1,Austria,47.6964719,13.3457347
Resolved,3339,Low,Email,Pricing and licensing,2nd line support,Heather Urry,16-10-2023 19:22,18-10-2023 19:22,16-10-2023 20:22,08:05.7,Within SLA,40:55.6,Within SLA,,3,,Custom software development,Tier 2,Poland,52.536273,19.050639
Resolved,3340,Medium,Chat,Purchasing and invoicing,1st line support,Nicola Wane,16-10-2023 00:12,17-10-2023 00:12,16-10-2023 00:14,17:25.5,SLA Violated,04:44.1,Within SLA,,6,,Custom software development,Tier 1,Italy,43.036776,12.678565
Closed,3341,Medium,Email,Pricing and licensing,1st line support,Kristos Westoll,16-10-2023 00:32,18-10-2023 00:32,16-10-2023 01:32,30:34.7,Within SLA,43:40.9,Within SLA,03:26.6,8,2,Other,Tier 1,Spain,39.67337,-4.767726
Closed,3342,High,Email,Purchasing and invoicing,1st line support,Sheela Cutten,16-10-2023 00:49,18-10-2023 00:49,16-10-2023 01:49,10:53.4,Within SLA,34:46.3,Within SLA,18:13.5,3,4,Training and Consulting Services,Tier 1,Republic of Ireland,53.094024,-8.019675
Resolved,3343,High,Email,Pricing and licensing,1st line support,Bernard Beckley,17-10-2023 00:10,19-10-2023 00:10,17-10-2023 01:10,44:55.4,Within SLA,02:52.8,Within SLA,,7,,Ready to use Software,Tier 1,United Kingdom,55.378052,-3.435973
Closed,3344,Low,Chat,Pricing and licensing,1st line support,Connor Danielovitch,17-10-2023 21:43,18-10-2023 21:43,17-10-2023 21:45,43:37.7,Within SLA,08:05.8,SLA Violated,20:40.2,7,5,Ready to use Software,Tier 1,Germany,51.165691,10.451526
Closed,3345,Low,Email,Bug report,1st line support,Nicola Wane,17-10-2023 08:26,19-10-2023 08:26,17-10-2023 09:26,25:11.1,Within SLA,56:04.9,Within SLA,11:17.2,3,5,Ready to use Software,Tier 1,Italy,43.036776,12.678565
Resolved,3346,Low,Email,Other,1st line support,Connor Danielovitch,17-10-2023 11:44,19-10-2023 11:44,17-10-2023 12:44,00:15.2,Within SLA,09:11.8,Within SLA,,1,,Custom software development,Tier 1,Spain,39.67337,-4.767726
Resolved,3347,Low,Email,Bug report,1st line support,Nicola Wane,17-10-2023 20:29,19-10-2023 20:29,17-10-2023 21:29,26:40.4,Within SLA,12:09.1,Within SLA,,2,,Training and Consulting Services,Tier 1,Germany,51.165691,10.451526
Closed,3348,Low,Email,Training request,2nd line support,Michele Whyatt,17-10-2023 06:00,19-10-2023 06:00,17-10-2023 07:00,47:01.0,SLA Violated,58:32.3,SLA Violated,13:56.2,1,4,Training and Consulting Services,Tier 2,Czech Republic,49.8037633,15.4749126
Resolved,3349,Low,Email,Pricing and licensing,1st line support,Connor Danielovitch,18-10-2023 08:08,20-10-2023 08:08,18-10-2023 09:08,51:54.3,Within SLA,48:06.0,SLA Violated,,7,,Ready to use Software,Tier 1,Republic of Ireland,53.094024,-8.019675
Resolved,3350,Low,Phone,Other,1st line support,Bernard Beckley,18-10-2023 10:05,20-10-2023 10:05,18-10-2023 10:07,05:44.6,Within SLA,14:45.7,SLA Violated,,1,,Ready to use Software,Tier 1,United Kingdom,55.378052,-3.435973
In progress,3351,Low,Chat,Product setup,1st line support,Sheela Cutten,18-10-2023 21:51,19-10-2023 21:51,18-10-2023 21:53,53:19.9,Within SLA,,SLA Violated,,6,,Ready to use Software,Tier 1,Poland,52.536273,19.050639
Resolved,3352,Low,Chat,Pricing and licensing,1st line support,Kristos Westoll,18-10-2023 05:39,19-10-2023 05:39,18-10-2023 05:41,39:13.3,Within SLA,50:54.7,Within SLA,,6,,Custom software development,Tier 1,Republic of Ireland,53.094024,-8.019675
Closed,3353,Medium,Email,Product setup,1st line support,Sheela Cutten,18-10-2023 15:35,20-10-2023 15:35,18-10-2023 16:35,28:27.8,Within SLA,56:50.4,Within SLA,29:18.8,4,2,Custom software development,Tier 1,Czech Republic,49.8037633,15.4749126
Closed,3354,Low,Phone,Purchasing and invoicing,1st line support,Bernard Beckley,18-10-2023 17:52,20-10-2023 17:52,18-10-2023 17:54,55:09.7,SLA Violated,32:16.0,SLA Violated,46:54.2,2,2,Custom software development,Tier 1,Czech Republic,49.8037633,15.4749126
Resolved,3355,Medium,Chat,Other,2nd line support,Adolpho Messingham,18-10-2023 02:49,19-10-2023 02:49,18-10-2023 02:51,49:05.6,Within SLA,47:01.9,Within SLA,,2,,Ready to use Software,Tier 2,United Kingdom,55.378052,-3.435973
Closed,3356,Medium,Email,Product setup,1st line support,Kristos Westoll,18-10-2023 20:38,20-10-2023 20:38,18-10-2023 21:38,20:24.4,Within SLA,56:08.7,Within SLA,36:56.8,2,2,Training and Consulting Services,Tier 1,Poland,52.536273,19.050639
Resolved,3357,Low,Email,Bug report,1st line support,Connor Danielovitch,18-10-2023 22:51,20-10-2023 22:51,18-10-2023 23:51,22:04.0,Within SLA,32:47.2,SLA Violated,,7,,Ready to use Software,Tier 1,Poland,52.536273,19.050639
Resolved,3358,Medium,Phone,Product setup,1st line support,Sheela Cutten,18-10-2023 11:15,20-10-2023 11:15,18-10-2023 11:17,17:58.1,SLA Violated,47:55.0,Within SLA,,7,,Training and Consulting Services,Tier 1,Poland,52.536273,19.050639
Resolved,3359,High,Chat,Pricing and licensing,2nd line support,Adolpho Messingham,18-10-2023 15:22,19-10-2023 15:22,18-10-2023 15:24,24:42.0,Within SLA,09:57.1,Within SLA,,2,,Ready to use Software,Tier 2,Poland,52.536273,19.050639
Closed,3360,Low,Email,Product setup,1st line support,Bernard Beckley,18-10-2023 20:36,20-10-2023 20:36,18-10-2023 21:36,11:38.1,Within SLA,55:25.3,Within SLA,39:39.4,1,4,Training and Consulting Services,Tier 1,Slovenia,46.1491664,14.9860106
In progress,3361,High,Email,Product setup,2nd line support,Michele Whyatt,18-10-2023 03:46,20-10-2023 03:46,18-10-2023 04:46,30:57.2,Within SLA,,SLA Violated,,9,,Custom software development,Tier 2,Germany,51.165691,10.451526
Closed,3363,High,Chat,Product setup,2nd line support,Michele Whyatt,18-10-2023 21:11,19-10-2023 21:11,18-10-2023 21:13,13:12.6,Within SLA,59:09.9,Within SLA,04:44.8,2,3,Ready to use Software,Tier 2,France,48.864716,2.349014
In progress,3364,Low,Email,Other,2nd line support,Heather Urry,18-10-2023 00:20,20-10-2023 00:20,18-10-2023 01:20,54:04.5,Within SLA,,SLA Violated,,3,,Other,Tier 2,Republic of Ireland,53.094024,-8.019675
In progress,3365,High,Email,Training request,1st line support,Kristos Westoll,19-10-2023 06:16,21-10-2023 06:16,19-10-2023 07:16,36:18.4,Within SLA,,SLA Violated,,2,,Training and Consulting Services,Tier 1,United Kingdom,55.378052,-3.435973
Closed,3366,Low,Chat,Product setup,1st line support,Connor Danielovitch,19-10-2023 17:45,20-10-2023 17:45,19-10-2023 17:47,47:05.8,Within SLA,33:37.9,Within SLA,47:10.0,6,5,Ready to use Software,Tier 1,Slovenia,46.1491664,14.9860106
Resolved,3367,Medium,Email,Product setup,1st line support,Bernard Beckley,19-10-2023 04:44,21-10-2023 04:44,19-10-2023 05:44,28:31.3,Within SLA,09:09.3,SLA Violated,,2,,Custom software development,Tier 1,Greece,39.368279,21.863141
Closed,3368,Low,Chat,Purchasing and invoicing,1st line support,Connor Danielovitch,19-10-2023 12:01,20-10-2023 12:01,19-10-2023 12:03,03:02.3,Within SLA,10:37.7,SLA Violated,36:36.2,5,5,Ready to use Software,Tier 1,Poland,52.536273,19.050639
Closed,3369,Low,Chat,Feature request,1st line support,Kristos Westoll,19-10-2023 00:51,20-10-2023 00:51,19-10-2023 00:53,52:39.6,Within SLA,06:11.2,Within SLA,56:02.6,5,2,Ready to use Software,Tier 1,Republic of Ireland,53.094024,-8.019675
Resolved,3370,Medium,Email,Product setup,1st line support,Bernard Beckley,19-10-2023 21:34,21-10-2023 21:34,19-10-2023 22:34,58:20.2,Within SLA,27:03.5,Within SLA,,5,,Ready to use Software,Tier 1,United Kingdom,55.378052,-3.435973
Resolved,3371,Low,Chat,Purchasing and invoicing,1st line support,Connor Danielovitch,19-10-2023 04:33,20-10-2023 04:33,19-10-2023 04:35,33:55.4,Within SLA,10:32.4,Within SLA,,9,,Ready to use Software,Tier 1,Republic of Ireland,53.094024,-8.019675
Resolved,3372,Medium,Email,Purchasing and invoicing,1st line support,Nicola Wane,19-10-2023 16:15,21-10-2023 16:15,19-10-2023 17:15,27:35.2,Within SLA,20:02.7,Within SLA,,10,,Ready to use Software,Tier 1,United Kingdom,55.378052,-3.435973
In progress,3373,Low,Email,Other,1st line support,Connor Danielovitch,19-10-2023 13:57,21-10-2023 13:57,19-10-2023 14:57,00:27.4,Within SLA,,SLA Violated,,9,,Custom software development,Tier 1,United Kingdom,55.378052,-3.435973
Closed,3374,Low,Email,Product setup,1st line support,Bernard Beckley,19-10-2023 01:14,21-10-2023 01:14,19-10-2023 02:14,46:53.8,Within SLA,04:36.1,SLA Violated,26:21.6,9,4,Other,Tier 1,Germany,51.165691,10.451526
Closed,3376,Medium,Chat,Pricing and licensing,1st line support,Kristos Westoll,19-10-2023 03:54,20-10-2023 03:54,19-10-2023 03:56,55:07.1,Within SLA,16:39.5,SLA Violated,41:32.6,7,2,Custom software development,Tier 1,Austria,47.6964719,13.3457347
Resolved,3377,Low,Email,Product setup,2nd line support,Heather Urry,20-10-2023 13:53,22-10-2023 13:53,20-10-2023 14:53,47:33.0,SLA Violated,14:31.2,Within SLA,,3,,Ready to use Software,Tier 2,Poland,52.536273,19.050639
Resolved,3379,High,Email,Product setup,2nd line support,Michele Whyatt,20-10-2023 12:13,22-10-2023 12:13,20-10-2023 13:13,52:04.0,Within SLA,34:40.6,Within SLA,,4,,Training and Consulting Services,Tier 2,Spain,39.67337,-4.767726
Resolved,3380,Low,Email,Pricing and licensing,1st line support,Sheela Cutten,20-10-2023 06:09,22-10-2023 06:09,20-10-2023 07:09,15:56.3,Within SLA,40:51.8,Within SLA,,3,,Custom software development,Tier 1,Poland,52.536273,19.050639
In progress,3381,Low,Email,Bug report,2nd line support,Adolpho Messingham,20-10-2023 11:45,22-10-2023 11:45,20-10-2023 12:45,59:56.7,Within SLA,,SLA Violated,,1,,Ready to use Software,Tier 2,Spain,39.67337,-4.767726
Closed,3383,Medium,Email,Pricing and licensing,1st line support,Bernard Beckley,20-10-2023 15:50,22-10-2023 15:50,20-10-2023 16:50,57:05.5,Within SLA,04:24.3,Within SLA,17:15.6,3,3,Custom software development,Tier 1,United Kingdom,55.378052,-3.435973
Resolved,3384,High,Email,Other,1st line support,Nicola Wane,21-10-2023 20:51,23-10-2023 20:51,21-10-2023 21:51,31:36.6,Within SLA,05:18.8,Within SLA,,8,,Custom software development,Tier 1,United Kingdom,55.378052,-3.435973
Closed,3385,Low,Email,Pricing and licensing,1st line support,Sheela Cutten,21-10-2023 04:11,23-10-2023 04:11,21-10-2023 05:11,32:58.8,Within SLA,31:52.4,Within SLA,16:37.4,1,4,Ready to use Software,Tier 1,Poland,52.536273,19.050639
Closed,3386,Low,Phone,Product setup,1st line support,Bernard Beckley,21-10-2023 09:09,23-10-2023 09:09,21-10-2023 09:11,09:59.1,Within SLA,20:24.6,SLA Violated,55:17.2,4,5,Ready to use Software,Tier 1,United Kingdom,55.378052,-3.435973
In progress,3398,Medium,Chat,Product setup,2nd line support,Heather Urry,22-10-2023 00:18,23-10-2023 00:18,22-10-2023 00:20,24:04.9,SLA Violated,,SLA Violated,,5,,Training and Consulting Services,Tier 2,Spain,39.67337,-4.767726
Resolved,3399,High,Email,Product setup,2nd line support,Heather Urry,22-10-2023 16:51,24-10-2023 16:51,22-10-2023 17:51,45:30.4,Within SLA,09:36.2,Within SLA,,7,,Ready to use Software,Tier 2,Italy,43.036776,12.678565
Resolved,3400,Low,Email,Pricing and licensing,1st line support,Sheela Cutten,22-10-2023 14:43,24-10-2023 14:43,22-10-2023 15:43,26:59.9,Within SLA,19:32.9,Within SLA,,1,,Ready to use Software,Tier 1,Czech Republic,49.8037633,15.4749126
Closed,3401,Medium,Chat,Feature request,1st line support,Kristos Westoll,22-10-2023 11:24,23-10-2023 11:24,22-10-2023 11:26,25:44.8,Within SLA,45:12.4,Within SLA,10:51.5,6,4,Other,Tier 1,Germany,51.165691,10.451526
Closed,3402,Medium,Email,Pricing and licensing,1st line support,Sheela Cutten,22-10-2023 02:32,24-10-2023 02:32,22-10-2023 03:32,27:03.4,SLA Violated,35:10.7,SLA Violated,53:58.0,1,5,Custom software development,Tier 1,Germany,51.165691,10.451526
Closed,3403,Low,Phone,Product setup,2nd line support,Adolpho Messingham,22-10-2023 08:47,24-10-2023 08:47,22-10-2023 08:49,48:34.2,Within SLA,16:13.4,Within SLA,25:09.3,4,1,Custom software development,Tier 2,Spain,39.67337,-4.767726
Closed,3404,Low,Chat,Bug report,1st line support,Connor Danielovitch,23-10-2023 00:01,24-10-2023 00:01,23-10-2023 00:03,02:25.0,Within SLA,32:27.9,SLA Violated,56:51.5,4,3,Ready to use Software,Tier 1,Czech Republic,49.8037633,15.4749126
Resolved,3405,Low,Email,Bug report,1st line support,Sheela Cutten,23-10-2023 17:28,25-10-2023 17:28,23-10-2023 18:28,57:13.2,Within SLA,56:24.3,Within SLA,,2,,Training and Consulting Services,Tier 1,Czech Republic,49.8037633,15.4749126
Closed,3406,Low,Email,Pricing and licensing,1st line support,Sheela Cutten,23-10-2023 14:41,25-10-2023 14:41,23-10-2023 15:41,27:36.4,Within SLA,00:18.4,Within SLA,53:29.7,3,4,Ready to use Software,Tier 1,Italy,43.036776,12.678565
Closed,3407,Medium,Email,Feature request,1st line support,Nicola Wane,23-10-2023 04:03,25-10-2023 04:03,23-10-2023 05:03,15:53.8,Within SLA,59:43.8,Within SLA,22:23.3,7,5,Custom software development,Tier 1,Spain,39.67337,-4.767726
Resolved,3408,Medium,Email,Pricing and licensing,1st line support,Kristos Westoll,24-10-2023 00:55,26-10-2023 00:55,24-10-2023 01:55,34:47.4,Within SLA,10:06.3,Within SLA,,8,,Other,Tier 1,Germany,51.165691,10.451526
Closed,3409,Medium,Email,Bug report,1st line support,Kristos Westoll,24-10-2023 16:57,26-10-2023 16:57,24-10-2023 17:57,31:17.4,Within SLA,40:49.0,SLA Violated,03:33.6,5,2,Ready to use Software,Tier 1,Germany,51.165691,10.451526
Closed,3410,Medium,Chat,Feature request,1st line support,Nicola Wane,24-10-2023 05:56,25-10-2023 05:56,24-10-2023 05:58,58:00.0,Within SLA,35:44.6,SLA Violated,03:32.1,6,3,Custom software development,Tier 1,Greece,39.368279,21.863141
Closed,3411,Low,Chat,Purchasing and invoicing,2nd line support,Heather Urry,24-10-2023 09:33,25-10-2023 09:33,24-10-2023 09:35,35:17.7,Within SLA,46:27.6,Within SLA,35:19.1,5,4,Custom software development,Tier 2,Italy,43.036776,12.678565
Closed,3412,High,Email,Product setup,2nd line support,Adolpho Messingham,24-10-2023 20:01,26-10-2023 20:01,24-10-2023 21:01,32:30.6,Within SLA,40:33.9,Within SLA,18:06.2,5,5,Ready to use Software,Tier 2,United Kingdom,55.378052,-3.435973
Resolved,3413,Medium,Email,Feature request,1st line support,Sheela Cutten,24-10-2023 23:54,26-10-2023 23:54,25-10-2023 00:54,56:01.8,Within SLA,49:52.4,Within SLA,,1,,Other,Tier 1,Germany,51.165691,10.451526
Closed,3414,Medium,Chat,Product setup,1st line support,Bernard Beckley,24-10-2023 11:54,25-10-2023 11:54,24-10-2023 11:56,56:34.4,Within SLA,32:59.3,Within SLA,48:18.7,6,3,Other,Tier 1,Bulgaria,42.7249925,25.4833039
Closed,3415,Medium,Email,Pricing and licensing,2nd line support,Adolpho Messingham,25-10-2023 23:08,27-10-2023 23:08,26-10-2023 00:08,09:32.1,Within SLA,24:38.6,Within SLA,40:31.2,8,4,Custom software development,Tier 2,Italy,43.036776,12.678565
Resolved,3416,Low,Chat,Product setup,1st line support,Connor Danielovitch,25-10-2023 09:24,26-10-2023 09:24,25-10-2023 09:26,24:40.5,Within SLA,53:57.8,SLA Violated,,2,,Training and Consulting Services,Tier 1,Poland,52.536273,19.050639
Closed,3417,Medium,Email,Pricing and licensing,1st line support,Kristos Westoll,25-10-2023 10:48,27-10-2023 10:48,25-10-2023 11:48,30:48.8,Within SLA,07:40.0,Within SLA,17:02.5,2,1,Ready to use Software,Tier 1,Slovenia,46.1491664,14.9860106
In progress,3418,Low,Email,Product setup,2nd line support,Michele Whyatt,25-10-2023 04:04,27-10-2023 04:04,25-10-2023 05:04,20:43.2,Within SLA,,SLA Violated,,4,,Training and Consulting Services,Tier 2,Greece,39.368279,21.863141
Resolved,3419,Low,Email,Product setup,1st line support,Bernard Beckley,25-10-2023 23:34,27-10-2023 23:34,26-10-2023 00:34,09:14.5,Within SLA,45:29.7,Within SLA,,6,,Custom software development,Tier 1,United Kingdom,55.378052,-3.435973
Resolved,3420,Low,Chat,Purchasing and invoicing,1st line support,Sheela Cutten,25-10-2023 01:13,26-10-2023 01:13,25-10-2023 01:15,14:14.9,Within SLA,07:41.7,Within SLA,,4,,Training and Consulting Services,Tier 1,Slovenia,46.1491664,14.9860106
Closed,3421,High,Chat,Training request,1st line support,Nicola Wane,26-10-2023 09:44,27-10-2023 09:44,26-10-2023 09:46,46:16.9,Within SLA,08:05.5,Within SLA,22:18.2,5,4,Training and Consulting Services,Tier 1,United Kingdom,55.378052,-3.435973
Resolved,3422,Low,Chat,Bug report,2nd line support,Adolpho Messingham,26-10-2023 02:28,27-10-2023 02:28,26-10-2023 02:30,30:35.9,SLA Violated,24:59.0,SLA Violated,,2,,Ready to use Software,Tier 2,Austria,47.6964719,13.3457347
Resolved,3423,Low,Email,Feature request,1st line support,Connor Danielovitch,26-10-2023 05:47,28-10-2023 05:47,26-10-2023 06:47,28:54.6,Within SLA,22:48.0,Within SLA,,10,,Ready to use Software,Tier 1,Poland,52.536273,19.050639
Closed,3424,Medium,Chat,Product setup,1st line support,Sheela Cutten,26-10-2023 01:39,27-10-2023 01:39,26-10-2023 01:41,39:58.9,Within SLA,53:06.5,Within SLA,26:35.8,6,4,Ready to use Software,Tier 1,Austria,47.6964719,13.3457347
In progress,3425,High,Phone,Bug report,1st line support,Bernard Beckley,26-10-2023 15:13,28-10-2023 15:13,26-10-2023 15:15,13:52.3,Within SLA,,SLA Violated,,3,,Ready to use Software,Tier 1,Republic of Ireland,53.094024,-8.019675
Resolved,3426,Medium,Email,Bug report,1st line support,Kristos Westoll,26-10-2023 22:22,28-10-2023 22:22,26-10-2023 23:22,00:02.8,Within SLA,33:44.7,Within SLA,,4,,Ready to use Software,Tier 1,Italy,43.036776,12.678565
Closed,3427,Low,Email,Product setup,2nd line support,Heather Urry,26-10-2023 16:21,28-10-2023 16:21,26-10-2023 17:21,26:55.9,Within SLA,05:18.0,SLA Violated,21:11.4,2,4,Ready to use Software,Tier 2,France,48.864716,2.349014
Resolved,3428,Low,Email,Pricing and licensing,2nd line support,Heather Urry,26-10-2023 16:46,28-10-2023 16:46,26-10-2023 17:46,24:03.9,Within SLA,05:37.6,Within SLA,,1,,Custom software development,Tier 2,France,48.864716,2.349014
In progress,3429,High,Email,Feature request,1st line support,Kristos Westoll,26-10-2023 18:56,28-10-2023 18:56,26-10-2023 19:56,10:21.0,Within SLA,,SLA Violated,,2,,Ready to use Software,Tier 1,Poland,52.536273,19.050639
Closed,3430,Medium,Chat,Other,1st line support,Kristos Westoll,26-10-2023 22:52,27-10-2023 22:52,26-10-2023 22:54,53:14.4,Within SLA,52:08.8,Within SLA,28:12.4,2,2,Custom software development,Tier 1,United Kingdom,55.378052,-3.435973
Closed,3431,Medium,Chat,Product setup,1st line support,Sheela Cutten,27-10-2023 11:33,28-10-2023 11:33,27-10-2023 11:35,35:19.6,Within SLA,01:49.8,SLA Violated,14:22.5,2,4,Ready to use Software,Tier 1,Poland,52.536273,19.050639
Resolved,3432,Low,Email,Feature request,1st line support,Bernard Beckley,27-10-2023 08:22,29-10-2023 08:22,27-10-2023 09:22,22:21.2,SLA Violated,02:26.9,Within SLA,,1,,Custom software development,Tier 1,Bulgaria,42.7249925,25.4833039
Resolved,3433,Medium,Email,Bug report,1st line support,Sheela Cutten,27-10-2023 10:10,29-10-2023 10:10,27-10-2023 11:10,08:57.3,Within SLA,11:27.5,Within SLA,,3,,Ready to use Software,Tier 1,Greece,39.368279,21.863141
Closed,3434,Low,Email,Feature request,1st line support,Connor Danielovitch,27-10-2023 12:03,29-10-2023 12:03,27-10-2023 13:03,41:09.1,Within SLA,19:07.3,Within SLA,14:18.4,4,3,Ready to use Software,Tier 1,United Kingdom,55.378052,-3.435973
Closed,3435,Low,Email,Feature request,2nd line support,Michele Whyatt,27-10-2023 14:44,29-10-2023 14:44,27-10-2023 15:44,26:38.9,Within SLA,36:35.1,Within SLA,27:26.9,3,4,Ready to use Software,Tier 2,Spain,39.67337,-4.767726
Resolved,3436,Low,Email,Other,1st line support,Bernard Beckley,27-10-2023 19:01,29-10-2023 19:01,27-10-2023 20:01,37:30.2,Within SLA,48:03.3,SLA Violated,,1,,Custom software development,Tier 1,United Kingdom,55.378052,-3.435973
Closed,3437,Medium,Chat,Product setup,2nd line support,Michele Whyatt,27-10-2023 10:31,28-10-2023 10:31,27-10-2023 10:33,33:15.6,Within SLA,54:35.2,Within SLA,40:09.0,6,4,Other,Tier 2,Slovenia,46.1491664,14.9860106
Resolved,3438,Low,Chat,Feature request,1st line support,Sheela Cutten,27-10-2023 00:25,28-10-2023 00:25,27-10-2023 00:27,26:59.3,Within SLA,09:30.5,SLA Violated,,8,,Other,Tier 1,Germany,51.165691,10.451526
Resolved,3439,Low,Email,Feature request,1st line support,Nicola Wane,27-10-2023 23:17,29-10-2023 23:17,28-10-2023 00:17,58:52.8,Within SLA,01:23.1,Within SLA,,1,,Ready to use Software,Tier 1,Spain,39.67337,-4.767726
Closed,3440,High,Chat,Bug report,1st line support,Sheela Cutten,27-10-2023 19:19,28-10-2023 19:19,27-10-2023 19:21,21:44.7,SLA Violated,06:04.1,Within SLA,40:30.6,5,4,Training and Consulting Services,Tier 1,Bulgaria,42.7249925,25.4833039
Resolved,3441,Low,Email,Bug report,1st line support,Bernard Beckley,27-10-2023 06:45,29-10-2023 06:45,27-10-2023 07:45,35:25.0,Within SLA,35:09.3,Within SLA,,1,,Ready to use Software,Tier 1,Bulgaria,42.7249925,25.4833039
Resolved,3442,Medium,Chat,Bug report,2nd line support,Michele Whyatt,27-10-2023 17:22,28-10-2023 17:22,27-10-2023 17:24,23:32.0,Within SLA,29:26.8,SLA Violated,,6,,Ready to use Software,Tier 2,Germany,51.165691,10.451526
Closed,3443,High,Phone,Feature request,1st line support,Bernard Beckley,28-10-2023 19:28,30-10-2023 19:28,28-10-2023 19:30,28:42.5,Within SLA,58:52.7,SLA Violated,54:51.0,2,5,Ready to use Software,Tier 1,United Kingdom,55.378052,-3.435973
In progress,3444,Low,Chat,Bug report,2nd line support,Adolpho Messingham,28-10-2023 12:32,29-10-2023 12:32,28-10-2023 12:34,33:41.4,Within SLA,,SLA Violated,,6,,Custom software development,Tier 2,United Kingdom,55.378052,-3.435973
Closed,3445,Low,Phone,Product setup,1st line support,Bernard Beckley,28-10-2023 15:48,30-10-2023 15:48,28-10-2023 15:50,49:38.5,Within SLA,18:09.5,Within SLA,15:52.9,6,3,Ready to use Software,Tier 1,Germany,51.165691,10.451526
In progress,3457,Low,Email,Pricing and licensing,2nd line support,Michele Whyatt,29-10-2023 00:45,31-10-2023 00:45,29-10-2023 01:45,28:19.2,Within SLA,,SLA Violated,,9,,Ready to use Software,Tier 2,Germany,51.165691,10.451526
Closed,3458,High,Email,Feature request,2nd line support,Adolpho Messingham,29-10-2023 15:26,31-10-2023 15:26,29-10-2023 16:26,26:33.4,Within SLA,09:39.1,Within SLA,28:15.9,1,5,Ready to use Software,Tier 2,Slovenia,46.1491664,14.9860106
Closed,3459,Low,Email,Pricing and licensing,1st line support,Nicola Wane,29-10-2023 03:14,31-10-2023 03:14,29-10-2023 04:14,01:54.0,Within SLA,16:52.4,Within SLA,41:16.6,1,4,Other,Tier 1,Germany,51.165691,10.451526
Closed,3460,Low,Chat,Product setup,1st line support,Sheela Cutten,30-10-2023 16:10,31-10-2023 16:10,30-10-2023 16:12,11:27.0,Within SLA,09:27.0,Within SLA,32:26.1,6,5,Custom software development,Tier 1,Austria,47.6964719,13.3457347
Closed,3461,Low,Chat,Feature request,1st line support,Nicola Wane,30-10-2023 06:39,31-10-2023 06:39,30-10-2023 06:41,40:01.5,Within SLA,33:14.6,Within SLA,53:38.6,2,3,Ready to use Software,Tier 1,Greece,39.368279,21.863141
Closed,3462,Medium,Email,Pricing and licensing,1st line support,Bernard Beckley,30-10-2023 18:13,01-11-2023 18:13,30-10-2023 19:13,46:01.5,Within SLA,15:04.0,Within SLA,57:53.8,6,4,Training and Consulting Services,Tier 1,Austria,47.6964719,13.3457347
Closed,3463,Low,Email,Purchasing and invoicing,1st line support,Bernard Beckley,30-10-2023 19:30,01-11-2023 19:30,30-10-2023 20:30,07:02.3,Within SLA,56:58.3,SLA Violated,37:04.7,8,3,Training and Consulting Services,Tier 1,Greece,39.368279,21.863141
Resolved,3464,High,Email,Product setup,2nd line support,Heather Urry,30-10-2023 23:33,01-11-2023 23:33,31-10-2023 00:33,52:16.8,Within SLA,53:32.4,Within SLA,,9,,Training and Consulting Services,Tier 2,Greece,39.368279,21.863141
In progress,3465,Low,Email,Product setup,1st line support,Bernard Beckley,30-10-2023 05:51,01-11-2023 05:51,30-10-2023 06:51,04:04.0,Within SLA,,SLA Violated,,2,,Custom software development,Tier 1,Austria,47.6964719,13.3457347
Closed,3466,Medium,Chat,Feature request,1st line support,Connor Danielovitch,30-10-2023 16:02,31-10-2023 16:02,30-10-2023 16:04,03:30.2,Within SLA,37:42.6,SLA Violated,09:53.9,5,5,Ready to use Software,Tier 1,Poland,52.536273,19.050639
Resolved,3467,Low,Chat,Feature request,2nd line support,Michele Whyatt,31-10-2023 15:07,01-11-2023 15:07,31-10-2023 15:09,07:51.5,Within SLA,26:10.1,Within SLA,,6,,Ready to use Software,Tier 2,Poland,52.536273,19.050639
Closed,3468,Low,Phone,Feature request,2nd line support,Michele Whyatt,31-10-2023 10:07,02-11-2023 10:07,31-10-2023 10:09,09:10.4,Within SLA,18:08.4,SLA Violated,52:36.1,7,4,Other,Tier 2,Slovenia,46.1491664,14.9860106
In progress,3469,Low,Email,Training request,1st line support,Nicola Wane,31-10-2023 20:58,02-11-2023 20:58,31-10-2023 21:58,05:32.5,Within SLA,,SLA Violated,,7,,Training and Consulting Services,Tier 1,Italy,43.036776,12.678565
Closed,3470,Medium,Phone,Pricing and licensing,2nd line support,Adolpho Messingham,31-10-2023 00:37,02-11-2023 00:37,31-10-2023 00:39,38:45.1,Within SLA,58:05.0,Within SLA,51:20.8,4,1,Ready to use Software,Tier 2,Italy,43.036776,12.678565
Closed,3471,Medium,Email,Pricing and licensing,1st line support,Bernard Beckley,31-10-2023 07:06,02-11-2023 07:06,31-10-2023 08:06,38:49.7,Within SLA,35:45.5,Within SLA,09:58.8,5,4,Ready to use Software,Tier 1,Bulgaria,42.7249925,25.4833039
In progress,3472,Low,Chat,Pricing and licensing,2nd line support,Adolpho Messingham,31-10-2023 16:06,01-11-2023 16:06,31-10-2023 16:08,06:54.9,Within SLA,,SLA Violated,,5,,Ready to use Software,Tier 2,United Kingdom,55.378052,-3.435973
Closed,3473,High,Chat,Product setup,1st line support,Nicola Wane,31-10-2023 00:29,01-11-2023 00:29,31-10-2023 00:31,31:17.4,Within SLA,12:37.2,Within SLA,24:56.4,6,5,Ready to use Software,Tier 1,France,48.864716,2.349014
Closed,3474,Medium,Phone,Other,1st line support,Nicola Wane,31-10-2023 00:34,02-11-2023 00:34,31-10-2023 00:36,35:11.7,Within SLA,34:51.8,SLA Violated,11:50.1,2,5,Custom software development,Tier 1,Republic of Ireland,53.094024,-8.019675
Closed,3475,Low,Email,Purchasing and invoicing,2nd line support,Heather Urry,01-11-2023 00:06,03-11-2023 00:06,01-11-2023 01:06,40:10.0,Within SLA,39:05.6,Within SLA,05:24.4,1,4,Custom software development,Tier 2,Poland,52.536273,19.050639
Closed,3476,Medium,Chat,Product setup,1st line support,Sheela Cutten,01-11-2023 23:01,02-11-2023 23:01,01-11-2023 23:03,03:04.3,Within SLA,50:40.4,Within SLA,58:28.5,5,4,Other,Tier 1,Bulgaria,42.7249925,25.4833039
Closed,3477,High,Chat,Bug report,1st line support,Bernard Beckley,01-11-2023 09:20,02-11-2023 09:20,01-11-2023 09:22,25:13.1,SLA Violated,35:37.8,Within SLA,12:48.1,4,4,Ready to use Software,Tier 1,Spain,39.67337,-4.767726
Resolved,3478,Low,Chat,Purchasing and invoicing,1st line support,Connor Danielovitch,01-11-2023 21:15,02-11-2023 21:15,01-11-2023 21:17,17:50.1,Within SLA,42:48.7,SLA Violated,,7,,Custom software development,Tier 1,Greece,39.368279,21.863141
Closed,3479,Low,Email,Product setup,1st line support,Kristos Westoll,01-11-2023 18:55,03-11-2023 18:55,01-11-2023 19:55,35:41.5,Within SLA,42:31.3,SLA Violated,56:34.0,5,4,Ready to use Software,Tier 1,Slovenia,46.1491664,14.9860106
Closed,3480,High,Chat,Bug report,1st line support,Connor Danielovitch,01-11-2023 13:07,02-11-2023 13:07,01-11-2023 13:09,07:32.7,Within SLA,57:27.0,Within SLA,55:16.8,5,5,Ready to use Software,Tier 1,Slovenia,46.1491664,14.9860106
Resolved,3481,Medium,Email,Bug report,1st line support,Bernard Beckley,01-11-2023 23:54,03-11-2023 23:54,02-11-2023 00:54,26:48.5,Within SLA,21:11.3,Within SLA,,3,,Ready to use Software,Tier 1,Austria,47.6964719,13.3457347
In progress,3482,High,Email,Pricing and licensing,2nd line support,Adolpho Messingham,01-11-2023 10:21,03-11-2023 10:21,01-11-2023 11:21,52:35.5,Within SLA,,SLA Violated,,2,,Custom software development,Tier 2,Poland,52.536273,19.050639
Closed,3483,Low,Chat,Product setup,1st line support,Kristos Westoll,01-11-2023 15:23,02-11-2023 15:23,01-11-2023 15:25,28:04.0,SLA Violated,19:20.2,Within SLA,14:25.1,9,4,Ready to use Software,Tier 1,Slovenia,46.1491664,14.9860106
In progress,3484,Low,Email,Pricing and licensing,1st line support,Connor Danielovitch,01-11-2023 08:18,03-11-2023 08:18,01-11-2023 09:18,36:03.5,Within SLA,,SLA Violated,,1,,Ready to use Software,Tier 1,Italy,43.036776,12.678565
Closed,3485,Medium,Phone,Product setup,1st line support,Kristos Westoll,01-11-2023 07:01,03-11-2023 07:01,01-11-2023 07:03,03:02.9,Within SLA,16:06.5,Within SLA,05:17.0,7,2,Ready to use Software,Tier 1,United Kingdom,55.378052,-3.435973
In progress,3486,Low,Email,Pricing and licensing,1st line support,Kristos Westoll,02-11-2023 19:25,04-11-2023 19:25,02-11-2023 20:25,37:39.9,SLA Violated,,SLA Violated,,3,,Custom software development,Tier 1,United Kingdom,55.378052,-3.435973
Resolved,3487,Medium,Email,Product setup,2nd line support,Adolpho Messingham,02-11-2023 06:12,04-11-2023 06:12,02-11-2023 07:12,09:05.8,Within SLA,10:59.5,Within SLA,,1,,Ready to use Software,Tier 2,Poland,52.536273,19.050639
Closed,3488,Medium,Chat,Other,1st line support,Connor Danielovitch,02-11-2023 01:48,03-11-2023 01:48,02-11-2023 01:50,49:27.5,Within SLA,10:47.5,SLA Violated,48:22.1,5,5,Custom software development,Tier 1,Germany,51.165691,10.451526
Closed,3489,High,Chat,Product setup,2nd line support,Heather Urry,02-11-2023 11:02,03-11-2023 11:02,02-11-2023 11:04,04:03.6,Within SLA,00:40.9,Within SLA,07:30.5,8,4,Other,Tier 2,Slovenia,46.1491664,14.9860106
In progress,3490,Low,Email,Product setup,2nd line support,Adolpho Messingham,02-11-2023 02:48,04-11-2023 02:48,02-11-2023 03:48,43:19.9,Within SLA,,SLA Violated,,1,,Custom software development,Tier 2,Greece,39.368279,21.863141
Closed,3491,High,Chat,Feature request,1st line support,Sheela Cutten,02-11-2023 12:46,03-11-2023 12:46,02-11-2023 12:48,48:07.6,Within SLA,30:39.7,Within SLA,13:16.0,9,4,Custom software development,Tier 1,Republic of Ireland,53.094024,-8.019675
Closed,3492,High,Email,Product setup,1st line support,Nicola Wane,02-11-2023 15:45,04-11-2023 15:45,02-11-2023 16:45,11:14.4,Within SLA,46:44.2,SLA Violated,27:16.4,6,1,Other,Tier 1,France,48.864716,2.349014
Resolved,3493,Low,Email,Other,1st line support,Connor Danielovitch,02-11-2023 08:00,04-11-2023 08:00,02-11-2023 09:00,19:33.7,Within SLA,22:37.3,Within SLA,,7,,Other,Tier 1,Czech Republic,49.8037633,15.4749126
In progress,3494,High,Chat,Pricing and Licensing,1st line support,Sheela Cutten,02-11-2023 15:27,03-11-2023 15:27,02-11-2023 15:29,29:27.6,Within SLA,,SLA Violated,,6,,Custom software development,Tier 1,Italy,43.036776,12.678565
Closed,3495,Low,Email,Bug report,2nd line support,Adolpho Messingham,02-11-2023 06:29,04-11-2023 06:29,02-11-2023 07:29,16:19.8,Within SLA,23:08.8,Within SLA,54:12.0,1,5,Ready to use Software,Tier 2,Germany,51.165691,10.451526
Closed,3496,High,Chat,Feature request,1st line support,Nicola Wane,03-11-2023 17:47,04-11-2023 17:47,03-11-2023 17:49,47:30.4,Within SLA,48:20.6,Within SLA,25:19.4,6,5,Custom software development,Tier 1,Austria,47.6964719,13.3457347
Closed,3497,Medium,Email,Bug report,1st line support,Nicola Wane,03-11-2023 18:35,05-11-2023 18:35,03-11-2023 19:35,47:21.2,Within SLA,03:37.7,Within SLA,22:23.2,9,3,Ready to use Software,Tier 1,Czech Republic,49.8037633,15.4749126
Closed,3498,Low,Chat,Pricing and licensing,1st line support,Nicola Wane,03-11-2023 19:42,04-11-2023 19:42,03-11-2023 19:44,43:40.7,Within SLA,51:55.5,SLA Violated,18:38.7,4,4,Training and Consulting Services,Tier 1,Slovenia,46.1491664,14.9860106
Closed,3499,Medium,Phone,Bug report,1st line support,Nicola Wane,03-11-2023 13:33,05-11-2023 13:33,03-11-2023 13:35,34:22.7,Within SLA,04:45.9,Within SLA,46:24.9,2,3,Ready to use Software,Tier 1,Greece,39.368279,21.863141
Closed,3500,High,Email,Product setup,2nd line support,Heather Urry,03-11-2023 15:51,05-11-2023 15:51,03-11-2023 16:51,13:17.9,Within SLA,45:13.3,Within SLA,19:55.5,2,5,Other,Tier 2,Austria,47.6964719,13.3457347
Closed,3501,High,Chat,Feature request,1st line support,Bernard Beckley,03-11-2023 05:18,04-11-2023 05:18,03-11-2023 05:20,20:58.9,Within SLA,38:26.6,SLA Violated,31:33.7,5,1,Custom software development,Tier 1,Republic of Ireland,53.094024,-8.019675
Closed,3502,High,Email,Other,1st line support,Sheela Cutten,03-11-2023 16:58,05-11-2023 16:58,03-11-2023 17:58,07:58.0,Within SLA,48:15.5,SLA Violated,28:48.8,6,4,Ready to use Software,Tier 1,Spain,39.67337,-4.767726
Closed,3503,High,Chat,Pricing and licensing,1st line support,Connor Danielovitch,03-11-2023 10:23,04-11-2023 10:23,03-11-2023 10:25,23:41.4,Within SLA,45:03.6,SLA Violated,20:53.3,7,3,Other,Tier 1,Poland,52.536273,19.050639
Closed,3504,Low,Chat,Other,1st line support,Sheela Cutten,03-11-2023 09:23,04-11-2023 09:23,03-11-2023 09:25,27:45.7,SLA Violated,51:08.6,Within SLA,00:17.0,2,4,Ready to use Software,Tier 1,Slovenia,46.1491664,14.9860106
Closed,3505,Low,Chat,Product setup,2nd line support,Adolpho Messingham,03-11-2023 06:23,04-11-2023 06:23,03-11-2023 06:25,24:43.1,Within SLA,53:33.2,Within SLA,55:34.2,2,4,Other,Tier 2,Italy,43.036776,12.678565
Closed,3506,Low,Chat,Feature request,2nd line support,Michele Whyatt,04-11-2023 15:02,05-11-2023 15:02,04-11-2023 15:04,04:08.4,Within SLA,40:23.0,Within SLA,59:27.2,6,4,Ready to use Software,Tier 2,Germany,51.165691,10.451526
In progress,3507,High,Chat,Pricing and licensing,1st line support,Kristos Westoll,04-11-2023 18:21,05-11-2023 18:21,04-11-2023 18:23,23:02.6,Within SLA,,SLA Violated,,5,,Ready to use Software,Tier 1,Poland,52.536273,19.050639
Closed,3508,High,Chat,Pricing and Licensing,1st line support,Sheela Cutten,04-11-2023 21:16,05-11-2023 21:16,04-11-2023 21:18,16:09.1,Within SLA,35:00.7,Within SLA,59:15.4,6,4,Custom software development,Tier 1,Italy,43.036776,12.678565
Closed,3522,Medium,Chat,Pricing and licensing,1st line support,Sheela Cutten,05-11-2023 00:43,06-11-2023 00:43,05-11-2023 00:45,43:53.3,Within SLA,26:18.4,SLA Violated,06:14.4,5,5,Training and Consulting Services,Tier 1,Italy,43.036776,12.678565
In progress,3523,Medium,Chat,Feature request,1st line support,Bernard Beckley,05-11-2023 16:52,06-11-2023 16:52,05-11-2023 16:54,54:15.9,Within SLA,,SLA Violated,,6,,Ready to use Software,Tier 1,Czech Republic,49.8037633,15.4749126
Closed,3524,Low,Chat,Pricing and licensing,1st line support,Nicola Wane,05-11-2023 12:30,06-11-2023 12:30,05-11-2023 12:32,30:59.9,Within SLA,38:58.6,Within SLA,15:45.1,2,1,Ready to use Software,Tier 1,Czech Republic,49.8037633,15.4749126
Closed,3525,Low,Chat,Other,1st line support,Nicola Wane,06-11-2023 09:52,07-11-2023 09:52,06-11-2023 09:54,54:40.6,Within SLA,56:31.2,Within SLA,58:12.3,8,4,Training and Consulting Services,Tier 1,Republic of Ireland,53.094024,-8.019675
In progress,3526,Low,Email,Product setup,1st line support,Kristos Westoll,06-11-2023 09:49,08-11-2023 09:49,06-11-2023 10:49,28:05.4,Within SLA,,SLA Violated,,1,,Other,Tier 1,Czech Republic,49.8037633,15.4749126
Closed,3527,Medium,Email,Pricing and licensing,1st line support,Sheela Cutten,06-11-2023 13:18,08-11-2023 13:18,06-11-2023 14:18,55:58.8,Within SLA,50:13.1,Within SLA,06:01.1,3,3,Other,Tier 1,Bulgaria,42.7249925,25.4833039
Closed,3528,Low,Chat,Pricing and licensing,1st line support,Sheela Cutten,06-11-2023 07:26,07-11-2023 07:26,06-11-2023 07:28,27:10.5,Within SLA,44:51.7,Within SLA,11:40.4,2,4,Ready to use Software,Tier 1,Bulgaria,42.7249925,25.4833039
Closed,3529,Low,Email,Pricing and licensing,1st line support,Sheela Cutten,06-11-2023 23:48,08-11-2023 23:48,07-11-2023 00:48,09:06.7,Within SLA,17:12.6,Within SLA,04:42.0,1,2,Ready to use Software,Tier 1,Republic of Ireland,53.094024,-8.019675
Closed,3530,Low,Chat,Pricing and licensing,1st line support,Nicola Wane,06-11-2023 16:35,07-11-2023 16:35,06-11-2023 16:37,39:09.8,SLA Violated,41:52.3,SLA Violated,38:36.6,6,4,Ready to use Software,Tier 1,United Kingdom,55.378052,-3.435973
Closed,3531,Low,Email,Product setup,1st line support,Connor Danielovitch,06-11-2023 19:21,08-11-2023 19:21,06-11-2023 20:21,05:28.8,Within SLA,34:14.8,Within SLA,57:45.9,2,3,Ready to use Software,Tier 1,United Kingdom,55.378052,-3.435973
In progress,3532,Medium,Email,Product setup,1st line support,Kristos Westoll,06-11-2023 00:36,08-11-2023 00:36,06-11-2023 01:36,03:24.7,Within SLA,,SLA Violated,,8,,Training and Consulting Services,Tier 1,Spain,39.67337,-4.767726
Closed,3533,Low,Email,Purchasing and invoicing,1st line support,Connor Danielovitch,07-11-2023 12:46,09-11-2023 12:46,07-11-2023 13:46,14:50.9,Within SLA,32:07.5,Within SLA,49:22.4,1,5,Ready to use Software,Tier 1,Austria,47.6964719,13.3457347
Resolved,3534,Low,Email,Pricing and licensing,1st line support,Sheela Cutten,07-11-2023 00:28,09-11-2023 00:28,07-11-2023 01:28,47:40.5,Within SLA,42:53.7,SLA Violated,,5,,Other,Tier 1,Austria,47.6964719,13.3457347
Closed,3535,Low,Chat,Feature request,1st line support,Nicola Wane,07-11-2023 01:41,08-11-2023 01:41,07-11-2023 01:43,42:28.0,Within SLA,52:24.2,Within SLA,23:45.3,6,4,Custom software development,Tier 1,Poland,52.536273,19.050639
Closed,3536,Medium,Email,Feature request,1st line support,Kristos Westoll,07-11-2023 01:05,09-11-2023 01:05,07-11-2023 02:05,09:23.1,SLA Violated,43:26.4,Within SLA,22:29.2,9,1,Ready to use Software,Tier 1,Germany,51.165691,10.451526
Closed,3537,Low,Email,Pricing and licensing,1st line support,Kristos Westoll,07-11-2023 19:22,09-11-2023 19:22,07-11-2023 20:22,28:40.3,Within SLA,16:25.1,SLA Violated,51:35.3,8,5,Other,Tier 1,Italy,43.036776,12.678565
Closed,3538,Low,Chat,Bug report,1st line support,Kristos Westoll,07-11-2023 05:07,08-11-2023 05:07,07-11-2023 05:09,07:40.1,Within SLA,33:10.5,Within SLA,45:04.0,7,2,Custom software development,Tier 1,Republic of Ireland,53.094024,-8.019675
Closed,3539,High,Chat,Other,1st line support,Sheela Cutten,07-11-2023 00:47,08-11-2023 00:47,07-11-2023 00:49,47:51.5,Within SLA,30:36.1,Within SLA,26:51.0,6,5,Ready to use Software,Tier 1,Poland,52.536273,19.050639
Closed,3540,Medium,Email,Product setup,1st line support,Nicola Wane,08-11-2023 07:10,10-11-2023 07:10,08-11-2023 08:10,53:52.6,Within SLA,52:06.4,SLA Violated,41:21.8,3,3,Ready to use Software,Tier 1,Spain,39.67337,-4.767726
Resolved,3542,Medium,Email,Feature request,1st line support,Bernard Beckley,08-11-2023 20:42,10-11-2023 20:42,08-11-2023 21:42,29:41.4,Within SLA,43:52.5,Within SLA,,2,,Ready to use Software,Tier 1,Poland,52.536273,19.050639
Resolved,3543,High,Email,Pricing and licensing,1st line support,Bernard Beckley,08-11-2023 22:46,10-11-2023 22:46,08-11-2023 23:46,56:38.4,Within SLA,42:28.3,Within SLA,,3,,Ready to use Software,Tier 1,United Kingdom,55.378052,-3.435973
Resolved,3544,Low,Email,Feature request,2nd line support,Michele Whyatt,08-11-2023 01:13,10-11-2023 01:13,08-11-2023 02:13,00:19.5,Within SLA,35:28.4,Within SLA,,2,,Ready to use Software,Tier 2,Germany,51.165691,10.451526
Closed,3545,Low,Email,Feature request,1st line support,Bernard Beckley,08-11-2023 01:34,10-11-2023 01:34,08-11-2023 02:34,26:43.8,Within SLA,06:52.9,Within SLA,19:07.8,4,4,Other,Tier 1,Poland,52.536273,19.050639
Closed,3546,Low,Email,Pricing and licensing,2nd line support,Michele Whyatt,08-11-2023 07:43,10-11-2023 07:43,08-11-2023 08:43,13:30.3,Within SLA,05:36.6,Within SLA,48:01.5,8,3,Training and Consulting Services,Tier 2,United Kingdom,55.378052,-3.435973
Resolved,3547,Medium,Chat,Other,1st line support,Kristos Westoll,08-11-2023 02:07,09-11-2023 02:07,08-11-2023 02:09,13:27.3,SLA Violated,25:53.5,Within SLA,,2,,Training and Consulting Services,Tier 1,Italy,43.036776,12.678565
Resolved,3548,Low,Email,Other,1st line support,Nicola Wane,08-11-2023 11:37,10-11-2023 11:37,08-11-2023 12:37,26:42.6,Within SLA,57:47.7,SLA Violated,,6,,Custom software development,Tier 1,Germany,51.165691,10.451526
Resolved,3550,Medium,Chat,Product setup,2nd line support,Adolpho Messingham,08-11-2023 12:19,09-11-2023 12:19,08-11-2023 12:21,20:03.2,Within SLA,10:20.5,Within SLA,,5,,Ready to use Software,Tier 2,Slovenia,46.1491664,14.9860106
Closed,3551,High,Email,Feature request,1st line support,Bernard Beckley,08-11-2023 21:27,10-11-2023 21:27,08-11-2023 22:27,38:20.1,Within SLA,53:09.3,SLA Violated,16:10.8,9,4,Ready to use Software,Tier 1,Poland,52.536273,19.050639
In progress,3552,Low,Chat,Other,1st line support,Kristos Westoll,08-11-2023 07:52,09-11-2023 07:52,08-11-2023 07:54,53:25.4,Within SLA,,SLA Violated,,8,,Custom software development,Tier 1,France,48.864716,2.349014
Closed,3553,High,Email,Training request,1st line support,Connor Danielovitch,09-11-2023 04:47,11-11-2023 04:47,09-11-2023 05:47,01:00.4,Within SLA,06:32.6,Within SLA,15:25.6,5,5,Training and Consulting Services,Tier 1,France,48.864716,2.349014
In progress,3554,Low,Email,Pricing and licensing,1st line support,Bernard Beckley,09-11-2023 20:45,11-11-2023 20:45,09-11-2023 21:45,44:19.8,Within SLA,,SLA Violated,,8,,Ready to use Software,Tier 1,Spain,39.67337,-4.767726
Closed,3555,Low,Email,Product setup,1st line support,Kristos Westoll,09-11-2023 21:18,11-11-2023 21:18,09-11-2023 22:18,24:25.5,Within SLA,20:17.4,Within SLA,59:49.0,9,4,Other,Tier 1,Germany,51.165691,10.451526
Closed,3556,Low,Email,Pricing and licensing,1st line support,Connor Danielovitch,09-11-2023 23:18,11-11-2023 23:18,10-11-2023 00:18,31:26.9,Within SLA,44:02.4,Within SLA,49:31.4,2,3,Custom software development,Tier 1,Austria,47.6964719,13.3457347
Closed,3557,Medium,Chat,Purchasing and invoicing,1st line support,Connor Danielovitch,09-11-2023 08:15,10-11-2023 08:15,09-11-2023 08:17,17:34.3,Within SLA,09:37.0,Within SLA,20:54.9,5,3,Ready to use Software,Tier 1,Bulgaria,42.7249925,25.4833039
Closed,3559,High,Email,Bug report,1st line support,Connor Danielovitch,09-11-2023 03:02,11-11-2023 03:02,09-11-2023 04:02,56:03.9,Within SLA,07:32.2,SLA Violated,56:39.4,1,3,Custom software development,Tier 1,Italy,43.036776,12.678565
Closed,3560,Medium,Chat,Feature request,1st line support,Sheela Cutten,09-11-2023 05:13,10-11-2023 05:13,09-11-2023 05:15,13:17.4,Within SLA,31:11.0,Within SLA,05:30.0,4,2,Other,Tier 1,Greece,39.368279,21.863141
Resolved,3561,Medium,Email,Pricing and Licensing,1st line support,Connor Danielovitch,09-11-2023 00:43,11-11-2023 00:43,09-11-2023 01:43,01:01.9,Within SLA,06:04.0,Within SLA,,1,,Custom software development,Tier 1,Spain,39.67337,-4.767726
Closed,3562,High,Email,Pricing and licensing,1st line support,Sheela Cutten,10-11-2023 14:10,12-11-2023 14:10,10-11-2023 15:10,27:26.9,Within SLA,08:30.4,Within SLA,30:20.4,1,4,Ready to use Software,Tier 1,Italy,43.036776,12.678565
Closed,3563,Medium,Chat,Product setup,1st line support,Sheela Cutten,10-11-2023 00:57,11-11-2023 00:57,10-11-2023 00:59,57:54.1,Within SLA,09:40.2,SLA Violated,05:05.0,7,3,Ready to use Software,Tier 1,Italy,43.036776,12.678565
Closed,3565,Low,Email,Other,2nd line support,Adolpho Messingham,10-11-2023 12:56,12-11-2023 12:56,10-11-2023 13:56,48:39.3,Within SLA,40:13.3,Within SLA,07:48.6,2,3,Ready to use Software,Tier 2,Italy,43.036776,12.678565
Closed,3566,Low,Phone,Product setup,1st line support,Nicola Wane,10-11-2023 23:46,12-11-2023 23:46,10-11-2023 23:48,47:16.6,Within SLA,08:42.4,Within SLA,51:43.1,2,3,Ready to use Software,Tier 1,Austria,47.6964719,13.3457347
Closed,3567,High,Email,Product setup,1st line support,Bernard Beckley,10-11-2023 11:46,12-11-2023 11:46,10-11-2023 12:46,57:57.1,Within SLA,12:35.4,Within SLA,43:18.7,4,4,Other,Tier 1,Czech Republic,49.8037633,15.4749126
Resolved,3568,Low,Chat,Product setup,1st line support,Sheela Cutten,10-11-2023 06:58,11-11-2023 06:58,10-11-2023 07:00,00:14.9,Within SLA,54:47.5,Within SLA,,6,,Other,Tier 1,Germany,51.165691,10.451526
Closed,3569,Medium,Email,Pricing and licensing,1st line support,Sheela Cutten,11-11-2023 00:40,13-11-2023 00:40,11-11-2023 01:40,57:40.2,Within SLA,51:55.7,SLA Violated,41:38.4,1,4,Custom software development,Tier 1,Bulgaria,42.7249925,25.4833039
Closed,3570,Low,Email,Feature request,1st line support,Kristos Westoll,11-11-2023 08:50,13-11-2023 08:50,11-11-2023 09:50,45:28.0,Within SLA,41:11.7,Within SLA,10:46.3,2,5,Other,Tier 1,Italy,43.036776,12.678565
Resolved,3571,High,Phone,Feature request,1st line support,Nicola Wane,11-11-2023 00:34,13-11-2023 00:34,11-11-2023 00:36,37:57.5,SLA Violated,55:24.9,Within SLA,,4,,Ready to use Software,Tier 1,Poland,52.536273,19.050639
Closed,3572,Low,Chat,Purchasing and invoicing,1st line support,Sheela Cutten,11-11-2023 20:11,12-11-2023 20:11,11-11-2023 20:13,12:05.1,Within SLA,22:55.7,Within SLA,13:15.4,2,5,Ready to use Software,Tier 1,Bulgaria,42.7249925,25.4833039
Closed,3573,High,Email,Purchasing and invoicing,1st line support,Nicola Wane,11-11-2023 00:18,13-11-2023 00:18,11-11-2023 01:18,51:59.1,Within SLA,58:07.8,Within SLA,27:02.0,7,3,Ready to use Software,Tier 1,Austria,47.6964719,13.3457347
Closed,3574,Medium,Email,Other,1st line support,Connor Danielovitch,12-11-2023 10:50,14-11-2023 10:50,12-11-2023 11:50,19:54.6,Within SLA,29:25.2,SLA Violated,30:44.5,2,3,Ready to use Software,Tier 1,Czech Republic,49.8037633,15.4749126
Closed,3575,Medium,Email,Pricing and licensing,1st line support,Nicola Wane,12-11-2023 00:16,14-11-2023 00:16,12-11-2023 01:16,27:51.9,Within SLA,28:13.7,Within SLA,51:38.1,2,5,Ready to use Software,Tier 1,Slovenia,46.1491664,14.9860106
Closed,3576,Low,Email,Product setup,2nd line support,Adolpho Messingham,12-11-2023 16:48,14-11-2023 16:48,12-11-2023 17:48,37:36.5,Within SLA,20:55.5,Within SLA,28:40.8,3,5,Training and Consulting Services,Tier 2,Republic of Ireland,53.094024,-8.019675
Resolved,3584,Medium,Phone,Feature request,1st line support,Connor Danielovitch,13-11-2023 16:51,15-11-2023 16:51,13-11-2023 16:53,53:00.8,Within SLA,20:37.5,Within SLA,,2,,Other,Tier 1,France,48.864716,2.349014
In progress,3585,Low,Email,Product setup,1st line support,Sheela Cutten,13-11-2023 15:05,15-11-2023 15:05,13-11-2023 16:05,55:46.4,Within SLA,,SLA Violated,,5,,Ready to use Software,Tier 1,Poland,52.536273,19.050639
In progress,3586,Low,Email,Purchasing and invoicing,1st line support,Nicola Wane,13-11-2023 08:27,15-11-2023 08:27,13-11-2023 09:27,59:24.6,Within SLA,,SLA Violated,,5,,Custom software development,Tier 1,Republic of Ireland,53.094024,-8.019675
Closed,3587,Low,Email,Pricing and licensing,2nd line support,Michele Whyatt,13-11-2023 09:31,15-11-2023 09:31,13-11-2023 10:31,23:52.3,Within SLA,05:55.9,Within SLA,23:36.6,7,4,Training and Consulting Services,Tier 2,United Kingdom,55.378052,-3.435973
Resolved,3588,High,Chat,Product setup,1st line support,Sheela Cutten,13-11-2023 23:03,14-11-2023 23:03,13-11-2023 23:05,03:42.5,Within SLA,15:15.8,Within SLA,,9,,Ready to use Software,Tier 1,United Kingdom,55.378052,-3.435973
Closed,3589,Low,Email,Purchasing and invoicing,1st line support,Nicola Wane,13-11-2023 11:46,15-11-2023 11:46,13-11-2023 12:46,58:27.3,Within SLA,39:50.0,Within SLA,09:24.9,4,4,Ready to use Software,Tier 1,Bulgaria,42.7249925,25.4833039
In progress,3590,Low,Chat,Product setup,2nd line support,Adolpho Messingham,13-11-2023 04:21,14-11-2023 04:21,13-11-2023 04:23,25:48.6,SLA Violated,,SLA Violated,,6,,Custom software development,Tier 2,Germany,51.165691,10.451526
Closed,3591,Medium,Email,Feature request,1st line support,Bernard Beckley,14-11-2023 09:45,16-11-2023 09:45,14-11-2023 10:45,36:07.2,Within SLA,10:52.0,SLA Violated,11:33.5,9,5,Ready to use Software,Tier 1,Germany,51.165691,10.451526
Closed,3592,High,Phone,Product setup,1st line support,Bernard Beckley,14-11-2023 12:05,16-11-2023 12:05,14-11-2023 12:07,05:32.9,Within SLA,30:30.6,SLA Violated,57:55.8,4,5,Ready to use Software,Tier 1,Poland,52.536273,19.050639
In progress,3593,Low,Chat,Pricing and licensing,1st line support,Bernard Beckley,14-11-2023 05:07,15-11-2023 05:07,14-11-2023 05:09,09:03.5,Within SLA,,SLA Violated,,6,,Custom software development,Tier 1,Italy,43.036776,12.678565
Closed,3594,Low,Email,Feature request,1st line support,Bernard Beckley,14-11-2023 16:11,16-11-2023 16:11,14-11-2023 17:11,08:20.9,Within SLA,52:02.1,Within SLA,05:21.3,7,3,Ready to use Software,Tier 1,Italy,43.036776,12.678565
In progress,3595,Low,Email,Training request,1st line support,Bernard Beckley,14-11-2023 09:01,16-11-2023 09:01,14-11-2023 10:01,53:19.4,Within SLA,,SLA Violated,,2,,Training and Consulting Services,Tier 1,Slovenia,46.1491664,14.9860106
Closed,3596,High,Email,Product setup,1st line support,Nicola Wane,14-11-2023 21:15,16-11-2023 21:15,14-11-2023 22:15,00:14.6,Within SLA,54:00.5,Within SLA,30:29.3,1,4,Ready to use Software,Tier 1,Spain,39.67337,-4.767726
Resolved,3597,Medium,Phone,Pricing and licensing,2nd line support,Adolpho Messingham,14-11-2023 05:20,16-11-2023 05:20,14-11-2023 05:22,22:17.1,Within SLA,11:06.0,Within SLA,,1,,Ready to use Software,Tier 2,United Kingdom,55.378052,-3.435973
In progress,3598,High,Email,Product setup,1st line support,Bernard Beckley,14-11-2023 02:14,16-11-2023 02:14,14-11-2023 03:14,06:58.4,Within SLA,,SLA Violated,,7,,Ready to use Software,Tier 1,Bulgaria,42.7249925,25.4833039
Resolved,3599,High,Chat,Pricing and licensing,1st line support,Nicola Wane,14-11-2023 05:51,15-11-2023 05:51,14-11-2023 05:53,52:10.5,Within SLA,17:43.6,SLA Violated,,5,,Ready to use Software,Tier 1,Czech Republic,49.8037633,15.4749126
Resolved,3600,Low,Email,Product setup,1st line support,Kristos Westoll,15-11-2023 13:43,17-11-2023 13:43,15-11-2023 14:43,40:46.3,Within SLA,14:46.8,Within SLA,,8,,Other,Tier 1,Republic of Ireland,53.094024,-8.019675
Closed,3601,Low,Phone,Pricing and Licensing,1st line support,Connor Danielovitch,15-11-2023 19:04,17-11-2023 19:04,15-11-2023 19:06,06:39.0,SLA Violated,15:04.4,Within SLA,06:37.0,3,5,Custom software development,Tier 1,Slovenia,46.1491664,14.9860106
In progress,3602,Medium,Chat,Product setup,1st line support,Connor Danielovitch,15-11-2023 16:13,16-11-2023 16:13,15-11-2023 16:15,14:50.6,Within SLA,,SLA Violated,,6,,Training and Consulting Services,Tier 1,United Kingdom,55.378052,-3.435973
In progress,3603,Low,Chat,Pricing and licensing,2nd line support,Heather Urry,15-11-2023 15:32,16-11-2023 15:32,15-11-2023 15:34,36:41.1,SLA Violated,,SLA Violated,,2,,Ready to use Software,Tier 2,United Kingdom,55.378052,-3.435973
Closed,3604,Low,Email,Bug report,1st line support,Bernard Beckley,15-11-2023 22:41,17-11-2023 22:41,15-11-2023 23:41,16:34.3,Within SLA,59:59.6,Within SLA,49:52.4,2,4,Ready to use Software,Tier 1,United Kingdom,55.378052,-3.435973
In progress,3605,Medium,Email,Pricing and licensing,1st line support,Kristos Westoll,15-11-2023 08:13,17-11-2023 08:13,15-11-2023 09:13,57:35.1,SLA Violated,,SLA Violated,,1,,Other,Tier 1,Poland,52.536273,19.050639
Resolved,3606,Low,Email,Feature request,1st line support,Nicola Wane,15-11-2023 19:48,17-11-2023 19:48,15-11-2023 20:48,56:51.4,Within SLA,03:11.9,SLA Violated,,8,,Ready to use Software,Tier 1,Greece,39.368279,21.863141
Closed,3607,Medium,Chat,Other,1st line support,Bernard Beckley,15-11-2023 17:46,16-11-2023 17:46,15-11-2023 17:48,47:24.1,Within SLA,53:29.1,Within SLA,54:34.8,5,5,Training and Consulting Services,Tier 1,United Kingdom,55.378052,-3.435973
Closed,3608,Low,Chat,Product setup,1st line support,Connor Danielovitch,16-11-2023 14:57,17-11-2023 14:57,16-11-2023 14:59,59:13.7,Within SLA,59:55.2,SLA Violated,12:35.1,5,3,Ready to use Software,Tier 1,United Kingdom,55.378052,-3.435973
Closed,3609,Low,Email,Product setup,1st line support,Sheela Cutten,16-11-2023 02:43,18-11-2023 02:43,16-11-2023 03:43,31:44.5,Within SLA,07:25.8,Within SLA,21:53.6,1,4,Ready to use Software,Tier 1,Greece,39.368279,21.863141
In progress,3610,Medium,Chat,Purchasing and invoicing,2nd line support,Adolpho Messingham,16-11-2023 12:28,17-11-2023 12:28,16-11-2023 12:30,30:14.5,Within SLA,,SLA Violated,,8,,Ready to use Software,Tier 2,Germany,51.165691,10.451526
Closed,3611,High,Email,Pricing and licensing,1st line support,Nicola Wane,16-11-2023 05:59,18-11-2023 05:59,16-11-2023 06:59,01:10.1,Within SLA,49:30.6,Within SLA,54:24.2,1,4,Custom software development,Tier 1,Germany,51.165691,10.451526
Closed,3612,Low,Chat,Pricing and licensing,1st line support,Nicola Wane,16-11-2023 16:11,17-11-2023 16:11,16-11-2023 16:13,12:44.6,Within SLA,28:26.2,Within SLA,43:33.2,4,4,Training and Consulting Services,Tier 1,Poland,52.536273,19.050639
Resolved,3613,Low,Chat,Pricing and licensing,2nd line support,Michele Whyatt,16-11-2023 03:18,17-11-2023 03:18,16-11-2023 03:20,19:03.7,Within SLA,19:08.1,SLA Violated,,2,,Custom software development,Tier 2,Republic of Ireland,53.094024,-8.019675
Closed,3614,Low,Email,Product setup,2nd line support,Heather Urry,16-11-2023 00:09,18-11-2023 00:09,16-11-2023 01:09,56:30.3,Within SLA,00:24.9,SLA Violated,11:24.6,10,2,Training and Consulting Services,Tier 2,Poland,52.536273,19.050639
In progress,3615,Low,Chat,Training request,1st line support,Connor Danielovitch,17-11-2023 21:49,18-11-2023 21:49,17-11-2023 21:51,50:52.2,Within SLA,,SLA Violated,,6,,Training and Consulting Services,Tier 1,Bulgaria,42.7249925,25.4833039
In progress,3616,Low,Email,Feature request,1st line support,Nicola Wane,17-11-2023 05:21,19-11-2023 05:21,17-11-2023 06:21,33:49.3,Within SLA,,SLA Violated,,2,,Ready to use Software,Tier 1,United Kingdom,55.378052,-3.435973
Resolved,3617,Medium,Email,Product setup,2nd line support,Adolpho Messingham,17-11-2023 07:52,19-11-2023 07:52,17-11-2023 08:52,23:56.4,Within SLA,09:15.8,Within SLA,,3,,Other,Tier 2,Slovenia,46.1491664,14.9860106
Closed,3618,Medium,Email,Feature request,1st line support,Kristos Westoll,17-11-2023 19:40,19-11-2023 19:40,17-11-2023 20:40,55:00.2,Within SLA,21:27.6,Within SLA,00:31.7,3,5,Ready to use Software,Tier 1,France,48.864716,2.349014
Closed,3619,Medium,Email,Feature request,1st line support,Connor Danielovitch,17-11-2023 10:04,19-11-2023 10:04,17-11-2023 11:04,22:14.1,Within SLA,46:44.6,SLA Violated,23:31.1,4,5,Custom software development,Tier 1,Czech Republic,49.8037633,15.4749126
Resolved,3620,Low,Email,Pricing and Licensing,1st line support,Sheela Cutten,17-11-2023 20:00,19-11-2023 20:00,17-11-2023 21:00,39:52.1,Within SLA,32:22.8,Within SLA,,6,,Custom software development,Tier 1,Czech Republic,49.8037633,15.4749126
Closed,3621,Low,Chat,Pricing and licensing,1st line support,Nicola Wane,17-11-2023 15:36,18-11-2023 15:36,17-11-2023 15:38,36:48.6,Within SLA,34:34.5,Within SLA,59:44.4,5,3,Custom software development,Tier 1,Italy,43.036776,12.678565
Closed,3622,Low,Chat,Pricing and licensing,1st line support,Sheela Cutten,17-11-2023 10:27,18-11-2023 10:27,17-11-2023 10:29,29:27.7,Within SLA,21:36.9,Within SLA,31:09.7,2,5,Other,Tier 1,Germany,51.165691,10.451526
Closed,3628,Low,Chat,Bug report,2nd line support,Michele Whyatt,18-11-2023 02:08,19-11-2023 02:08,18-11-2023 02:10,09:49.7,Within SLA,13:35.4,Within SLA,53:33.3,60,1,Other,Tier 2,Spain,39.67337,-4.767726
Closed,3629,Low,Chat,Purchasing and invoicing,1st line support,Bernard Beckley,18-11-2023 11:16,19-11-2023 11:16,18-11-2023 11:18,16:31.1,Within SLA,07:02.6,Within SLA,08:12.6,5,2,Other,Tier 1,United Kingdom,55.378052,-3.435973
Resolved,3630,Medium,Email,Purchasing and invoicing,1st line support,Kristos Westoll,18-11-2023 20:23,20-11-2023 20:23,18-11-2023 21:23,41:39.1,Within SLA,14:02.6,Within SLA,,6,,Ready to use Software,Tier 1,Slovenia,46.1491664,14.9860106
Resolved,3631,Low,Phone,Product setup,1st line support,Connor Danielovitch,19-11-2023 20:03,21-11-2023 20:03,19-11-2023 20:05,04:19.0,Within SLA,58:39.0,Within SLA,,4,,Ready to use Software,Tier 1,Spain,39.67337,-4.767726
Closed,3632,Low,Phone,Feature request,1st line support,Nicola Wane,19-11-2023 01:53,21-11-2023 01:53,19-11-2023 01:55,54:36.4,Within SLA,23:51.5,Within SLA,50:58.9,1,4,Ready to use Software,Tier 1,Slovenia,46.1491664,14.9860106
Resolved,3633,Low,Email,Pricing and licensing,1st line support,Connor Danielovitch,19-11-2023 01:06,21-11-2023 01:06,19-11-2023 02:06,26:21.7,Within SLA,14:28.6,SLA Violated,,2,,Training and Consulting Services,Tier 1,Spain,39.67337,-4.767726
Resolved,3634,Low,Email,Feature request,1st line support,Sheela Cutten,19-11-2023 07:13,21-11-2023 07:13,19-11-2023 08:13,02:04.0,Within SLA,46:56.0,SLA Violated,,9,,Custom software development,Tier 1,Germany,51.165691,10.451526
Closed,3641,Low,Phone,Pricing and licensing,1st line support,Bernard Beckley,19-11-2023 08:01,21-11-2023 08:01,19-11-2023 08:03,01:17.8,Within SLA,07:20.7,SLA Violated,41:37.8,7,2,Other,Tier 1,Italy,43.036776,12.678565
Closed,3642,Medium,Email,Purchasing and invoicing,1st line support,Nicola Wane,20-11-2023 21:50,22-11-2023 21:50,20-11-2023 22:50,24:14.5,Within SLA,22:29.7,Within SLA,30:38.7,10,4,Other,Tier 1,Germany,51.165691,10.451526
Closed,3643,Low,Chat,Pricing and licensing,1st line support,Bernard Beckley,20-11-2023 15:38,21-11-2023 15:38,20-11-2023 15:40,38:53.0,Within SLA,26:18.7,Within SLA,12:42.9,2,3,Other,Tier 1,Slovenia,46.1491664,14.9860106
In progress,3644,High,Phone,Product setup,1st line support,Bernard Beckley,20-11-2023 04:03,22-11-2023 04:03,20-11-2023 04:05,04:23.7,Within SLA,,SLA Violated,,3,,Ready to use Software,Tier 1,Italy,43.036776,12.678565
Closed,3646,High,Email,Feature request,1st line support,Bernard Beckley,20-11-2023 08:48,22-11-2023 08:48,20-11-2023 09:48,00:30.4,Within SLA,28:40.7,Within SLA,20:25.9,2,5,Custom software development,Tier 1,Slovenia,46.1491664,14.9860106
Closed,3647,Low,Email,Product setup,2nd line support,Michele Whyatt,20-11-2023 16:00,22-11-2023 16:00,20-11-2023 17:00,16:13.8,Within SLA,08:54.3,Within SLA,10:11.4,3,4,Ready to use Software,Tier 2,Italy,43.036776,12.678565
Resolved,3648,High,Chat,Product setup,1st line support,Sheela Cutten,20-11-2023 06:00,21-11-2023 06:00,20-11-2023 06:02,00:46.3,Within SLA,33:00.5,Within SLA,,8,,Training and Consulting Services,Tier 1,Germany,51.165691,10.451526
In progress,3649,Medium,Email,Bug report,1st line support,Connor Danielovitch,20-11-2023 19:02,22-11-2023 19:02,20-11-2023 20:02,07:07.7,Within SLA,,SLA Violated,,1,,Ready to use Software,Tier 1,France,48.864716,2.349014
Closed,3650,Medium,Email,Feature request,1st line support,Connor Danielovitch,21-11-2023 07:35,23-11-2023 07:35,21-11-2023 08:35,43:19.2,Within SLA,01:21.6,Within SLA,08:16.4,3,5,Other,Tier 1,Germany,51.165691,10.451526
Closed,3651,Low,Email,Bug report,2nd line support,Heather Urry,21-11-2023 00:03,23-11-2023 00:03,21-11-2023 01:03,54:29.2,Within SLA,40:18.8,Within SLA,13:17.5,10,4,Other,Tier 2,Republic of Ireland,53.094024,-8.019675
Closed,3652,Low,Chat,Feature request,1st line support,Kristos Westoll,21-11-2023 22:55,22-11-2023 22:55,21-11-2023 22:57,57:09.4,Within SLA,28:43.9,SLA Violated,45:24.6,5,4,Custom software development,Tier 1,United Kingdom,55.378052,-3.435973
Closed,3653,Medium,Email,Pricing and licensing,1st line support,Sheela Cutten,21-11-2023 06:59,23-11-2023 06:59,21-11-2023 07:59,59:38.7,Within SLA,03:06.7,Within SLA,21:40.2,2,5,Custom software development,Tier 1,Poland,52.536273,19.050639
Closed,3654,Medium,Chat,Feature request,2nd line support,Adolpho Messingham,21-11-2023 19:03,22-11-2023 19:03,21-11-2023 19:05,08:33.9,SLA Violated,22:58.6,Within SLA,22:09.2,2,3,Ready to use Software,Tier 2,Bulgaria,42.7249925,25.4833039
Closed,3655,High,Email,Product setup,1st line support,Kristos Westoll,21-11-2023 23:09,23-11-2023 23:09,22-11-2023 00:09,25:51.0,Within SLA,08:59.2,Within SLA,01:47.9,1,3,Ready to use Software,Tier 1,Italy,43.036776,12.678565
Closed,3656,Medium,Chat,Other,1st line support,Connor Danielovitch,21-11-2023 06:29,22-11-2023 06:29,21-11-2023 06:31,30:53.3,Within SLA,16:12.5,SLA Violated,09:00.8,2,3,Other,Tier 1,Spain,39.67337,-4.767726
Closed,3657,High,Chat,Pricing and licensing,1st line support,Kristos Westoll,21-11-2023 15:47,22-11-2023 15:47,21-11-2023 15:49,47:54.6,Within SLA,27:45.3,SLA Violated,29:28.0,6,4,Ready to use Software,Tier 1,Italy,43.036776,12.678565
Resolved,3658,Medium,Chat,Purchasing and invoicing,1st line support,Kristos Westoll,22-11-2023 09:08,23-11-2023 09:08,22-11-2023 09:10,10:05.7,Within SLA,27:42.5,SLA Violated,,5,,Custom software development,Tier 1,Austria,47.6964719,13.3457347
Resolved,3659,High,Chat,Pricing and licensing,2nd line support,Michele Whyatt,22-11-2023 04:35,23-11-2023 04:35,22-11-2023 04:37,36:03.3,Within SLA,39:26.3,Within SLA,,2,,Ready to use Software,Tier 2,Czech Republic,49.8037633,15.4749126
In progress,3660,Low,Email,Product setup,1st line support,Nicola Wane,22-11-2023 15:51,24-11-2023 15:51,22-11-2023 16:51,32:07.4,Within SLA,,SLA Violated,,10,,Ready to use Software,Tier 1,Italy,43.036776,12.678565
Closed,3661,High,Chat,Feature request,2nd line support,Adolpho Messingham,22-11-2023 09:38,23-11-2023 09:38,22-11-2023 09:40,42:57.6,SLA Violated,16:37.1,Within SLA,35:48.6,2,3,Custom software development,Tier 2,United Kingdom,55.378052,-3.435973
Closed,3662,High,Chat,Pricing and Licensing,1st line support,Bernard Beckley,22-11-2023 11:28,23-11-2023 11:28,22-11-2023 11:30,29:15.1,Within SLA,09:16.2,Within SLA,15:01.0,6,3,Custom software development,Tier 1,Poland,52.536273,19.050639
Closed,3663,Low,Email,Pricing and Licensing,1st line support,Nicola Wane,22-11-2023 06:02,24-11-2023 06:02,22-11-2023 07:02,44:09.1,SLA Violated,17:22.3,Within SLA,26:27.4,10,4,Custom software development,Tier 1,Poland,52.536273,19.050639
Closed,3664,Medium,Chat,Product setup,2nd line support,Adolpho Messingham,22-11-2023 23:44,23-11-2023 23:44,22-11-2023 23:46,45:24.6,Within SLA,28:31.6,Within SLA,40:35.8,6,4,Ready to use Software,Tier 2,Poland,52.536273,19.050639
Resolved,3665,Low,Chat,Product setup,2nd line support,Heather Urry,22-11-2023 14:26,23-11-2023 14:26,22-11-2023 14:28,28:04.9,Within SLA,50:04.7,SLA Violated,,6,,Custom software development,Tier 2,Poland,52.536273,19.050639
In progress,3669,Low,Chat,Pricing and licensing,1st line support,Connor Danielovitch,23-11-2023 06:42,24-11-2023 06:42,23-11-2023 06:44,43:28.7,Within SLA,,SLA Violated,,2,,Ready to use Software,Tier 1,Germany,51.165691,10.451526
Resolved,3670,Medium,Chat,Bug report,1st line support,Bernard Beckley,23-11-2023 19:35,24-11-2023 19:35,23-11-2023 19:37,36:30.4,Within SLA,54:06.8,SLA Violated,,5,,Custom software development,Tier 1,Italy,43.036776,12.678565
Resolved,3671,High,Chat,Pricing and licensing,1st line support,Bernard Beckley,23-11-2023 05:58,24-11-2023 05:58,23-11-2023 06:00,58:24.1,Within SLA,18:36.8,Within SLA,,5,,Ready to use Software,Tier 1,Poland,52.536273,19.050639
Resolved,3672,Low,Chat,Purchasing and invoicing,2nd line support,Michele Whyatt,23-11-2023 10:29,24-11-2023 10:29,23-11-2023 10:31,30:21.1,Within SLA,37:45.9,Within SLA,,8,,Training and Consulting Services,Tier 2,Czech Republic,49.8037633,15.4749126
Closed,3673,Medium,Email,Purchasing and invoicing,1st line support,Nicola Wane,23-11-2023 10:29,25-11-2023 10:29,23-11-2023 11:29,27:40.0,Within SLA,12:58.3,SLA Violated,15:06.5,1,5,Ready to use Software,Tier 1,Greece,39.368279,21.863141
Resolved,3674,Low,Chat,Feature request,1st line support,Nicola Wane,24-11-2023 00:20,25-11-2023 00:20,24-11-2023 00:22,21:07.2,Within SLA,24:19.3,SLA Violated,,6,,Ready to use Software,Tier 1,France,48.864716,2.349014
Closed,3675,Low,Email,Other,1st line support,Bernard Beckley,24-11-2023 10:39,26-11-2023 10:39,24-11-2023 11:39,43:57.8,Within SLA,25:24.0,Within SLA,17:19.7,9,2,Training and Consulting Services,Tier 1,Poland,52.536273,19.050639
Resolved,3677,High,Email,Product setup,2nd line support,Michele Whyatt,24-11-2023 01:46,26-11-2023 01:46,24-11-2023 02:46,16:10.1,Within SLA,10:03.8,Within SLA,,2,,Ready to use Software,Tier 2,Austria,47.6964719,13.3457347
Closed,3678,Medium,Email,Bug report,1st line support,Nicola Wane,24-11-2023 14:47,26-11-2023 14:47,24-11-2023 15:47,34:43.1,Within SLA,03:38.9,Within SLA,36:39.1,2,3,Ready to use Software,Tier 1,Germany,51.165691,10.451526
Resolved,3679,Medium,Email,Training request,2nd line support,Heather Urry,24-11-2023 02:11,26-11-2023 02:11,24-11-2023 03:11,12:07.8,Within SLA,57:51.5,SLA Violated,,7,,Training and Consulting Services,Tier 2,Poland,52.536273,19.050639
Closed,3680,High,Email,Other,1st line support,Sheela Cutten,24-11-2023 23:36,26-11-2023 23:36,25-11-2023 00:36,33:14.3,Within SLA,02:36.5,Within SLA,24:03.4,2,5,Training and Consulting Services,Tier 1,Italy,43.036776,12.678565
Closed,3681,Low,Email,Pricing and licensing,1st line support,Nicola Wane,24-11-2023 10:27,26-11-2023 10:27,24-11-2023 11:27,07:17.0,Within SLA,33:08.1,SLA Violated,57:06.0,2,2,Custom software development,Tier 1,Germany,51.165691,10.451526
Closed,3682,Low,Phone,Feature request,1st line support,Bernard Beckley,24-11-2023 11:18,26-11-2023 11:18,24-11-2023 11:20,22:47.5,SLA Violated,11:56.6,Within SLA,54:51.3,2,4,Custom software development,Tier 1,United Kingdom,55.378052,-3.435973
Resolved,3683,Low,Email,Pricing and licensing,1st line support,Kristos Westoll,24-11-2023 04:11,26-11-2023 04:11,24-11-2023 05:11,33:06.4,Within SLA,58:04.2,Within SLA,,1,,Ready to use Software,Tier 1,Republic of Ireland,53.094024,-8.019675
Closed,3684,Low,Chat,Product setup,2nd line support,Adolpho Messingham,24-11-2023 07:46,25-11-2023 07:46,24-11-2023 07:48,46:47.5,Within SLA,54:20.5,Within SLA,32:50.4,6,4,Ready to use Software,Tier 2,Germany,51.165691,10.451526
Resolved,3685,Low,Chat,Product setup,1st line support,Kristos Westoll,24-11-2023 15:45,25-11-2023 15:45,24-11-2023 15:47,47:39.9,SLA Violated,18:28.8,SLA Violated,,5,,Ready to use Software,Tier 1,Italy,43.036776,12.678565
Closed,3686,Low,Chat,Bug report,1st line support,Kristos Westoll,25-11-2023 19:03,26-11-2023 19:03,25-11-2023 19:05,03:42.4,Within SLA,58:54.7,Within SLA,17:48.5,2,4,Ready to use Software,Tier 1,Germany,51.165691,10.451526
Resolved,3693,High,Chat,Bug report,1st line support,Kristos Westoll,25-11-2023 11:16,26-11-2023 11:16,25-11-2023 11:18,17:42.0,Within SLA,40:02.6,Within SLA,,60,,Ready to use Software,Tier 1,Czech Republic,49.8037633,15.4749126
In progress,3695,Low,Chat,Feature request,1st line support,Nicola Wane,26-11-2023 16:49,27-11-2023 16:49,26-11-2023 16:51,51:04.4,Within SLA,,SLA Violated,,6,,Ready to use Software,Tier 1,Poland,52.536273,19.050639
Closed,3696,Low,Chat,Product setup,2nd line support,Adolpho Messingham,26-11-2023 02:11,27-11-2023 02:11,26-11-2023 02:13,13:26.5,Within SLA,12:16.9,Within SLA,04:56.6,2,5,Custom software development,Tier 2,Austria,47.6964719,13.3457347
Closed,3697,Medium,Email,Product setup,2nd line support,Michele Whyatt,27-11-2023 14:51,29-11-2023 14:51,27-11-2023 15:51,56:33.9,Within SLA,17:54.0,Within SLA,18:54.9,1,1,Ready to use Software,Tier 2,France,48.864716,2.349014
Closed,3698,High,Email,Product setup,1st line support,Sheela Cutten,27-11-2023 09:25,29-11-2023 09:25,27-11-2023 10:25,21:38.9,Within SLA,47:20.1,SLA Violated,43:25.5,4,4,Ready to use Software,Tier 1,Italy,43.036776,12.678565
Resolved,3699,Medium,Email,Bug report,2nd line support,Adolpho Messingham,27-11-2023 03:24,29-11-2023 03:24,27-11-2023 04:24,22:32.7,Within SLA,53:19.0,SLA Violated,,5,,Custom software development,Tier 2,United Kingdom,55.378052,-3.435973
In progress,3700,High,Chat,Feature request,1st line support,Bernard Beckley,27-11-2023 07:00,28-11-2023 07:00,27-11-2023 07:02,05:56.8,SLA Violated,,SLA Violated,,6,,Custom software development,Tier 1,Italy,43.036776,12.678565
Closed,3701,High,Email,Purchasing and invoicing,1st line support,Nicola Wane,27-11-2023 14:41,29-11-2023 14:41,27-11-2023 15:41,39:50.9,Within SLA,08:47.7,Within SLA,09:57.8,5,4,Custom software development,Tier 1,United Kingdom,55.378052,-3.435973
Closed,3703,Low,Email,Pricing and Licensing,1st line support,Nicola Wane,27-11-2023 20:44,29-11-2023 20:44,27-11-2023 21:44,14:15.9,Within SLA,17:30.2,Within SLA,07:55.7,1,4,Custom software development,Tier 1,United Kingdom,55.378052,-3.435973
Resolved,3704,High,Chat,Product setup,2nd line support,Michele Whyatt,27-11-2023 06:31,28-11-2023 06:31,27-11-2023 06:33,31:53.3,Within SLA,33:10.4,SLA Violated,,2,,Ready to use Software,Tier 2,Italy,43.036776,12.678565
Closed,3705,Low,Chat,Purchasing and invoicing,1st line support,Sheela Cutten,27-11-2023 04:05,28-11-2023 04:05,27-11-2023 04:07,06:21.1,Within SLA,48:31.8,Within SLA,11:56.1,6,2,Other,Tier 1,Poland,52.536273,19.050639
Closed,3706,Low,Email,Bug report,1st line support,Bernard Beckley,27-11-2023 01:35,29-11-2023 01:35,27-11-2023 02:35,23:11.7,Within SLA,07:47.4,Within SLA,33:59.5,5,2,Training and Consulting Services,Tier 1,Germany,51.165691,10.451526
Resolved,3707,Low,Email,Product setup,1st line support,Sheela Cutten,28-11-2023 01:50,30-11-2023 01:50,28-11-2023 02:50,26:28.6,Within SLA,32:57.6,SLA Violated,,4,,Ready to use Software,Tier 1,Italy,43.036776,12.678565
Resolved,3708,Medium,Email,Purchasing and invoicing,2nd line support,Adolpho Messingham,28-11-2023 02:08,30-11-2023 02:08,28-11-2023 03:08,43:20.4,Within SLA,33:22.5,Within SLA,,1,,Custom software development,Tier 2,France,48.864716,2.349014
Closed,3709,Low,Email,Feature request,1st line support,Sheela Cutten,28-11-2023 10:37,30-11-2023 10:37,28-11-2023 11:37,17:35.4,SLA Violated,03:44.4,SLA Violated,49:46.2,8,3,Other,Tier 1,Italy,43.036776,12.678565
In progress,3710,Low,Email,Product setup,1st line support,Sheela Cutten,28-11-2023 07:52,30-11-2023 07:52,28-11-2023 08:52,30:35.7,Within SLA,,SLA Violated,,8,,Ready to use Software,Tier 1,Italy,43.036776,12.678565
Resolved,3711,Low,Email,Product setup,1st line support,Nicola Wane,28-11-2023 18:20,30-11-2023 18:20,28-11-2023 19:20,59:12.1,Within SLA,37:00.4,Within SLA,,8,,Ready to use Software,Tier 1,Slovenia,46.1491664,14.9860106
Closed,3712,High,Email,Feature request,2nd line support,Adolpho Messingham,29-11-2023 02:28,01-12-2023 02:28,29-11-2023 03:28,34:00.9,Within SLA,23:25.4,Within SLA,11:35.6,2,1,Custom software development,Tier 2,Poland,52.536273,19.050639
In progress,3713,Low,Email,Bug report,1st line support,Connor Danielovitch,29-11-2023 15:15,01-12-2023 15:15,29-11-2023 16:15,33:56.6,Within SLA,,SLA Violated,,10,,Ready to use Software,Tier 1,Greece,39.368279,21.863141
Closed,3715,Medium,Chat,Purchasing and invoicing,1st line support,Sheela Cutten,29-11-2023 04:46,30-11-2023 04:46,29-11-2023 04:48,48:12.5,Within SLA,39:33.2,Within SLA,30:09.8,8,2,Other,Tier 1,Poland,52.536273,19.050639
In progress,3716,Low,Chat,Product setup,1st line support,Nicola Wane,29-11-2023 03:34,30-11-2023 03:34,29-11-2023 03:36,34:38.5,Within SLA,,SLA Violated,,5,,Training and Consulting Services,Tier 1,France,48.864716,2.349014
Resolved,3717,Medium,Phone,Pricing and Licensing,1st line support,Sheela Cutten,29-11-2023 13:23,01-12-2023 13:23,29-11-2023 13:25,24:58.4,Within SLA,16:03.0,Within SLA,,1,,Custom software development,Tier 1,Germany,51.165691,10.451526
In progress,3718,Medium,Chat,Feature request,1st line support,Bernard Beckley,29-11-2023 11:04,30-11-2023 11:04,29-11-2023 11:06,04:42.8,Within SLA,,SLA Violated,,60,,Custom software development,Tier 1,Italy,43.036776,12.678565
Closed,3719,Medium,Chat,Pricing and licensing,1st line support,Bernard Beckley,29-11-2023 02:12,30-11-2023 02:12,29-11-2023 02:14,13:01.3,Within SLA,10:46.5,SLA Violated,41:03.9,8,4,Training and Consulting Services,Tier 1,Germany,51.165691,10.451526
Closed,3720,Medium,Phone,Feature request,1st line support,Connor Danielovitch,29-11-2023 03:46,01-12-2023 03:46,29-11-2023 03:48,47:39.8,Within SLA,57:54.0,Within SLA,23:36.0,6,5,Ready to use Software,Tier 1,Poland,52.536273,19.050639
Closed,3721,High,Email,Pricing and licensing,1st line support,Connor Danielovitch,29-11-2023 00:31,01-12-2023 00:31,29-11-2023 01:31,59:46.3,Within SLA,00:46.3,Within SLA,42:56.1,1,5,Ready to use Software,Tier 1,Bulgaria,42.7249925,25.4833039
Closed,3722,Low,Phone,Pricing and licensing,1st line support,Sheela Cutten,29-11-2023 12:46,01-12-2023 12:46,29-11-2023 12:48,46:48.7,Within SLA,30:32.2,Within SLA,32:26.3,2,3,Other,Tier 1,Czech Republic,49.8037633,15.4749126
Closed,3723,Low,Email,Feature request,1st line support,Bernard Beckley,29-11-2023 20:07,01-12-2023 20:07,29-11-2023 21:07,21:09.7,Within SLA,45:05.0,Within SLA,03:22.9,9,3,Custom software development,Tier 1,United Kingdom,55.378052,-3.435973
Resolved,3724,High,Email,Purchasing and invoicing,1st line support,Kristos Westoll,30-11-2023 07:39,02-12-2023 07:39,30-11-2023 08:39,08:17.3,Within SLA,19:52.0,SLA Violated,,2,,Custom software development,Tier 1,Greece,39.368279,21.863141
Closed,3725,Low,Phone,Pricing and licensing,1st line support,Bernard Beckley,30-11-2023 12:40,02-12-2023 12:40,30-11-2023 12:42,41:21.6,Within SLA,26:20.9,SLA Violated,59:18.6,4,5,Ready to use Software,Tier 1,Germany,51.165691,10.451526
Closed,3726,Low,Email,Pricing and licensing,2nd line support,Adolpho Messingham,30-11-2023 08:39,02-12-2023 08:39,30-11-2023 09:39,15:17.8,Within SLA,13:29.6,Within SLA,41:13.9,1,3,Ready to use Software,Tier 2,Poland,52.536273,19.050639
Resolved,3727,High,Chat,Feature request,1st line support,Sheela Cutten,30-11-2023 15:07,01-12-2023 15:07,30-11-2023 15:09,08:20.3,Within SLA,12:04.0,Within SLA,,5,,Ready to use Software,Tier 1,Greece,39.368279,21.863141
Resolved,3728,High,Email,Product setup,2nd line support,Heather Urry,30-11-2023 15:06,02-12-2023 15:06,30-11-2023 16:06,01:08.6,Within SLA,32:57.3,Within SLA,,7,,Custom software development,Tier 2,Austria,47.6964719,13.3457347
Closed,3729,Medium,Email,Bug report,1st line support,Sheela Cutten,30-11-2023 22:24,02-12-2023 22:24,30-11-2023 23:24,03:37.1,Within SLA,54:39.5,Within SLA,37:45.9,1,2,Custom software development,Tier 1,Republic of Ireland,53.094024,-8.019675
Closed,3730,Low,Chat,Product setup,2nd line support,Adolpho Messingham,30-11-2023 01:16,01-12-2023 01:16,30-11-2023 01:18,20:32.5,SLA Violated,57:31.2,SLA Violated,06:34.6,6,4,Custom software development,Tier 2,Italy,43.036776,12.678565
Closed,3731,Low,Phone,Feature request,1st line support,Connor Danielovitch,30-11-2023 13:33,02-12-2023 13:33,30-11-2023 13:35,35:34.7,Within SLA,06:20.7,Within SLA,57:47.9,2,5,Ready to use Software,Tier 1,Czech Republic,49.8037633,15.4749126
Resolved,3732,Low,Email,Pricing and licensing,1st line support,Connor Danielovitch,30-11-2023 01:43,02-12-2023 01:43,30-11-2023 02:43,01:13.5,Within SLA,12:03.3,Within SLA,,2,,Ready to use Software,Tier 1,Germany,51.165691,10.451526
Closed,3733,High,Email,Pricing and licensing,1st line support,Bernard Beckley,30-11-2023 10:52,02-12-2023 10:52,30-11-2023 11:52,08:19.8,Within SLA,29:08.0,Within SLA,48:35.1,7,4,Ready to use Software,Tier 1,Spain,39.67337,-4.767726
Closed,3734,Low,Email,Purchasing and invoicing,1st line support,Bernard Beckley,30-11-2023 11:14,02-12-2023 11:14,30-11-2023 12:14,27:48.3,Within SLA,47:26.6,Within SLA,40:45.9,7,4,Training and Consulting Services,Tier 1,Poland,52.536273,19.050639
Closed,3735,Low,Chat,Bug report,1st line support,Nicola Wane,30-11-2023 15:41,01-12-2023 15:41,30-11-2023 15:43,43:19.4,Within SLA,22:16.2,Within SLA,20:14.7,2,4,Custom software development,Tier 1,Italy,43.036776,12.678565
Closed,3736,Low,Chat,Product setup,1st line support,Nicola Wane,30-11-2023 12:36,01-12-2023 12:36,30-11-2023 12:38,37:52.1,Within SLA,29:03.1,SLA Violated,50:48.1,2,1,Other,Tier 1,Italy,43.036776,12.678565
In progress,3737,Low,Email,Pricing and licensing,1st line support,Bernard Beckley,01-12-2023 04:12,03-12-2023 04:12,01-12-2023 05:12,11:25.7,Within SLA,,SLA Violated,,10,,Custom software development,Tier 1,United Kingdom,55.378052,-3.435973
In progress,3738,Low,Email,Other,1st line support,Nicola Wane,01-12-2023 10:27,03-12-2023 10:27,01-12-2023 11:27,06:51.4,Within SLA,,SLA Violated,,5,,Custom software development,Tier 1,Greece,39.368279,21.863141
Closed,3739,Medium,Email,Purchasing and invoicing,2nd line support,Heather Urry,01-12-2023 06:10,03-12-2023 06:10,01-12-2023 07:10,50:05.8,Within SLA,33:19.0,Within SLA,24:12.5,5,4,Ready to use Software,Tier 2,Bulgaria,42.7249925,25.4833039
Open,3740,High,Chat,Product setup,2nd line support,Adolpho Messingham,01-12-2023 05:04,02-12-2023 05:04,01-12-2023 05:06,,SLA Violated,,SLA Violated,,,,Training and Consulting Services,Tier 2,Austria,47.6964719,13.3457347
Open,3741,Low,Chat,Pricing and licensing,1st line support,Bernard Beckley,01-12-2023 22:07,02-12-2023 22:07,01-12-2023 22:09,,SLA Violated,,SLA Violated,,,,Ready to use Software,Tier 1,Austria,47.6964719,13.3457347
Closed,3742,Medium,Email,Product setup,1st line support,Kristos Westoll,01-12-2023 08:23,03-12-2023 08:23,01-12-2023 09:23,09:50.9,Within SLA,56:45.4,Within SLA,45:18.7,1,3,Ready to use Software,Tier 1,Austria,47.6964719,13.3457347
In progress,3743,Medium,Chat,Product setup,2nd line support,Michele Whyatt,01-12-2023 22:43,02-12-2023 22:43,01-12-2023 22:45,48:41.5,SLA Violated,,SLA Violated,,6,,Ready to use Software,Tier 2,Poland,52.536273,19.050639
Closed,3744,High,Chat,Feature request,2nd line support,Adolpho Messingham,02-12-2023 03:13,03-12-2023 03:13,02-12-2023 03:15,14:10.2,Within SLA,38:15.6,Within SLA,34:01.3,7,5,Ready to use Software,Tier 2,Austria,47.6964719,13.3457347
Closed,3745,Low,Email,Feature request,1st line support,Nicola Wane,02-12-2023 03:47,04-12-2023 03:47,02-12-2023 04:47,56:47.4,Within SLA,00:06.1,SLA Violated,15:28.3,3,4,Ready to use Software,Tier 1,Spain,39.67337,-4.767726
Closed,3746,High,Email,Bug report,1st line support,Nicola Wane,02-12-2023 17:40,04-12-2023 17:40,02-12-2023 18:40,34:08.5,Within SLA,42:02.2,Within SLA,56:55.3,1,2,Custom software development,Tier 1,Republic of Ireland,53.094024,-8.019675
Closed,3752,Low,Email,Purchasing and invoicing,1st line support,Nicola Wane,02-12-2023 15:47,04-12-2023 15:47,02-12-2023 16:47,53:52.6,SLA Violated,31:13.4,Within SLA,36:21.5,5,4,Ready to use Software,Tier 1,Greece,39.368279,21.863141
Resolved,3753,Low,Chat,Pricing and licensing,2nd line support,Michele Whyatt,02-12-2023 01:33,03-12-2023 01:33,02-12-2023 01:35,34:00.3,Within SLA,36:02.8,SLA Violated,,2,,Ready to use Software,Tier 2,Bulgaria,42.7249925,25.4833039
In progress,3755,Medium,Chat,Product setup,1st line support,Sheela Cutten,03-12-2023 07:41,04-12-2023 07:41,03-12-2023 07:43,43:03.6,Within SLA,,SLA Violated,,2,,Custom software development,Tier 1,Italy,43.036776,12.678565
Closed,3756,Low,Email,Pricing and licensing,1st line support,Sheela Cutten,03-12-2023 23:02,05-12-2023 23:02,04-12-2023 00:02,42:01.2,Within SLA,52:26.0,Within SLA,43:26.2,1,4,Training and Consulting Services,Tier 1,Germany,51.165691,10.451526
Closed,3757,High,Chat,Pricing and licensing,1st line support,Sheela Cutten,03-12-2023 09:36,04-12-2023 09:36,03-12-2023 09:38,37:45.0,Within SLA,43:14.5,Within SLA,06:42.5,6,4,Ready to use Software,Tier 1,France,48.864716,2.349014
Closed,3758,Low,Chat,Training request,1st line support,Nicola Wane,03-12-2023 12:13,04-12-2023 12:13,03-12-2023 12:15,13:25.0,Within SLA,00:37.3,Within SLA,25:54.3,7,1,Training and Consulting Services,Tier 1,Czech Republic,49.8037633,15.4749126
Resolved,3759,Low,Chat,Feature request,1st line support,Nicola Wane,03-12-2023 16:40,04-12-2023 16:40,03-12-2023 16:42,41:16.5,Within SLA,04:43.9,SLA Violated,,6,,Ready to use Software,Tier 1,Italy,43.036776,12.678565
Closed,3760,Medium,Email,Pricing and licensing,1st line support,Nicola Wane,03-12-2023 08:41,05-12-2023 08:41,03-12-2023 09:41,51:53.7,Within SLA,34:02.5,SLA Violated,10:38.0,6,4,Custom software development,Tier 1,Italy,43.036776,12.678565
Closed,3762,Low,Chat,Product setup,1st line support,Connor Danielovitch,04-12-2023 03:02,05-12-2023 03:02,04-12-2023 03:04,03:24.1,Within SLA,07:50.0,Within SLA,42:26.6,8,5,Custom software development,Tier 1,Poland,52.536273,19.050639
Resolved,3763,High,Email,Product setup,1st line support,Nicola Wane,04-12-2023 14:53,06-12-2023 14:53,04-12-2023 15:53,11:04.8,Within SLA,14:21.9,Within SLA,,8,,Ready to use Software,Tier 1,Germany,51.165691,10.451526
Closed,3765,Low,Email,Feature request,1st line support,Connor Danielovitch,04-12-2023 04:44,06-12-2023 04:44,04-12-2023 05:44,58:41.6,Within SLA,40:56.6,Within SLA,56:51.6,1,3,Ready to use Software,Tier 1,Poland,52.536273,19.050639
Closed,3766,Low,Email,Pricing and licensing,1st line support,Bernard Beckley,04-12-2023 17:21,06-12-2023 17:21,04-12-2023 18:21,05:55.2,Within SLA,58:37.8,Within SLA,57:35.0,2,5,Custom software development,Tier 1,Republic of Ireland,53.094024,-8.019675
Closed,3767,High,Chat,Pricing and licensing,1st line support,Nicola Wane,04-12-2023 20:25,05-12-2023 20:25,04-12-2023 20:27,30:28.0,SLA Violated,47:38.8,Within SLA,44:35.0,5,1,Training and Consulting Services,Tier 1,Austria,47.6964719,13.3457347
Closed,3770,Medium,Email,Purchasing and invoicing,1st line support,Kristos Westoll,04-12-2023 18:47,06-12-2023 18:47,04-12-2023 19:47,45:57.5,Within SLA,46:44.6,SLA Violated,51:55.0,3,4,Other,Tier 1,France,48.864716,2.349014
In progress,3771,Low,Chat,Other,1st line support,Kristos Westoll,04-12-2023 04:19,05-12-2023 04:19,04-12-2023 04:21,19:40.7,Within SLA,,SLA Violated,,5,,Ready to use Software,Tier 1,France,48.864716,2.349014
Closed,3772,Low,Email,Pricing and licensing,1st line support,Connor Danielovitch,04-12-2023 07:48,06-12-2023 07:48,04-12-2023 08:48,14:18.1,Within SLA,30:05.7,Within SLA,47:49.5,1,5,Custom software development,Tier 1,United Kingdom,55.378052,-3.435973
Closed,3773,Low,Email,Bug report,1st line support,Nicola Wane,05-12-2023 09:29,07-12-2023 09:29,05-12-2023 10:29,35:07.7,Within SLA,39:56.7,Within SLA,37:05.0,4,1,Ready to use Software,Tier 1,Greece,39.368279,21.863141
Closed,3774,High,Chat,Product setup,1st line support,Connor Danielovitch,05-12-2023 20:35,06-12-2023 20:35,05-12-2023 20:37,40:18.6,SLA Violated,08:18.7,Within SLA,52:35.1,8,5,Custom software development,Tier 1,Bulgaria,42.7249925,25.4833039
Closed,3775,Medium,Chat,Product setup,2nd line support,Adolpho Messingham,05-12-2023 17:34,06-12-2023 17:34,05-12-2023 17:36,34:58.1,Within SLA,53:35.6,Within SLA,33:35.9,6,5,Ready to use Software,Tier 2,Italy,43.036776,12.678565
Resolved,3776,Low,Chat,Product setup,1st line support,Nicola Wane,05-12-2023 02:07,06-12-2023 02:07,05-12-2023 02:09,08:41.4,Within SLA,19:39.2,SLA Violated,,7,,Custom software development,Tier 1,United Kingdom,55.378052,-3.435973
Closed,3777,Medium,Email,Bug report,1st line support,Connor Danielovitch,05-12-2023 16:10,07-12-2023 16:10,05-12-2023 17:10,28:49.0,Within SLA,40:59.3,Within SLA,38:52.0,1,5,Ready to use Software,Tier 1,Poland,52.536273,19.050639
Closed,3778,Low,Chat,Bug report,1st line support,Nicola Wane,05-12-2023 17:19,06-12-2023 17:19,05-12-2023 17:21,19:47.5,Within SLA,59:58.3,Within SLA,49:01.3,2,5,Training and Consulting Services,Tier 1,Slovenia,46.1491664,14.9860106
Closed,3779,Medium,Email,Product setup,1st line support,Connor Danielovitch,05-12-2023 03:25,07-12-2023 03:25,05-12-2023 04:25,38:24.2,Within SLA,25:30.4,Within SLA,42:39.2,6,5,Other,Tier 1,Italy,43.036776,12.678565
Closed,3780,Low,Chat,Feature request,1st line support,Bernard Beckley,05-12-2023 16:52,06-12-2023 16:52,05-12-2023 16:54,56:10.7,SLA Violated,05:15.7,SLA Violated,33:55.6,6,4,Ready to use Software,Tier 1,Germany,51.165691,10.451526
In progress,3781,Low,Email,Product setup,1st line support,Kristos Westoll,05-12-2023 09:49,07-12-2023 09:49,05-12-2023 10:49,21:40.1,Within SLA,,SLA Violated,,1,,Other,Tier 1,Italy,43.036776,12.678565
Closed,3782,Medium,Email,Pricing and licensing,2nd line support,Michele Whyatt,06-12-2023 07:16,08-12-2023 07:16,06-12-2023 08:16,13:10.9,Within SLA,29:43.6,Within SLA,38:42.8,2,2,Custom software development,Tier 2,Czech Republic,49.8037633,15.4749126
Closed,3783,Low,Chat,Purchasing and invoicing,1st line support,Kristos Westoll,06-12-2023 00:28,07-12-2023 00:28,06-12-2023 00:30,29:15.3,Within SLA,55:04.2,Within SLA,25:40.1,6,5,Custom software development,Tier 1,Italy,43.036776,12.678565
Closed,3784,Low,Chat,Pricing and licensing,1st line support,Sheela Cutten,06-12-2023 21:29,07-12-2023 21:29,06-12-2023 21:31,29:34.2,Within SLA,04:44.7,SLA Violated,10:35.7,6,4,Training and Consulting Services,Tier 1,Germany,51.165691,10.451526
Closed,3785,Low,Email,Product setup,1st line support,Sheela Cutten,06-12-2023 13:58,08-12-2023 13:58,06-12-2023 14:58,24:00.2,Within SLA,26:38.9,SLA Violated,41:20.4,1,3,Ready to use Software,Tier 1,Germany,51.165691,10.451526
Resolved,3786,Medium,Email,Bug report,1st line support,Sheela Cutten,06-12-2023 09:54,08-12-2023 09:54,06-12-2023 10:54,51:23.1,Within SLA,10:11.2,Within SLA,,8,,Ready to use Software,Tier 1,Poland,52.536273,19.050639
Open,3787,Medium,Email,Purchasing and invoicing,1st line support,Nicola Wane,06-12-2023 03:52,08-12-2023 03:52,06-12-2023 04:52,,SLA Violated,,SLA Violated,,,,Custom software development,Tier 1,Poland,52.536273,19.050639
Closed,3788,Medium,Email,Product setup,1st line support,Sheela Cutten,06-12-2023 17:56,08-12-2023 17:56,06-12-2023 18:56,32:59.2,Within SLA,24:48.0,Within SLA,35:49.2,1,4,Custom software development,Tier 1,Poland,52.536273,19.050639
Resolved,3789,Low,Chat,Feature request,1st line support,Connor Danielovitch,07-12-2023 18:49,08-12-2023 18:49,07-12-2023 18:51,50:56.4,Within SLA,22:44.7,Within SLA,,2,,Ready to use Software,Tier 1,United Kingdom,55.378052,-3.435973
Closed,3790,Medium,Chat,Feature request,1st line support,Connor Danielovitch,07-12-2023 22:00,08-12-2023 22:00,07-12-2023 22:02,02:03.0,Within SLA,19:39.7,SLA Violated,17:24.5,6,3,Other,Tier 1,Bulgaria,42.7249925,25.4833039
In progress,3791,High,Email,Pricing and licensing,1st line support,Sheela Cutten,07-12-2023 02:56,09-12-2023 02:56,07-12-2023 03:56,43:39.6,Within SLA,,SLA Violated,,1,,Ready to use Software,Tier 1,Austria,47.6964719,13.3457347
Closed,3792,Medium,Email,Bug report,1st line support,Bernard Beckley,07-12-2023 03:27,09-12-2023 03:27,07-12-2023 04:27,11:17.4,Within SLA,57:33.1,Within SLA,28:07.6,2,4,Training and Consulting Services,Tier 1,United Kingdom,55.378052,-3.435973
Open,3793,Low,Chat,Product setup,1st line support,Sheela Cutten,07-12-2023 20:45,08-12-2023 20:45,07-12-2023 20:47,,SLA Violated,,SLA Violated,,,,Other,Tier 1,Bulgaria,42.7249925,25.4833039
Resolved,3794,Low,Email,Pricing and licensing,1st line support,Nicola Wane,07-12-2023 01:47,09-12-2023 01:47,07-12-2023 02:47,53:33.9,SLA Violated,04:48.0,SLA Violated,,2,,Training and Consulting Services,Tier 1,Greece,39.368279,21.863141
Closed,3795,Medium,Chat,Pricing and licensing,1st line support,Bernard Beckley,07-12-2023 22:35,08-12-2023 22:35,07-12-2023 22:37,36:38.7,Within SLA,04:53.7,Within SLA,34:20.3,2,2,Other,Tier 1,France,48.864716,2.349014
Closed,3797,Low,Email,Pricing and licensing,1st line support,Connor Danielovitch,07-12-2023 01:02,09-12-2023 01:02,07-12-2023 02:02,38:44.6,Within SLA,03:03.7,Within SLA,41:37.4,6,5,Other,Tier 1,Poland,52.536273,19.050639
Closed,3798,Low,Email,Purchasing and invoicing,1st line support,Nicola Wane,08-12-2023 19:29,10-12-2023 19:29,08-12-2023 20:29,24:21.1,Within SLA,58:51.2,Within SLA,43:58.5,3,4,Other,Tier 1,Italy,43.036776,12.678565
Resolved,3799,Medium,Chat,Purchasing and invoicing,1st line support,Bernard Beckley,08-12-2023 22:29,09-12-2023 22:29,08-12-2023 22:31,29:56.9,Within SLA,47:34.4,SLA Violated,,5,,Ready to use Software,Tier 1,Italy,43.036776,12.678565
Closed,3801,Medium,Email,Pricing and licensing,2nd line support,Adolpho Messingham,08-12-2023 21:05,10-12-2023 21:05,08-12-2023 22:05,51:50.3,Within SLA,13:06.6,Within SLA,38:57.6,1,5,Ready to use Software,Tier 2,Spain,39.67337,-4.767726
Closed,3802,Low,Chat,Product setup,1st line support,Kristos Westoll,08-12-2023 15:21,09-12-2023 15:21,08-12-2023 15:23,23:01.1,Within SLA,56:30.5,Within SLA,13:08.6,2,1,Custom software development,Tier 1,United Kingdom,55.378052,-3.435973
Closed,3803,Low,Email,Pricing and licensing,2nd line support,Michele Whyatt,08-12-2023 11:28,10-12-2023 11:28,08-12-2023 12:28,19:11.2,Within SLA,19:22.0,Within SLA,23:29.1,3,4,Ready to use Software,Tier 2,Czech Republic,49.8037633,15.4749126
Closed,3804,Low,Email,Pricing and licensing,1st line support,Bernard Beckley,08-12-2023 16:08,10-12-2023 16:08,08-12-2023 17:08,16:25.4,Within SLA,17:11.0,Within SLA,59:45.0,1,2,Custom software development,Tier 1,Republic of Ireland,53.094024,-8.019675
Closed,3805,Low,Email,Product setup,2nd line support,Michele Whyatt,08-12-2023 10:42,10-12-2023 10:42,08-12-2023 11:42,57:17.0,Within SLA,25:30.1,Within SLA,29:51.0,2,4,Ready to use Software,Tier 2,Poland,52.536273,19.050639
Closed,3806,Low,Phone,Product setup,2nd line support,Adolpho Messingham,08-12-2023 13:42,10-12-2023 13:42,08-12-2023 13:44,43:25.1,Within SLA,45:38.8,Within SLA,43:06.4,4,4,Ready to use Software,Tier 2,United Kingdom,55.378052,-3.435973
Closed,3812,Medium,Chat,Pricing and licensing,1st line support,Bernard Beckley,09-12-2023 18:12,10-12-2023 18:12,09-12-2023 18:14,13:32.3,Within SLA,56:24.5,Within SLA,49:25.1,8,4,Ready to use Software,Tier 1,Greece,39.368279,21.863141
Closed,3813,Medium,Email,Purchasing and invoicing,1st line support,Bernard Beckley,09-12-2023 02:41,11-12-2023 02:41,09-12-2023 03:41,11:00.5,Within SLA,44:36.6,SLA Violated,17:24.2,1,3,Training and Consulting Services,Tier 1,Germany,51.165691,10.451526
Closed,3814,Medium,Email,Training request,1st line support,Nicola Wane,09-12-2023 09:47,11-12-2023 09:47,09-12-2023 10:47,08:51.3,Within SLA,18:43.4,Within SLA,50:56.7,3,3,Training and Consulting Services,Tier 1,Germany,51.165691,10.451526
Closed,3815,Low,Chat,Other,2nd line support,Adolpho Messingham,09-12-2023 09:30,10-12-2023 09:30,09-12-2023 09:32,30:25.5,Within SLA,02:06.5,Within SLA,41:41.7,2,5,Training and Consulting Services,Tier 2,Poland,52.536273,19.050639
Resolved,3816,High,Phone,Other,1st line support,Connor Danielovitch,09-12-2023 20:53,11-12-2023 20:53,09-12-2023 20:55,54:15.4,Within SLA,25:51.0,Within SLA,,1,,Ready to use Software,Tier 1,Slovenia,46.1491664,14.9860106
Closed,3817,Low,Chat,Feature request,1st line support,Sheela Cutten,10-12-2023 00:08,11-12-2023 00:08,10-12-2023 00:10,08:33.5,Within SLA,41:20.5,Within SLA,39:52.7,2,4,Custom software development,Tier 1,United Kingdom,55.378052,-3.435973
Open,3818,Low,Chat,Pricing and licensing,1st line support,Sheela Cutten,10-12-2023 22:40,11-12-2023 22:40,10-12-2023 22:42,,SLA Violated,,SLA Violated,,,,Custom software development,Tier 1,Italy,43.036776,12.678565
Closed,3819,Low,Email,Training request,2nd line support,Heather Urry,10-12-2023 17:29,12-12-2023 17:29,10-12-2023 18:29,40:01.6,Within SLA,23:42.7,SLA Violated,06:02.8,6,5,Training and Consulting Services,Tier 2,Italy,43.036776,12.678565
Closed,3820,Medium,Email,Other,2nd line support,Adolpho Messingham,10-12-2023 20:12,12-12-2023 20:12,10-12-2023 21:12,25:40.0,SLA Violated,23:51.6,SLA Violated,00:43.8,3,5,Training and Consulting Services,Tier 2,Czech Republic,49.8037633,15.4749126
Closed,3821,Low,Chat,Feature request,2nd line support,Heather Urry,10-12-2023 19:12,11-12-2023 19:12,10-12-2023 19:14,13:32.7,Within SLA,36:37.6,SLA Violated,50:03.3,6,2,Custom software development,Tier 2,Greece,39.368279,21.863141
In progress,3822,Low,Email,Product setup,1st line support,Bernard Beckley,10-12-2023 15:47,12-12-2023 15:47,10-12-2023 16:47,27:45.7,Within SLA,,SLA Violated,,3,,Ready to use Software,Tier 1,Poland,52.536273,19.050639
Closed,3828,Low,Email,Product setup,2nd line support,Adolpho Messingham,11-12-2023 06:10,13-12-2023 06:10,11-12-2023 07:10,10:26.5,Within SLA,12:16.2,SLA Violated,42:19.4,2,5,Ready to use Software,Tier 2,Czech Republic,49.8037633,15.4749126
In progress,3829,Low,Email,Product setup,1st line support,Connor Danielovitch,11-12-2023 22:06,13-12-2023 22:06,11-12-2023 23:06,08:25.9,Within SLA,,SLA Violated,,8,,Other,Tier 1,United Kingdom,55.378052,-3.435973
Open,3830,Low,Email,Feature request,1st line support,Kristos Westoll,11-12-2023 01:00,13-12-2023 01:00,11-12-2023 02:00,,SLA Violated,,SLA Violated,,,,Custom software development,Tier 1,Republic of Ireland,53.094024,-8.019675
Resolved,3831,Low,Chat,Purchasing and invoicing,1st line support,Connor Danielovitch,11-12-2023 07:52,12-12-2023 07:52,11-12-2023 07:54,53:53.3,Within SLA,46:32.7,Within SLA,,6,,Custom software development,Tier 1,Spain,39.67337,-4.767726
Closed,3832,Medium,Phone,Product setup,1st line support,Sheela Cutten,11-12-2023 01:16,13-12-2023 01:16,11-12-2023 01:18,17:13.5,Within SLA,26:14.2,Within SLA,50:50.0,4,2,Custom software development,Tier 1,Germany,51.165691,10.451526
Closed,3833,High,Email,Feature request,2nd line support,Adolpho Messingham,11-12-2023 19:50,13-12-2023 19:50,11-12-2023 20:50,43:50.7,Within SLA,39:03.4,Within SLA,36:40.6,5,4,Custom software development,Tier 2,Slovenia,46.1491664,14.9860106
Closed,3834,Medium,Email,Feature request,1st line support,Bernard Beckley,11-12-2023 04:32,13-12-2023 04:32,11-12-2023 05:32,25:08.9,Within SLA,24:37.7,Within SLA,09:36.9,5,2,Ready to use Software,Tier 1,United Kingdom,55.378052,-3.435973
In progress,3835,Low,Chat,Other,1st line support,Connor Danielovitch,11-12-2023 14:58,12-12-2023 14:58,11-12-2023 15:00,58:52.6,Within SLA,,SLA Violated,,4,,Other,Tier 1,Germany,51.165691,10.451526
Closed,3837,Low,Email,Pricing and licensing,1st line support,Bernard Beckley,12-12-2023 06:24,14-12-2023 06:24,12-12-2023 07:24,09:44.0,Within SLA,39:15.6,Within SLA,37:15.0,3,3,Training and Consulting Services,Tier 1,France,48.864716,2.349014
Resolved,3838,Medium,Chat,Feature request,2nd line support,Michele Whyatt,12-12-2023 15:38,13-12-2023 15:38,12-12-2023 15:40,39:25.2,Within SLA,10:48.2,SLA Violated,,7,,Ready to use Software,Tier 2,Greece,39.368279,21.863141
Resolved,3839,Low,Email,Bug report,1st line support,Sheela Cutten,12-12-2023 08:40,14-12-2023 08:40,12-12-2023 09:40,42:47.9,Within SLA,40:15.2,Within SLA,,10,,Ready to use Software,Tier 1,Slovenia,46.1491664,14.9860106
Closed,3840,Medium,Chat,Product setup,1st line support,Bernard Beckley,12-12-2023 18:31,13-12-2023 18:31,12-12-2023 18:33,32:39.9,Within SLA,55:43.4,Within SLA,18:05.4,4,5,Ready to use Software,Tier 1,France,48.864716,2.349014
Closed,3841,Low,Email,Product setup,1st line support,Kristos Westoll,12-12-2023 06:13,14-12-2023 06:13,12-12-2023 07:13,27:55.4,Within SLA,53:33.1,Within SLA,00:06.3,8,4,Ready to use Software,Tier 1,Austria,47.6964719,13.3457347
Resolved,3842,Low,Chat,Product setup,1st line support,Bernard Beckley,12-12-2023 00:10,13-12-2023 00:10,12-12-2023 00:12,10:36.2,Within SLA,23:25.9,Within SLA,,9,,Custom software development,Tier 1,Republic of Ireland,53.094024,-8.019675
Closed,3843,Medium,Email,Purchasing and invoicing,2nd line support,Adolpho Messingham,13-12-2023 08:49,15-12-2023 08:49,13-12-2023 09:49,04:25.1,Within SLA,56:24.7,SLA Violated,28:04.5,2,4,Custom software development,Tier 2,Germany,51.165691,10.451526
Closed,3844,High,Email,Product setup,1st line support,Kristos Westoll,13-12-2023 19:06,15-12-2023 19:06,13-12-2023 20:06,53:41.4,Within SLA,17:54.7,Within SLA,01:35.1,6,2,Ready to use Software,Tier 1,Germany,51.165691,10.451526
Closed,3845,Medium,Email,Feature request,1st line support,Sheela Cutten,13-12-2023 18:00,15-12-2023 18:00,13-12-2023 19:00,23:57.4,Within SLA,10:25.5,Within SLA,52:05.0,1,5,Ready to use Software,Tier 1,Italy,43.036776,12.678565
In progress,3846,High,Email,Purchasing and invoicing,1st line support,Connor Danielovitch,13-12-2023 05:24,15-12-2023 05:24,13-12-2023 06:24,38:47.0,Within SLA,,SLA Violated,,1,,Custom software development,Tier 1,Italy,43.036776,12.678565
Resolved,3847,Medium,Email,Pricing and licensing,2nd line support,Michele Whyatt,13-12-2023 10:53,15-12-2023 10:53,13-12-2023 11:53,18:27.7,Within SLA,20:26.5,Within SLA,,1,,Training and Consulting Services,Tier 2,Slovenia,46.1491664,14.9860106
Closed,3849,Medium,Email,Feature request,2nd line support,Michele Whyatt,13-12-2023 21:04,15-12-2023 21:04,13-12-2023 22:04,58:41.8,Within SLA,43:15.7,Within SLA,02:15.7,3,3,Custom software development,Tier 2,Germany,51.165691,10.451526
Closed,3850,Low,Chat,Pricing and licensing,1st line support,Sheela Cutten,13-12-2023 05:54,14-12-2023 05:54,13-12-2023 05:56,54:31.9,Within SLA,05:22.3,Within SLA,25:58.5,60,4,Ready to use Software,Tier 1,Poland,52.536273,19.050639
Resolved,3851,Medium,Email,Other,1st line support,Sheela Cutten,13-12-2023 09:15,15-12-2023 09:15,13-12-2023 10:15,39:50.8,Within SLA,38:26.8,Within SLA,,5,,Custom software development,Tier 1,Czech Republic,49.8037633,15.4749126
Resolved,3852,Medium,Email,Product setup,1st line support,Bernard Beckley,14-12-2023 17:49,16-12-2023 17:49,14-12-2023 18:49,26:45.3,Within SLA,58:23.3,Within SLA,,8,,Training and Consulting Services,Tier 1,United Kingdom,55.378052,-3.435973
Closed,3854,Low,Email,Product setup,1st line support,Nicola Wane,14-12-2023 04:06,16-12-2023 04:06,14-12-2023 05:06,00:34.5,Within SLA,44:29.3,SLA Violated,39:29.5,3,1,Other,Tier 1,Spain,39.67337,-4.767726
Closed,3855,Low,Chat,Feature request,1st line support,Connor Danielovitch,14-12-2023 17:09,15-12-2023 17:09,14-12-2023 17:11,09:45.6,Within SLA,23:28.7,SLA Violated,57:30.1,8,3,Ready to use Software,Tier 1,Spain,39.67337,-4.767726
Closed,3856,Medium,Email,Product setup,2nd line support,Heather Urry,14-12-2023 15:45,16-12-2023 15:45,14-12-2023 16:45,55:25.0,Within SLA,49:45.3,Within SLA,32:48.4,2,4,Ready to use Software,Tier 2,France,48.864716,2.349014
Resolved,3857,Medium,Chat,Bug report,2nd line support,Adolpho Messingham,14-12-2023 15:07,15-12-2023 15:07,14-12-2023 15:09,08:40.9,Within SLA,03:40.9,Within SLA,,6,,Other,Tier 2,Slovenia,46.1491664,14.9860106
Closed,3858,Medium,Chat,Other,1st line support,Connor Danielovitch,14-12-2023 17:23,15-12-2023 17:23,14-12-2023 17:25,26:55.2,SLA Violated,49:46.6,SLA Violated,25:06.3,8,5,Ready to use Software,Tier 1,Austria,47.6964719,13.3457347
Closed,3860,Low,Email,Pricing and licensing,1st line support,Bernard Beckley,15-12-2023 20:30,17-12-2023 20:30,15-12-2023 21:30,07:09.5,Within SLA,37:55.5,Within SLA,44:56.4,3,5,Other,Tier 1,France,48.864716,2.349014
Open,3862,Low,Email,Product setup,2nd line support,Adolpho Messingham,15-12-2023 10:06,17-12-2023 10:06,15-12-2023 11:06,,SLA Violated,,SLA Violated,,,,Ready to use Software,Tier 2,Slovenia,46.1491664,14.9860106
In progress,3863,Low,Email,Product setup,1st line support,Bernard Beckley,15-12-2023 13:19,17-12-2023 13:19,15-12-2023 14:19,46:29.8,Within SLA,,SLA Violated,,4,,Ready to use Software,Tier 1,Republic of Ireland,53.094024,-8.019675
Open,3870,Low,Email,Feature request,2nd line support,Adolpho Messingham,16-12-2023 06:13,18-12-2023 06:13,16-12-2023 07:13,,SLA Violated,,SLA Violated,,,,Custom software development,Tier 2,Austria,47.6964719,13.3457347
Closed,3871,Low,Chat,Product setup,1st line support,Kristos Westoll,16-12-2023 20:08,17-12-2023 20:08,16-12-2023 20:10,12:07.1,SLA Violated,36:10.7,Within SLA,44:27.3,60,3,Custom software development,Tier 1,Germany,51.165691,10.451526
Closed,3872,High,Chat,Other,1st line support,Bernard Beckley,17-12-2023 21:01,18-12-2023 21:01,17-12-2023 21:03,02:49.3,Within SLA,28:34.1,Within SLA,32:12.0,6,1,Custom software development,Tier 1,United Kingdom,55.378052,-3.435973
Closed,3873,Low,Email,Purchasing and invoicing,2nd line support,Michele Whyatt,17-12-2023 08:24,19-12-2023 08:24,17-12-2023 09:24,58:14.5,Within SLA,16:44.8,Within SLA,17:45.5,6,4,Training and Consulting Services,Tier 2,Slovenia,46.1491664,14.9860106
In progress,3874,Low,Chat,Pricing and licensing,1st line support,Kristos Westoll,17-12-2023 03:40,18-12-2023 03:40,17-12-2023 03:42,41:02.8,Within SLA,,SLA Violated,,5,,Other,Tier 1,Czech Republic,49.8037633,15.4749126
Closed,3880,Low,Chat,Other,1st line support,Connor Danielovitch,17-12-2023 10:12,18-12-2023 10:12,17-12-2023 10:14,12:38.9,Within SLA,45:36.4,SLA Violated,49:37.2,8,3,Ready to use Software,Tier 1,Republic of Ireland,53.094024,-8.019675
Closed,3881,High,Chat,Feature request,1st line support,Bernard Beckley,17-12-2023 03:01,18-12-2023 03:01,17-12-2023 03:03,03:17.2,Within SLA,59:42.7,Within SLA,11:52.0,60,5,Custom software development,Tier 1,Germany,51.165691,10.451526
In progress,3882,Low,Phone,Feature request,1st line support,Connor Danielovitch,17-12-2023 01:45,19-12-2023 01:45,17-12-2023 01:47,48:00.2,SLA Violated,,SLA Violated,,4,,Custom software development,Tier 1,Austria,47.6964719,13.3457347
Resolved,3883,Medium,Email,Product setup,1st line support,Kristos Westoll,17-12-2023 22:44,19-12-2023 22:44,17-12-2023 23:44,03:10.6,Within SLA,57:10.8,SLA Violated,,3,,Ready to use Software,Tier 1,France,48.864716,2.349014
Closed,3884,Low,Phone,Purchasing and invoicing,1st line support,Nicola Wane,18-12-2023 23:41,20-12-2023 23:41,18-12-2023 23:43,42:35.8,Within SLA,37:51.9,Within SLA,50:07.1,1,4,Ready to use Software,Tier 1,Czech Republic,49.8037633,15.4749126
In progress,3885,Medium,Email,Product setup,1st line support,Sheela Cutten,18-12-2023 08:45,20-12-2023 08:45,18-12-2023 09:45,02:39.7,Within SLA,,SLA Violated,,2,,Training and Consulting Services,Tier 1,Germany,51.165691,10.451526
In progress,3886,Low,Phone,Pricing and licensing,1st line support,Connor Danielovitch,18-12-2023 06:00,20-12-2023 06:00,18-12-2023 06:02,01:39.0,Within SLA,,SLA Violated,,6,,Custom software development,Tier 1,Republic of Ireland,53.094024,-8.019675
Closed,3887,Medium,Email,Bug report,1st line support,Kristos Westoll,18-12-2023 23:25,20-12-2023 23:25,19-12-2023 00:25,20:42.0,Within SLA,42:14.1,Within SLA,33:03.1,1,4,Custom software development,Tier 1,Germany,51.165691,10.451526
Resolved,3888,Medium,Phone,Pricing and licensing,1st line support,Kristos Westoll,18-12-2023 17:02,20-12-2023 17:02,18-12-2023 17:04,03:07.6,Within SLA,06:03.3,Within SLA,,4,,Training and Consulting Services,Tier 1,Poland,52.536273,19.050639
Closed,3889,Medium,Chat,Product setup,1st line support,Sheela Cutten,18-12-2023 17:25,19-12-2023 17:25,18-12-2023 17:27,27:44.0,Within SLA,04:41.3,Within SLA,08:28.9,5,4,Training and Consulting Services,Tier 1,United Kingdom,55.378052,-3.435973
Closed,3890,Low,Chat,Product setup,2nd line support,Michele Whyatt,18-12-2023 08:25,19-12-2023 08:25,18-12-2023 08:27,26:17.9,Within SLA,19:28.0,Within SLA,19:15.6,6,3,Training and Consulting Services,Tier 2,Slovenia,46.1491664,14.9860106
Resolved,3891,Low,Email,Bug report,1st line support,Kristos Westoll,18-12-2023 10:20,20-12-2023 10:20,18-12-2023 11:20,22:07.3,Within SLA,32:31.2,SLA Violated,,2,,Custom software development,Tier 1,Italy,43.036776,12.678565
In progress,3892,Medium,Email,Product setup,2nd line support,Adolpho Messingham,18-12-2023 13:29,20-12-2023 13:29,18-12-2023 14:29,52:40.0,Within SLA,,SLA Violated,,3,,Ready to use Software,Tier 2,Poland,52.536273,19.050639
Closed,3893,Medium,Chat,Product setup,1st line support,Kristos Westoll,19-12-2023 11:34,20-12-2023 11:34,19-12-2023 11:36,35:12.8,Within SLA,48:25.7,SLA Violated,39:30.3,5,4,Ready to use Software,Tier 1,Slovenia,46.1491664,14.9860106
Resolved,3895,Medium,Chat,Product setup,2nd line support,Heather Urry,19-12-2023 05:55,20-12-2023 05:55,19-12-2023 05:57,55:25.8,Within SLA,29:42.8,Within SLA,,6,,Custom software development,Tier 2,France,48.864716,2.349014
Resolved,3898,Low,Chat,Pricing and licensing,2nd line support,Adolpho Messingham,19-12-2023 05:13,20-12-2023 05:13,19-12-2023 05:15,14:15.6,Within SLA,41:42.2,SLA Violated,,5,,Training and Consulting Services,Tier 2,Italy,43.036776,12.678565
Closed,3900,Low,Chat,Product setup,1st line support,Connor Danielovitch,19-12-2023 00:47,20-12-2023 00:47,19-12-2023 00:49,48:51.0,Within SLA,02:36.9,Within SLA,14:46.6,5,3,Custom software development,Tier 1,France,48.864716,2.349014
Resolved,3901,Low,Email,Purchasing and invoicing,1st line support,Kristos Westoll,19-12-2023 19:57,21-12-2023 19:57,19-12-2023 20:57,34:36.6,Within SLA,22:33.9,Within SLA,,2,,Ready to use Software,Tier 1,Republic of Ireland,53.094024,-8.019675
Closed,3902,Medium,Email,Product setup,2nd line support,Michele Whyatt,19-12-2023 23:05,21-12-2023 23:05,20-12-2023 00:05,35:07.9,Within SLA,42:00.1,Within SLA,51:40.6,9,4,Custom software development,Tier 2,Italy,43.036776,12.678565
Open,3903,High,Email,Other,1st line support,Connor Danielovitch,19-12-2023 08:47,21-12-2023 08:47,19-12-2023 09:47,,SLA Violated,,SLA Violated,,,,Ready to use Software,Tier 1,United Kingdom,55.378052,-3.435973
Resolved,3904,Low,Email,Product setup,1st line support,Bernard Beckley,19-12-2023 05:32,21-12-2023 05:32,19-12-2023 06:32,44:21.9,Within SLA,46:46.0,Within SLA,,6,,Other,Tier 1,Poland,52.536273,19.050639
Resolved,3905,Low,Email,Training request,2nd line support,Heather Urry,20-12-2023 03:14,22-12-2023 03:14,20-12-2023 04:14,03:37.2,SLA Violated,19:12.1,Within SLA,,7,,Training and Consulting Services,Tier 2,Poland,52.536273,19.050639
Closed,3906,Low,Chat,Pricing and licensing,2nd line support,Heather Urry,20-12-2023 06:19,21-12-2023 06:19,20-12-2023 06:21,22:35.4,SLA Violated,17:18.5,Within SLA,31:47.8,2,5,Ready to use Software,Tier 2,Italy,43.036776,12.678565
Open,3907,Low,Email,Other,1st line support,Nicola Wane,20-12-2023 22:08,22-12-2023 22:08,20-12-2023 23:08,,SLA Violated,,SLA Violated,,,,Ready to use Software,Tier 1,Italy,43.036776,12.678565
Resolved,3908,High,Email,Pricing and licensing,1st line support,Kristos Westoll,20-12-2023 18:03,22-12-2023 18:03,20-12-2023 19:03,44:07.0,Within SLA,43:57.2,Within SLA,,10,,Training and Consulting Services,Tier 1,Poland,52.536273,19.050639
Resolved,3909,Low,Chat,Pricing and licensing,1st line support,Kristos Westoll,20-12-2023 02:51,21-12-2023 02:51,20-12-2023 02:53,52:57.2,Within SLA,54:03.2,SLA Violated,,5,,Ready to use Software,Tier 1,Republic of Ireland,53.094024,-8.019675
Closed,3910,Low,Chat,Pricing and licensing,1st line support,Bernard Beckley,20-12-2023 23:24,21-12-2023 23:24,20-12-2023 23:26,29:54.4,SLA Violated,22:06.8,SLA Violated,13:16.9,6,1,Other,Tier 1,Slovenia,46.1491664,14.9860106
In progress,3911,Low,Chat,Feature request,1st line support,Nicola Wane,20-12-2023 12:04,21-12-2023 12:04,20-12-2023 12:06,04:41.6,Within SLA,,SLA Violated,,2,,Ready to use Software,Tier 1,Greece,39.368279,21.863141
Resolved,3912,Low,Phone,Pricing and licensing,1st line support,Kristos Westoll,20-12-2023 19:52,22-12-2023 19:52,20-12-2023 19:54,52:56.2,Within SLA,53:08.0,Within SLA,,5,,Training and Consulting Services,Tier 1,Poland,52.536273,19.050639
Closed,3913,High,Chat,Product setup,2nd line support,Heather Urry,21-12-2023 15:58,22-12-2023 15:58,21-12-2023 16:00,59:37.2,Within SLA,41:46.0,Within SLA,18:38.9,6,3,Custom software development,Tier 2,Germany,51.165691,10.451526
Open,3914,Medium,Email,Product setup,1st line support,Nicola Wane,21-12-2023 20:19,23-12-2023 20:19,21-12-2023 21:19,,SLA Violated,,SLA Violated,,,,Training and Consulting Services,Tier 1,Czech Republic,49.8037633,15.4749126
Closed,3915,High,Email,Bug report,1st line support,Sheela Cutten,21-12-2023 20:46,23-12-2023 20:46,21-12-2023 21:46,34:51.0,Within SLA,38:40.7,Within SLA,44:18.2,2,4,Ready to use Software,Tier 1,Italy,43.036776,12.678565
Closed,3916,Medium,Email,Other,1st line support,Sheela Cutten,21-12-2023 09:23,23-12-2023 09:23,21-12-2023 10:23,52:33.7,Within SLA,00:50.7,SLA Violated,14:35.0,1,3,Training and Consulting Services,Tier 1,Germany,51.165691,10.451526
Resolved,3917,Medium,Chat,Purchasing and invoicing,1st line support,Bernard Beckley,21-12-2023 18:53,22-12-2023 18:53,21-12-2023 18:55,53:53.5,Within SLA,13:13.2,Within SLA,,2,,Other,Tier 1,United Kingdom,55.378052,-3.435973
Closed,3918,Low,Chat,Product setup,2nd line support,Adolpho Messingham,22-12-2023 08:37,23-12-2023 08:37,22-12-2023 08:39,38:31.0,Within SLA,11:58.4,Within SLA,17:04.2,2,3,Ready to use Software,Tier 2,Slovenia,46.1491664,14.9860106
Closed,3919,Low,Chat,Feature request,1st line support,Bernard Beckley,22-12-2023 04:43,23-12-2023 04:43,22-12-2023 04:45,43:27.3,Within SLA,26:47.8,SLA Violated,22:05.3,5,5,Custom software development,Tier 1,Slovenia,46.1491664,14.9860106
Resolved,3920,Medium,Phone,Product setup,1st line support,Kristos Westoll,22-12-2023 15:36,24-12-2023 15:36,22-12-2023 15:38,37:12.1,Within SLA,31:56.1,Within SLA,,7,,Ready to use Software,Tier 1,Bulgaria,42.7249925,25.4833039
Resolved,3921,High,Email,Bug report,2nd line support,Heather Urry,22-12-2023 02:52,24-12-2023 02:52,22-12-2023 03:52,02:50.8,Within SLA,27:10.7,Within SLA,,2,,Ready to use Software,Tier 2,Italy,43.036776,12.678565
Closed,3922,Low,Chat,Feature request,1st line support,Bernard Beckley,22-12-2023 13:17,23-12-2023 13:17,22-12-2023 13:19,17:38.9,Within SLA,58:08.1,SLA Violated,25:45.5,5,3,Ready to use Software,Tier 1,Germany,51.165691,10.451526
Resolved,3923,Low,Chat,Product setup,1st line support,Sheela Cutten,22-12-2023 13:30,23-12-2023 13:30,22-12-2023 13:32,31:20.1,Within SLA,42:52.2,SLA Violated,,8,,Ready to use Software,Tier 1,Czech Republic,49.8037633,15.4749126
Closed,3924,Medium,Email,Feature request,1st line support,Connor Danielovitch,22-12-2023 17:12,24-12-2023 17:12,22-12-2023 18:12,51:35.2,Within SLA,17:19.2,Within SLA,18:55.8,3,5,Ready to use Software,Tier 1,France,48.864716,2.349014
Closed,3925,Low,Email,Product setup,1st line support,Sheela Cutten,22-12-2023 22:04,24-12-2023 22:04,22-12-2023 23:04,40:04.5,Within SLA,40:28.9,Within SLA,21:46.3,3,4,Ready to use Software,Tier 1,Germany,51.165691,10.451526
Closed,3926,Low,Email,Product setup,1st line support,Bernard Beckley,22-12-2023 07:38,24-12-2023 07:38,22-12-2023 08:38,27:20.8,Within SLA,42:15.2,Within SLA,25:59.3,1,5,Other,Tier 1,Bulgaria,42.7249925,25.4833039
Closed,3927,Low,Email,Purchasing and invoicing,1st line support,Bernard Beckley,22-12-2023 11:16,24-12-2023 11:16,22-12-2023 12:16,50:50.8,Within SLA,27:36.2,Within SLA,45:39.7,6,4,Ready to use Software,Tier 1,Germany,51.165691,10.451526
Resolved,3928,Medium,Email,Feature request,1st line support,Connor Danielovitch,23-12-2023 09:16,25-12-2023 09:16,23-12-2023 10:16,20:59.6,Within SLA,55:13.6,Within SLA,,3,,Other,Tier 1,Czech Republic,49.8037633,15.4749126
Closed,3929,Medium,Chat,Purchasing and invoicing,1st line support,Kristos Westoll,23-12-2023 00:25,24-12-2023 00:25,23-12-2023 00:27,25:45.5,Within SLA,42:40.1,Within SLA,10:52.7,6,4,Ready to use Software,Tier 1,United Kingdom,55.378052,-3.435973
Closed,3930,High,Chat,Feature request,2nd line support,Michele Whyatt,23-12-2023 04:29,24-12-2023 04:29,23-12-2023 04:31,30:53.0,Within SLA,21:42.2,SLA Violated,55:26.1,4,2,Other,Tier 2,Republic of Ireland,53.094024,-8.019675
Resolved,3965,Medium,Chat,Pricing and licensing,1st line support,Connor Danielovitch,27-12-2023 15:48,28-12-2023 15:48,27-12-2023 15:50,49:37.0,Within SLA,27:59.8,Within SLA,,8,,Ready to use Software,Tier 1,Republic of Ireland,53.094024,-8.019675
Resolved,3966,High,Email,Bug report,1st line support,Nicola Wane,27-12-2023 11:10,29-12-2023 11:10,27-12-2023 12:10,08:54.6,Within SLA,19:05.9,SLA Violated,,7,,Custom software development,Tier 1,Germany,51.165691,10.451526
Resolved,3967,Low,Email,Product setup,2nd line support,Adolpho Messingham,27-12-2023 20:16,29-12-2023 20:16,27-12-2023 21:16,02:43.9,Within SLA,38:03.9,Within SLA,,6,,Custom software development,Tier 2,United Kingdom,55.378052,-3.435973
Closed,3968,Low,Email,Product setup,1st line support,Kristos Westoll,27-12-2023 04:33,29-12-2023 04:33,27-12-2023 05:33,43:33.3,Within SLA,04:43.8,Within SLA,27:50.0,9,3,Ready to use Software,Tier 1,Austria,47.6964719,13.3457347
Open,3970,Low,Email,Product setup,2nd line support,Adolpho Messingham,27-12-2023 00:37,29-12-2023 00:37,27-12-2023 01:37,,SLA Violated,,SLA Violated,,,,Custom software development,Tier 2,France,48.864716,2.349014
Resolved,3971,High,Chat,Product setup,1st line support,Sheela Cutten,27-12-2023 19:22,28-12-2023 19:22,27-12-2023 19:24,24:55.3,SLA Violated,55:48.9,SLA Violated,,2,,Custom software development,Tier 1,Italy,43.036776,12.678565
Resolved,3972,High,Chat,Product setup,2nd line support,Adolpho Messingham,27-12-2023 18:55,28-12-2023 18:55,27-12-2023 18:57,56:28.7,Within SLA,43:53.1,Within SLA,,2,,Ready to use Software,Tier 2,Austria,47.6964719,13.3457347
Closed,3973,High,Email,Pricing and licensing,1st line support,Nicola Wane,27-12-2023 15:22,29-12-2023 15:22,27-12-2023 16:22,42:15.5,Within SLA,26:42.7,Within SLA,38:36.9,5,2,Other,Tier 1,Italy,43.036776,12.678565
Closed,3975,High,Email,Product setup,2nd line support,Michele Whyatt,28-12-2023 19:21,30-12-2023 19:21,28-12-2023 20:21,01:13.1,Within SLA,00:19.1,Within SLA,11:11.1,10,5,Ready to use Software,Tier 2,United Kingdom,55.378052,-3.435973
Resolved,3976,Medium,Chat,Feature request,1st line support,Bernard Beckley,28-12-2023 12:19,29-12-2023 12:19,28-12-2023 12:21,21:15.4,Within SLA,10:30.0,SLA Violated,,6,,Custom software development,Tier 1,Germany,51.165691,10.451526
Closed,3978,Low,Email,Feature request,1st line support,Bernard Beckley,29-12-2023 21:30,31-12-2023 21:30,29-12-2023 22:30,28:35.0,Within SLA,38:04.9,Within SLA,24:55.6,1,2,Custom software development,Tier 1,Poland,52.536273,19.050639
Closed,3979,Low,Email,Pricing and licensing,2nd line support,Michele Whyatt,29-12-2023 14:27,31-12-2023 14:27,29-12-2023 15:27,40:41.4,Within SLA,06:24.3,Within SLA,55:57.4,1,3,Ready to use Software,Tier 2,United Kingdom,55.378052,-3.435973
Resolved,3981,Low,Chat,Bug report,1st line support,Sheela Cutten,29-12-2023 14:59,30-12-2023 14:59,29-12-2023 15:01,00:30.3,Within SLA,48:35.3,SLA Violated,,6,,Ready to use Software,Tier 1,United Kingdom,55.378052,-3.435973
Closed,3982,High,Email,Feature request,1st line support,Bernard Beckley,29-12-2023 16:43,31-12-2023 16:43,29-12-2023 17:43,11:24.4,Within SLA,20:50.8,SLA Violated,41:48.6,1,4,Ready to use Software,Tier 1,Germany,51.165691,10.451526
Resolved,3983,High,Email,Product setup,1st line support,Bernard Beckley,29-12-2023 12:16,31-12-2023 12:16,29-12-2023 13:16,59:58.7,Within SLA,40:52.6,Within SLA,,7,,Ready to use Software,Tier 1,Greece,39.368279,21.863141
Resolved,3984,Medium,Chat,Bug report,1st line support,Bernard Beckley,29-12-2023 14:00,30-12-2023 14:00,29-12-2023 14:02,02:10.7,Within SLA,29:16.6,Within SLA,,5,,Ready to use Software,Tier 1,Spain,39.67337,-4.767726
Closed,3985,Low,Chat,Feature request,2nd line support,Adolpho Messingham,29-12-2023 16:29,30-12-2023 16:29,29-12-2023 16:31,31:38.4,SLA Violated,10:38.2,Within SLA,37:59.5,6,4,Custom software development,Tier 2,Slovenia,46.1491664,14.9860106
In progress,3986,High,Email,Purchasing and invoicing,1st line support,Sheela Cutten,29-12-2023 21:52,31-12-2023 21:52,29-12-2023 22:52,46:57.8,Within SLA,,Within SLA,,1,,Training and Consulting Services,Tier 1,Slovenia,46.1491664,14.9860106
Resolved,3987,Low,Chat,Product setup,2nd line support,Heather Urry,29-12-2023 15:20,30-12-2023 15:20,29-12-2023 15:22,22:17.0,Within SLA,05:38.4,Within SLA,,6,,Custom software development,Tier 2,France,48.864716,2.349014
Resolved,3988,Low,Email,Product setup,1st line support,Connor Danielovitch,29-12-2023 03:33,31-12-2023 03:33,29-12-2023 04:33,29:37.4,Within SLA,38:54.7,Within SLA,,1,,Ready to use Software,Tier 1,Spain,39.67337,-4.767726
Resolved,3996,Medium,Email,Pricing and licensing,1st line support,Connor Danielovitch,30-12-2023 03:11,01-01-2024 03:11,30-12-2023 04:11,09:58.7,Within SLA,49:05.1,Within SLA,,1,,Custom software development,Tier 1,Slovenia,46.1491664,14.9860106
Resolved,3997,High,Email,Feature request,2nd line support,Michele Whyatt,30-12-2023 04:51,01-01-2024 04:51,30-12-2023 05:51,54:27.0,Within SLA,39:41.1,SLA Violated,,1,,Other,Tier 2,Republic of Ireland,53.094024,-8.019675
Resolved,3998,Low,Email,Product setup,1st line support,Kristos Westoll,30-12-2023 13:16,01-01-2024 13:16,30-12-2023 14:16,53:21.1,Within SLA,25:16.8,Within SLA,,10,,Custom software development,Tier 1,Republic of Ireland,53.094024,-8.019675
Resolved,3999,High,Email,Feature request,1st line support,Sheela Cutten,30-12-2023 19:49,01-01-2024 19:49,30-12-2023 20:49,18:08.2,Within SLA,17:15.2,Within SLA,,2,,Custom software development,Tier 1,Germany,51.165691,10.451526
